"role","fileName","parentDirectory","absolutePath","bytes","sha256"
"execution-v1/finalizer/record.json","record.json","/nfs/roberts/project/pi_jss233/zc362/chrono_divide/research-evidence/unified-intent-arbiter-v2/d1/execution-v1/finalizer","/nfs/roberts/project/pi_jss233/zc362/chrono_divide/research-evidence/unified-intent-arbiter-v2/d1/execution-v1/finalizer/record.json","2762280","8bd48913a5353ef830b965f862876cd2d814599b7341314310b2d56caf2da14b"
"independent-audit-v2/output/audit.json","audit.json","/nfs/roberts/project/pi_jss233/zc362/chrono_divide/research-evidence/unified-intent-arbiter-v2/d1/independent-audit-v2/output","/nfs/roberts/project/pi_jss233/zc362/chrono_divide/research-evidence/unified-intent-arbiter-v2/d1/independent-audit-v2/output/audit.json","6356","6f9e3f0ec79965d52c1e07cd9fe532d7f8e2e87fc95e672bd22d2d70ce254c4c"
"audit-verification-v2.json","audit-verification-v2.json","/nfs/roberts/project/pi_jss233/zc362/chrono_divide/research-evidence/unified-intent-arbiter-v2/d1","/nfs/roberts/project/pi_jss233/zc362/chrono_divide/research-evidence/unified-intent-arbiter-v2/d1/audit-verification-v2.json","7530","96d3bb74741509a8cab86f45d6d45040c3f8ff87f0177f3bfc48a6320e3a5f79"
"execution-v1/manifest/record.json","record.json","/nfs/roberts/project/pi_jss233/zc362/chrono_divide/research-evidence/unified-intent-arbiter-v2/d1/execution-v1/manifest","/nfs/roberts/project/pi_jss233/zc362/chrono_divide/research-evidence/unified-intent-arbiter-v2/d1/execution-v1/manifest/record.json","227973","b677746ad35715fda936ae23635583fb383f4f0cabc76e6f11516129f19b2aa0"
"independent-audit-v2/output/actions.json","actions.json","/nfs/roberts/project/pi_jss233/zc362/chrono_divide/research-evidence/unified-intent-arbiter-v2/d1/independent-audit-v2/output","/nfs/roberts/project/pi_jss233/zc362/chrono_divide/research-evidence/unified-intent-arbiter-v2/d1/independent-audit-v2/output/actions.json","2038086","ac208f5752e570c128a52234ab55e6b3296df81725de51eed013115524139b90"
"independent-audit-v2/output/statistics.json","statistics.json","/nfs/roberts/project/pi_jss233/zc362/chrono_divide/research-evidence/unified-intent-arbiter-v2/d1/independent-audit-v2/output","/nfs/roberts/project/pi_jss233/zc362/chrono_divide/research-evidence/unified-intent-arbiter-v2/d1/independent-audit-v2/output/statistics.json","1767005","f83afdb38ef46cfa531084b84adfa807dc37fdb3abdd5a9e91844ace57867ff9"
"independent-audit-v2/output/endpoints.json","endpoints.json","/nfs/roberts/project/pi_jss233/zc362/chrono_divide/research-evidence/unified-intent-arbiter-v2/d1/independent-audit-v2/output","/nfs/roberts/project/pi_jss233/zc362/chrono_divide/research-evidence/unified-intent-arbiter-v2/d1/independent-audit-v2/output/endpoints.json","283898","c81c7240df958e54e5b2b29ebf9cf86c8d1fda99b7ba2cf141d1205f78bb1bc2"
"completion-reconciliation-v1.json","completion-reconciliation-v1.json","/nfs/roberts/project/pi_jss233/zc362/chrono_divide/research-evidence/unified-intent-arbiter-v2/d1","/nfs/roberts/project/pi_jss233/zc362/chrono_divide/research-evidence/unified-intent-arbiter-v2/d1/completion-reconciliation-v1.json","160892","7674cd829b5a42a46d72df45368717cd807c394bee3958b01016d063039b600f"
"independent-audit-failure-v1.json","independent-audit-failure-v1.json","/nfs/roberts/project/pi_jss233/zc362/chrono_divide/research-evidence/unified-intent-arbiter-v2/d1","/nfs/roberts/project/pi_jss233/zc362/chrono_divide/research-evidence/unified-intent-arbiter-v2/d1/independent-audit-failure-v1.json","7971","32eae3bb7d1f749009a23f917769c6045e78af4d108292b353d75228aa4e7d73"
"bound artifact","pure-independent-audit-v1.json","/nfs/roberts/project/pi_jss233/zc362/chrono_divide/research-evidence/unified-intent-arbiter-v2/d1","/nfs/roberts/project/pi_jss233/zc362/chrono_divide/research-evidence/unified-intent-arbiter-v2/d1/pure-independent-audit-v1.json","20927","3933381300526d7d363621c3ba9df04dd388aad9064b67d4c0d4d3f11e809c94"
"bound artifact","audit.json","/nfs/roberts/project/pi_jss233/zc362/chrono_divide/research-evidence/unified-intent-arbiter-v2/d1/selector-independent-audit-v1/output","/nfs/roberts/project/pi_jss233/zc362/chrono_divide/research-evidence/unified-intent-arbiter-v2/d1/selector-independent-audit-v1/output/audit.json","8511","0a23a361dcaa5a64a01e3d32979e24eca82a0dc5d1a27fa9f7c664a39cc4f4ad"
"bound artifact","selector-audit-verification-v1.json","/nfs/roberts/project/pi_jss233/zc362/chrono_divide/research-evidence/unified-intent-arbiter-v2/d1","/nfs/roberts/project/pi_jss233/zc362/chrono_divide/research-evidence/unified-intent-arbiter-v2/d1/selector-audit-verification-v1.json","5536","adf981b519bee80c64486e866ce131a264b0094e930f4a784d4035a27464b845"
"bound artifact","audit.json","/nfs/roberts/project/pi_jss233/zc362/chrono_divide/research-evidence/unified-intent-arbiter-v2/d1/canary-independent-audit-v1/output","/nfs/roberts/project/pi_jss233/zc362/chrono_divide/research-evidence/unified-intent-arbiter-v2/d1/canary-independent-audit-v1/output/audit.json","19511","75752a60ec745f98583e420751bb4c0e0f0644f819c546a5b30ec9a05e94c0a3"
"bound artifact","canary-audit-verification-v1.json","/nfs/roberts/project/pi_jss233/zc362/chrono_divide/research-evidence/unified-intent-arbiter-v2/d1","/nfs/roberts/project/pi_jss233/zc362/chrono_divide/research-evidence/unified-intent-arbiter-v2/d1/canary-audit-verification-v1.json","4988","e421d01ee1274c976d48b8b49e552f45a26825fed6c501858b126a86b9c4ad3d"
"bound artifact","audit.json","/nfs/roberts/project/pi_jss233/zc362/chrono_divide/research-evidence/unified-intent-arbiter-v2/d1/smoke-independent-audit-v2/output","/nfs/roberts/project/pi_jss233/zc362/chrono_divide/research-evidence/unified-intent-arbiter-v2/d1/smoke-independent-audit-v2/output/audit.json","9499","c96a0fc2e885b2836799d8577b1ed45d7854d3a7805e063aabe59fed29e17c81"
"bound artifact","smoke-audit-verification-v2.json","/nfs/roberts/project/pi_jss233/zc362/chrono_divide/research-evidence/unified-intent-arbiter-v2/d1","/nfs/roberts/project/pi_jss233/zc362/chrono_divide/research-evidence/unified-intent-arbiter-v2/d1/smoke-audit-verification-v2.json","7647","383670b768f454d0507ce3e7f333f81ade908170ebb0a13c6d25ce1cad0b8266"
"bound artifact","launch-pairs-intent-v1.json","/nfs/roberts/project/pi_jss233/zc362/chrono_divide/research-evidence/unified-intent-arbiter-v2/d1","/nfs/roberts/project/pi_jss233/zc362/chrono_divide/research-evidence/unified-intent-arbiter-v2/d1/launch-pairs-intent-v1.json","452","4ada45284bf0f1f52fda5329b88c6a9546d422825a601e9b038a3444ba350e14"
"bound artifact","launch-pairs-v1.json","/nfs/roberts/project/pi_jss233/zc362/chrono_divide/research-evidence/unified-intent-arbiter-v2/d1","/nfs/roberts/project/pi_jss233/zc362/chrono_divide/research-evidence/unified-intent-arbiter-v2/d1/launch-pairs-v1.json","1309","2170b8d9300e68e3617cc8051b03c6e685cf8b119737b2ab982dcfde7175ca55"
"bound artifact","launch-pairs-finalizer-v1.json","/nfs/roberts/project/pi_jss233/zc362/chrono_divide/research-evidence/unified-intent-arbiter-v2/d1","/nfs/roberts/project/pi_jss233/zc362/chrono_divide/research-evidence/unified-intent-arbiter-v2/d1/launch-pairs-finalizer-v1.json","1404","5f12fd51303e4ede6fa1bc4011cd362d6a3b8415b4141eb251cda3c4b0f2a858"
"bound artifact","unified-intent-d1.mjs","/nfs/roberts/project/pi_jss233/zc362/chrono_divide/strong-chronodivide-bot/research/scripts","/nfs/roberts/project/pi_jss233/zc362/chrono_divide/strong-chronodivide-bot/research/scripts/unified-intent-d1.mjs","17091","61a3d2de51c60b3bc910e9a358dc1ef0324337e1c9c7535694379490652e14b0"
"bound artifact","unified-intent-d1-pure.mjs","/nfs/roberts/project/pi_jss233/zc362/chrono_divide/strong-chronodivide-bot/research/scripts","/nfs/roberts/project/pi_jss233/zc362/chrono_divide/strong-chronodivide-bot/research/scripts/unified-intent-d1-pure.mjs","7201","bd65c656597fffd0c275db78ee7fd7f42b1be9d2b34cf1bf1390190855a11b40"
"bound artifact","submit-unified-intent-d1.mjs","/nfs/roberts/project/pi_jss233/zc362/chrono_divide/strong-chronodivide-bot/research/scripts","/nfs/roberts/project/pi_jss233/zc362/chrono_divide/strong-chronodivide-bot/research/scripts/submit-unified-intent-d1.mjs","7052","c54570df49196a9803e6d0bdbe9ea27ce443ed34569ccae60f250ebd7964830d"
"bound artifact","unified-intent-d1-analysis.mjs","/nfs/roberts/project/pi_jss233/zc362/chrono_divide/strong-chronodivide-bot/research/runtime","/nfs/roberts/project/pi_jss233/zc362/chrono_divide/strong-chronodivide-bot/research/runtime/unified-intent-d1-analysis.mjs","20234","365e8770feaec886ccbf64bc08b2620e9c5d2aae219d4b8984cb55f9ae23afb9"
"bound artifact","unified-intent-d1-io.mjs","/nfs/roberts/project/pi_jss233/zc362/chrono_divide/strong-chronodivide-bot/research/runtime","/nfs/roberts/project/pi_jss233/zc362/chrono_divide/strong-chronodivide-bot/research/runtime/unified-intent-d1-io.mjs","12187","2f1647a03fe958fce90de69dfce3470623ea676bb50405a1d54b6e7bd656a8f9"
"bound artifact","unified-intent-d1-context.mjs","/nfs/roberts/project/pi_jss233/zc362/chrono_divide/strong-chronodivide-bot/research/runtime","/nfs/roberts/project/pi_jss233/zc362/chrono_divide/strong-chronodivide-bot/research/runtime/unified-intent-d1-context.mjs","19392","78a60eedb24eb489bcaee7e4492e95c82e21d065d84f6e6df73d34199712cbb8"
"bound artifact","unified-intent-d1-validation.mjs","/nfs/roberts/project/pi_jss233/zc362/chrono_divide/strong-chronodivide-bot/research/runtime","/nfs/roberts/project/pi_jss233/zc362/chrono_divide/strong-chronodivide-bot/research/runtime/unified-intent-d1-validation.mjs","12990","962c9dcfb2d54e8dae371d2dacfca8501ae159ab6bd37e58e76e502102833014"
"bound artifact","unified-intent-d1-golden.mjs","/nfs/roberts/project/pi_jss233/zc362/chrono_divide/strong-chronodivide-bot/research/runtime","/nfs/roberts/project/pi_jss233/zc362/chrono_divide/strong-chronodivide-bot/research/runtime/unified-intent-d1-golden.mjs","6774","7761e48a1b801d6ae88011b643f0d7047ec468915a5a625d4d2c83a5b6839ce5"
"bound artifact","unified-intent-d1-prechange.json","/nfs/roberts/project/pi_jss233/zc362/chrono_divide/strong-chronodivide-bot/research/fixtures","/nfs/roberts/project/pi_jss233/zc362/chrono_divide/strong-chronodivide-bot/research/fixtures/unified-intent-d1-prechange.json","216968","4355d25c733807c3fd5cc7f4b5a9cb25e77769dc2d34fd603d6f7e814a905b1c"
"bound artifact","unified-intent-d1-analysis.test.mjs","/nfs/roberts/project/pi_jss233/zc362/chrono_divide/strong-chronodivide-bot/research/tests","/nfs/roberts/project/pi_jss233/zc362/chrono_divide/strong-chronodivide-bot/research/tests/unified-intent-d1-analysis.test.mjs","12602","9e6cd9c03e6584a2c902a13f3aa2ccdf2154b49c32fd6166cd92e2167e862e17"
"bound artifact","unified-intent-d1-runtime.test.mjs","/nfs/roberts/project/pi_jss233/zc362/chrono_divide/strong-chronodivide-bot/research/tests","/nfs/roberts/project/pi_jss233/zc362/chrono_divide/strong-chronodivide-bot/research/tests/unified-intent-d1-runtime.test.mjs","9942","c395245607df6c99ec3a7ca69d7569f18f93bf926c465b0420c907492248524b"
"bound artifact","unified-intent-d1-golden.test.mjs","/nfs/roberts/project/pi_jss233/zc362/chrono_divide/strong-chronodivide-bot/research/tests","/nfs/roberts/project/pi_jss233/zc362/chrono_divide/strong-chronodivide-bot/research/tests/unified-intent-d1-golden.test.mjs","880","e186b5bae6d220ff3893b42a5c156d7a35288cb4ca4bb49c58a3d996c425037f"
"bound artifact","explicit-start-loader-v1.mjs","/nfs/roberts/project/pi_jss233/zc362/chrono_divide/strong-chronodivide-bot/research/runtime","/nfs/roberts/project/pi_jss233/zc362/chrono_divide/strong-chronodivide-bot/research/runtime/explicit-start-loader-v1.mjs","855","9cd22887ab3ae3206b0c6cb8d91a15593dd2a2dd073ad36d9b5b9827dac46cac"
"bound artifact","explicit-start-transform-v1.mjs","/nfs/roberts/project/pi_jss233/zc362/chrono_divide/strong-chronodivide-bot/research/runtime","/nfs/roberts/project/pi_jss233/zc362/chrono_divide/strong-chronodivide-bot/research/runtime/explicit-start-transform-v1.mjs","2645","d36371064697371a53ecece243ddc086db1b481d210d84c549dcd5d0eb9ea32a"
"bound artifact","unified_intent_d1_pure.sbatch","/nfs/roberts/project/pi_jss233/zc362/chrono_divide/strong-chronodivide-bot/research/slurm","/nfs/roberts/project/pi_jss233/zc362/chrono_divide/strong-chronodivide-bot/research/slurm/unified_intent_d1_pure.sbatch","1540","1b0bb04ad0381fe9a4d4b7aa0fb301a50f26f085c54a1c0d5d7d6f06aefcd2c7"
"bound artifact","unified_intent_d1_stage.sbatch","/nfs/roberts/project/pi_jss233/zc362/chrono_divide/strong-chronodivide-bot/research/slurm","/nfs/roberts/project/pi_jss233/zc362/chrono_divide/strong-chronodivide-bot/research/slurm/unified_intent_d1_stage.sbatch","1918","35552408a768e7ec018ee2c764d63a47dcc2966030a5ee6b0805d71235fb269e"
"bound artifact","2026-09-22-command-budget-diagnostic-d1.md","/nfs/roberts/project/pi_jss233/zc362/chrono_divide/strong-chronodivide-bot/research/protocols/method","/nfs/roberts/project/pi_jss233/zc362/chrono_divide/strong-chronodivide-bot/research/protocols/method/2026-09-22-command-budget-diagnostic-d1.md","10069","151c4cd5719459b8a6dc218f17d55f7fbc563803a11d6a0b7298a0a121247ebe"
"bound artifact","package.json","/nfs/roberts/project/pi_jss233/zc362/chrono_divide/strong-chronodivide-bot/packages/chronodivide-bot-driver","/nfs/roberts/project/pi_jss233/zc362/chrono_divide/strong-chronodivide-bot/packages/chronodivide-bot-driver/package.json","5608","b11370a9011726e12591961c31b9c002239b86dcbc7df12eb6702733b9ac5861"
"bound artifact","pnpm-lock.yaml","/nfs/roberts/project/pi_jss233/zc362/chrono_divide/strong-chronodivide-bot/packages/chronodivide-bot-driver","/nfs/roberts/project/pi_jss233/zc362/chrono_divide/strong-chronodivide-bot/packages/chronodivide-bot-driver/pnpm-lock.yaml","39007","f784db7ae4e0e26b82cd4632818d4a660b931267efa5f03a1e792c363ec9139f"
"bound artifact","package-lock.json","/nfs/roberts/project/pi_jss233/zc362/chrono_divide/strong-chronodivide-bot","/nfs/roberts/project/pi_jss233/zc362/chrono_divide/strong-chronodivide-bot/package-lock.json","77850","5854f0a70c2c2e6217beef35fc5820497ce9203e51cc2d399085b8250a0d6e65"
"bound artifact","unifiedIntentD1Plan.ts","/nfs/roberts/project/pi_jss233/zc362/chrono_divide/strong-chronodivide-bot/packages/chronodivide-bot-driver/src/training","/nfs/roberts/project/pi_jss233/zc362/chrono_divide/strong-chronodivide-bot/packages/chronodivide-bot-driver/src/training/unifiedIntentD1Plan.ts","4302","4c8300b28740aae239ea8a4a79dab4af8d8604a8e8f28ac32d3d06fbd8da84e6"
"bound artifact","unifiedIntentD1Plan.js","/nfs/roberts/project/pi_jss233/zc362/chrono_divide/strong-chronodivide-bot/packages/chronodivide-bot-driver/dist/training","/nfs/roberts/project/pi_jss233/zc362/chrono_divide/strong-chronodivide-bot/packages/chronodivide-bot-driver/dist/training/unifiedIntentD1Plan.js","3873","8a0e49106f9e22d803df962ead92b0a06118cbd2f95d42e81cd6523a62659d52"
"bound artifact","unifiedIntentD1Telemetry.ts","/nfs/roberts/project/pi_jss233/zc362/chrono_divide/strong-chronodivide-bot/packages/chronodivide-bot-driver/src/training","/nfs/roberts/project/pi_jss233/zc362/chrono_divide/strong-chronodivide-bot/packages/chronodivide-bot-driver/src/training/unifiedIntentD1Telemetry.ts","5773","83a90c19af83c7af6db18eda8699c1f1ce0d76159bd277737f7470eb212b260c"
"bound artifact","unifiedIntentD1Telemetry.js","/nfs/roberts/project/pi_jss233/zc362/chrono_divide/strong-chronodivide-bot/packages/chronodivide-bot-driver/dist/training","/nfs/roberts/project/pi_jss233/zc362/chrono_divide/strong-chronodivide-bot/packages/chronodivide-bot-driver/dist/training/unifiedIntentD1Telemetry.js","5444","f4fa952d29aa61825d1b591a16e8b24881eaf5f3c8e8b21bf1fb5b81c38d91df"
"bound artifact","unifiedIntentD1Episode.ts","/nfs/roberts/project/pi_jss233/zc362/chrono_divide/strong-chronodivide-bot/packages/chronodivide-bot-driver/src/training","/nfs/roberts/project/pi_jss233/zc362/chrono_divide/strong-chronodivide-bot/packages/chronodivide-bot-driver/src/training/unifiedIntentD1Episode.ts","11668","08a642e4d2ab1a0f8c4d9ce2251d86a0cae273143b8e0f2dfbdf37918d370083"
"bound artifact","unifiedIntentD1Episode.js","/nfs/roberts/project/pi_jss233/zc362/chrono_divide/strong-chronodivide-bot/packages/chronodivide-bot-driver/dist/training","/nfs/roberts/project/pi_jss233/zc362/chrono_divide/strong-chronodivide-bot/packages/chronodivide-bot-driver/dist/training/unifiedIntentD1Episode.js","11358","79ca171cf4752206e8e6a07075984a9c2c99d8f94b8cc0282a8003a13cb019ef"
"bound artifact","literalBuildingEliminationEndpoint.ts","/nfs/roberts/project/pi_jss233/zc362/chrono_divide/strong-chronodivide-bot/packages/chronodivide-bot-driver/src/training","/nfs/roberts/project/pi_jss233/zc362/chrono_divide/strong-chronodivide-bot/packages/chronodivide-bot-driver/src/training/literalBuildingEliminationEndpoint.ts","19210","de93c1c668abb38cd1b28273b083dc88dcd157300607ab4dc6c2b9ff24160069"
"bound artifact","literalBuildingEliminationEndpoint.js","/nfs/roberts/project/pi_jss233/zc362/chrono_divide/strong-chronodivide-bot/packages/chronodivide-bot-driver/dist/training","/nfs/roberts/project/pi_jss233/zc362/chrono_divide/strong-chronodivide-bot/packages/chronodivide-bot-driver/dist/training/literalBuildingEliminationEndpoint.js","13012","51abc0ae861322841d03971b26c709cbea5f9a4ceed4b1b827aec205adfda578"
"bound artifact","liveOwnedBuildingEliminationEndpointV6.ts","/nfs/roberts/project/pi_jss233/zc362/chrono_divide/strong-chronodivide-bot/packages/chronodivide-bot-driver/src/training","/nfs/roberts/project/pi_jss233/zc362/chrono_divide/strong-chronodivide-bot/packages/chronodivide-bot-driver/src/training/liveOwnedBuildingEliminationEndpointV6.ts","7066","3a84b15b9642d045099ed4eb927ef4c9116cd4183ebac30c249d008e0e64177a"
"bound artifact","liveOwnedBuildingEliminationEndpointV6.js","/nfs/roberts/project/pi_jss233/zc362/chrono_divide/strong-chronodivide-bot/packages/chronodivide-bot-driver/dist/training","/nfs/roberts/project/pi_jss233/zc362/chrono_divide/strong-chronodivide-bot/packages/chronodivide-bot-driver/dist/training/liveOwnedBuildingEliminationEndpointV6.js","5149","1ec063616a89ed6da779df1b55a34dbdc0ee5103c5b93f8f8dfc4afe940dcfca"
"bound artifact","liveOwnedBuildingSnapshotCandidate.ts","/nfs/roberts/project/pi_jss233/zc362/chrono_divide/strong-chronodivide-bot/packages/chronodivide-bot-driver/src/training","/nfs/roberts/project/pi_jss233/zc362/chrono_divide/strong-chronodivide-bot/packages/chronodivide-bot-driver/src/training/liveOwnedBuildingSnapshotCandidate.ts","1703","831b2b7f5baf3b5ee51688d4648537a4c2dde78887ce9f2cb66c4b075830270b"
"bound artifact","liveOwnedBuildingSnapshotCandidate.js","/nfs/roberts/project/pi_jss233/zc362/chrono_divide/strong-chronodivide-bot/packages/chronodivide-bot-driver/dist/training","/nfs/roberts/project/pi_jss233/zc362/chrono_divide/strong-chronodivide-bot/packages/chronodivide-bot-driver/dist/training/liveOwnedBuildingSnapshotCandidate.js","1526","9e6abc6d3ae2833c8c48377dc10e4349c1e788c8b87f8c4b32b77a6ada2ce6f7"
"bound artifact","passiveDualBuildingEndpoint.ts","/nfs/roberts/project/pi_jss233/zc362/chrono_divide/strong-chronodivide-bot/packages/chronodivide-bot-driver/src/training","/nfs/roberts/project/pi_jss233/zc362/chrono_divide/strong-chronodivide-bot/packages/chronodivide-bot-driver/src/training/passiveDualBuildingEndpoint.ts","4626","7419229132a65b7bc9d872811bf15ced8761efdb631e9212649466511eb1d8c9"
"bound artifact","passiveDualBuildingEndpoint.js","/nfs/roberts/project/pi_jss233/zc362/chrono_divide/strong-chronodivide-bot/packages/chronodivide-bot-driver/dist/training","/nfs/roberts/project/pi_jss233/zc362/chrono_divide/strong-chronodivide-bot/packages/chronodivide-bot-driver/dist/training/passiveDualBuildingEndpoint.js","3792","40f07603b25c436f35fa4f68df0322bd81f9f130bd9a29a5d629865d6525d476"
"bound artifact","unifiedIntentD1.test.ts","/nfs/roberts/project/pi_jss233/zc362/chrono_divide/strong-chronodivide-bot/packages/chronodivide-bot-driver/src/test","/nfs/roberts/project/pi_jss233/zc362/chrono_divide/strong-chronodivide-bot/packages/chronodivide-bot-driver/src/test/unifiedIntentD1.test.ts","12784","8892f9bd245c32889f57789426e539226f46535d79118c980490580b5fa71c8b"
"bound artifact","unifiedIntentD1Plan.test.ts","/nfs/roberts/project/pi_jss233/zc362/chrono_divide/strong-chronodivide-bot/packages/chronodivide-bot-driver/src/test","/nfs/roberts/project/pi_jss233/zc362/chrono_divide/strong-chronodivide-bot/packages/chronodivide-bot-driver/src/test/unifiedIntentD1Plan.test.ts","6020","6738140134ad5522bff7321139777635fa1179243483622406c76cca0ff39ff6"
"bound artifact","unifiedIntentD1Episode.test.ts","/nfs/roberts/project/pi_jss233/zc362/chrono_divide/strong-chronodivide-bot/packages/chronodivide-bot-driver/src/test","/nfs/roberts/project/pi_jss233/zc362/chrono_divide/strong-chronodivide-bot/packages/chronodivide-bot-driver/src/test/unifiedIntentD1Episode.test.ts","8865","2604e7ef0a49e01b84d08944d7bb2e1b1c08cc684e1103751fe04f0ebedc7731"
"bound artifact","unifiedIntentD1Rng.test.ts","/nfs/roberts/project/pi_jss233/zc362/chrono_divide/strong-chronodivide-bot/packages/chronodivide-bot-driver/src/test","/nfs/roberts/project/pi_jss233/zc362/chrono_divide/strong-chronodivide-bot/packages/chronodivide-bot-driver/src/test/unifiedIntentD1Rng.test.ts","8624","b55938bad7ba8fea16de1641b5a1848b462caf4014a3f08cfbf9a59c4ee0383a"
"bound artifact","strongBot.ts","/nfs/roberts/project/pi_jss233/zc362/chrono_divide/strong-chronodivide-bot/packages/chronodivide-bot/src/bot","/nfs/roberts/project/pi_jss233/zc362/chrono_divide/strong-chronodivide-bot/packages/chronodivide-bot/src/bot/strongBot.ts","201740","7385ce5d0131dea4f5d82367ea84a5aff4c5245f83a50449224e810317a3ac36"
"bound artifact","unifiedIntentArbiter.ts","/nfs/roberts/project/pi_jss233/zc362/chrono_divide/strong-chronodivide-bot/packages/chronodivide-bot/src/bot/logic/intent","/nfs/roberts/project/pi_jss233/zc362/chrono_divide/strong-chronodivide-bot/packages/chronodivide-bot/src/bot/logic/intent/unifiedIntentArbiter.ts","29137","39bd8e0c8d4b15801c6ce787f1e04703b43af6d1a13d9163bee69d1b470d6bff"
"bound artifact","unifiedIntentActionBoundary.ts","/nfs/roberts/project/pi_jss233/zc362/chrono_divide/strong-chronodivide-bot/packages/chronodivide-bot/src/bot/logic/intent","/nfs/roberts/project/pi_jss233/zc362/chrono_divide/strong-chronodivide-bot/packages/chronodivide-bot/src/bot/logic/intent/unifiedIntentActionBoundary.ts","8346","2d4f846df00d680cd4600c679f3f503c068ca283446973ae8f23979e24ae9dd7"
"bound artifact","unified-intent-v2-od1-io.mjs","/nfs/roberts/project/pi_jss233/zc362/chrono_divide/strong-chronodivide-bot/research/runtime","/nfs/roberts/project/pi_jss233/zc362/chrono_divide/strong-chronodivide-bot/research/runtime/unified-intent-v2-od1-io.mjs","10474","9c8f2fdb29c5755330b9b166c9e0098e5e86009f18fcc2d9aa1d84bbda818220"
"bound artifact","audit.mjs","/nfs/roberts/project/pi_jss233/zc362/chrono_divide/research-evidence/unified-intent-arbiter-v2/d1/independent-audit-v2","/nfs/roberts/project/pi_jss233/zc362/chrono_divide/research-evidence/unified-intent-arbiter-v2/d1/independent-audit-v2/audit.mjs","15289","fa693110cce478e8573a81d464e9b5308d864dedd0737036881f2eff49333cde"
"bound artifact","replay-core.mjs","/nfs/roberts/project/pi_jss233/zc362/chrono_divide/research-evidence/unified-intent-arbiter-v2/d1/independent-audit-v2","/nfs/roberts/project/pi_jss233/zc362/chrono_divide/research-evidence/unified-intent-arbiter-v2/d1/independent-audit-v2/replay-core.mjs","12504","a576e3cc72498ec76ec0d0f36e61a4a3052113c35637c277599239f4cbc1f86a"
"bound artifact","checks.mjs","/nfs/roberts/project/pi_jss233/zc362/chrono_divide/research-evidence/unified-intent-arbiter-v2/d1/independent-audit-v2","/nfs/roberts/project/pi_jss233/zc362/chrono_divide/research-evidence/unified-intent-arbiter-v2/d1/independent-audit-v2/checks.mjs","12241","269e126c779c16e1b9f5734c6d22a449ab582ac12aaade1cb90dde637d160865"
"bound artifact","statistics.mjs","/nfs/roberts/project/pi_jss233/zc362/chrono_divide/research-evidence/unified-intent-arbiter-v2/d1/independent-audit-v2","/nfs/roberts/project/pi_jss233/zc362/chrono_divide/research-evidence/unified-intent-arbiter-v2/d1/independent-audit-v2/statistics.mjs","11961","f5637d339ab085817bd1c6db9e079bbe784a2601e7256952975e62bbb6440f2c"
"bound artifact","selftest.mjs","/nfs/roberts/project/pi_jss233/zc362/chrono_divide/research-evidence/unified-intent-arbiter-v2/d1/independent-audit-v2","/nfs/roberts/project/pi_jss233/zc362/chrono_divide/research-evidence/unified-intent-arbiter-v2/d1/independent-audit-v2/selftest.mjs","9115","53f7326029c73a27334fb6cc5a132fdad39ea00bab7c7c6105cb63d482371224"
"bound artifact","schema-selftest.mjs","/nfs/roberts/project/pi_jss233/zc362/chrono_divide/research-evidence/unified-intent-arbiter-v2/d1/independent-audit-v2","/nfs/roberts/project/pi_jss233/zc362/chrono_divide/research-evidence/unified-intent-arbiter-v2/d1/independent-audit-v2/schema-selftest.mjs","5022","b753702909061474bdf1546cc160f51c63b5630853599f0275e436c027ff90bc"
"bound artifact","audit.sbatch","/nfs/roberts/project/pi_jss233/zc362/chrono_divide/research-evidence/unified-intent-arbiter-v2/d1/independent-audit-v2","/nfs/roberts/project/pi_jss233/zc362/chrono_divide/research-evidence/unified-intent-arbiter-v2/d1/independent-audit-v2/audit.sbatch","1123","b93f52a13beda2e9d9cf44183ee4ba8d4b99eea9d0225ef52095c0b30bbddbdc"
"bound artifact","syntax-checks-v2.json","/nfs/roberts/project/pi_jss233/zc362/chrono_divide/research-evidence/unified-intent-arbiter-v2/d1/independent-audit-v2","/nfs/roberts/project/pi_jss233/zc362/chrono_divide/research-evidence/unified-intent-arbiter-v2/d1/independent-audit-v2/syntax-checks-v2.json","633","54401a742094b896d5c38c09d1a519bc01d2fb9610ecf2729aab451bf6d2a591"
"bound artifact","selftest-result.json","/nfs/roberts/project/pi_jss233/zc362/chrono_divide/research-evidence/unified-intent-arbiter-v2/d1/independent-audit-v2","/nfs/roberts/project/pi_jss233/zc362/chrono_divide/research-evidence/unified-intent-arbiter-v2/d1/independent-audit-v2/selftest-result.json","3141","dda0f01f939eb5a9d62cea118bb2f195f733d3492b524db2c3b02776eb8df865"
"bound artifact","schema-selftest-result.json","/nfs/roberts/project/pi_jss233/zc362/chrono_divide/research-evidence/unified-intent-arbiter-v2/d1/independent-audit-v2","/nfs/roberts/project/pi_jss233/zc362/chrono_divide/research-evidence/unified-intent-arbiter-v2/d1/independent-audit-v2/schema-selftest-result.json","2719","ba68d1e3e0f74b91711ae7a891225b48e5c5b6b4590d3ede1492a7c42c2f6530"
"bound artifact","REPAIR.json","/nfs/roberts/project/pi_jss233/zc362/chrono_divide/research-evidence/unified-intent-arbiter-v2/d1/independent-audit-v2","/nfs/roberts/project/pi_jss233/zc362/chrono_divide/research-evidence/unified-intent-arbiter-v2/d1/independent-audit-v2/REPAIR.json","3595","abde8c210e7aa2071929b80cf43d49f12400aae8a71c0ca4c96ebf2de90f56aa"
"bound artifact","repair.diff","/nfs/roberts/project/pi_jss233/zc362/chrono_divide/research-evidence/unified-intent-arbiter-v2/d1/independent-audit-v2","/nfs/roberts/project/pi_jss233/zc362/chrono_divide/research-evidence/unified-intent-arbiter-v2/d1/independent-audit-v2/repair.diff","18635","e63f9c89e2b510e872c280dcf94aa2166154a1e58ee3e398ccc3a91c709fac86"
