"jobLabel","rawJobId","state","exitCode","account","partition","allocatedCpus","restarts","elapsedSeconds","totalCpu","maxRss","requestedMemory","timeLimitMinutes","requestedTres","allocatedTres"
"27365753","27365753","COMPLETED","0:0","pi_jss233","day","1","0","234","03:49.207","","24G","480","billing=1,cpu=1,mem=24G,node=1","billing=1,cpu=1,mem=24G,node=1"
"27365753.batch","27365753.batch","COMPLETED","0:0","pi_jss233","","1","","234","03:49.207","215188K","","","","cpu=1,mem=24G,node=1"
"27365753.extern","27365753.extern","COMPLETED","0:0","pi_jss233","","1","","234","00:00:00","","","","","billing=1,cpu=1,mem=24G,node=1"
"27365752_0","27365756","COMPLETED","0:0","pi_jss233","day","1","0","401","06:17.982","","8G","360","billing=1,cpu=1,mem=8G,node=1","billing=1,cpu=1,mem=8G,node=1"
"27365752_0.batch","27365756.batch","COMPLETED","0:0","pi_jss233","","1","","401","06:17.982","869012K","","","","cpu=1,mem=8G,node=1"
"27365752_0.extern","27365756.extern","COMPLETED","0:0","pi_jss233","","1","","401","00:00:00","","","","","billing=1,cpu=1,mem=8G,node=1"
"27365752_1","27365757","COMPLETED","0:0","pi_jss233","day","1","0","391","06:08.872","","8G","360","billing=1,cpu=1,mem=8G,node=1","billing=1,cpu=1,mem=8G,node=1"
"27365752_1.batch","27365757.batch","COMPLETED","0:0","pi_jss233","","1","","391","06:08.872","867104K","","","","cpu=1,mem=8G,node=1"
"27365752_1.extern","27365757.extern","COMPLETED","0:0","pi_jss233","","1","","391","00:00:00","","","","","billing=1,cpu=1,mem=8G,node=1"
"27365752_2","27365758","COMPLETED","0:0","pi_jss233","day","1","0","1959","32:07.419","","8G","360","billing=1,cpu=1,mem=8G,node=1","billing=1,cpu=1,mem=8G,node=1"
"27365752_2.batch","27365758.batch","COMPLETED","0:0","pi_jss233","","1","","1959","32:07.419","931732K","","","","cpu=1,mem=8G,node=1"
"27365752_2.extern","27365758.extern","COMPLETED","0:0","pi_jss233","","1","","1959","00:00:00","","","","","billing=1,cpu=1,mem=8G,node=1"
"27365752_3","27365759","COMPLETED","0:0","pi_jss233","day","1","0","1823","29:52.357","","8G","360","billing=1,cpu=1,mem=8G,node=1","billing=1,cpu=1,mem=8G,node=1"
"27365752_3.batch","27365759.batch","COMPLETED","0:0","pi_jss233","","1","","1823","29:52.357","982916K","","","","cpu=1,mem=8G,node=1"
"27365752_3.extern","27365759.extern","COMPLETED","0:0","pi_jss233","","1","","1823","00:00:00","","","","","billing=1,cpu=1,mem=8G,node=1"
"27365752_4","27365760","COMPLETED","0:0","pi_jss233","day","1","0","857","13:43.505","","8G","360","billing=1,cpu=1,mem=8G,node=1","billing=1,cpu=1,mem=8G,node=1"
"27365752_4.batch","27365760.batch","COMPLETED","0:0","pi_jss233","","1","","857","13:43.505","891576K","","","","cpu=1,mem=8G,node=1"
"27365752_4.extern","27365760.extern","COMPLETED","0:0","pi_jss233","","1","","857","00:00:00","","","","","billing=1,cpu=1,mem=8G,node=1"
"27365752_5","27365761","COMPLETED","0:0","pi_jss233","day","1","0","1214","19:39.611","","8G","360","billing=1,cpu=1,mem=8G,node=1","billing=1,cpu=1,mem=8G,node=1"
"27365752_5.batch","27365761.batch","COMPLETED","0:0","pi_jss233","","1","","1214","19:39.611","896300K","","","","cpu=1,mem=8G,node=1"
"27365752_5.extern","27365761.extern","COMPLETED","0:0","pi_jss233","","1","","1214","00:00:00","","","","","billing=1,cpu=1,mem=8G,node=1"
"27365752_6","27365762","COMPLETED","0:0","pi_jss233","day","1","0","1009","16:13.728","","8G","360","billing=1,cpu=1,mem=8G,node=1","billing=1,cpu=1,mem=8G,node=1"
"27365752_6.batch","27365762.batch","COMPLETED","0:0","pi_jss233","","1","","1009","16:13.728","904892K","","","","cpu=1,mem=8G,node=1"
"27365752_6.extern","27365762.extern","COMPLETED","0:0","pi_jss233","","1","","1009","00:00:00","","","","","billing=1,cpu=1,mem=8G,node=1"
"27365752_7","27365763","COMPLETED","0:0","pi_jss233","day","1","0","939","15:02.019","","8G","360","billing=1,cpu=1,mem=8G,node=1","billing=1,cpu=1,mem=8G,node=1"
"27365752_7.batch","27365763.batch","COMPLETED","0:0","pi_jss233","","1","","939","15:02.019","914072K","","","","cpu=1,mem=8G,node=1"
"27365752_7.extern","27365763.extern","COMPLETED","0:0","pi_jss233","","1","","939","00:00:00","","","","","billing=1,cpu=1,mem=8G,node=1"
"27365752_8","27365764","COMPLETED","0:0","pi_jss233","day","1","0","1766","28:49.235","","8G","360","billing=1,cpu=1,mem=8G,node=1","billing=1,cpu=1,mem=8G,node=1"
"27365752_8.batch","27365764.batch","COMPLETED","0:0","pi_jss233","","1","","1766","28:49.235","697288K","","","","cpu=1,mem=8G,node=1"
"27365752_8.extern","27365764.extern","COMPLETED","0:0","pi_jss233","","1","","1766","00:00:00","","","","","billing=1,cpu=1,mem=8G,node=1"
"27365752_9","27365765","COMPLETED","0:0","pi_jss233","day","1","0","1956","31:55.143","","8G","360","billing=1,cpu=1,mem=8G,node=1","billing=1,cpu=1,mem=8G,node=1"
"27365752_9.batch","27365765.batch","COMPLETED","0:0","pi_jss233","","1","","1956","31:55.143","700600K","","","","cpu=1,mem=8G,node=1"
"27365752_9.extern","27365765.extern","COMPLETED","0:0","pi_jss233","","1","","1956","00:00:00","","","","","billing=1,cpu=1,mem=8G,node=1"
"27365752_10","27365766","COMPLETED","0:0","pi_jss233","day","1","0","706","11:14.010","","8G","360","billing=1,cpu=1,mem=8G,node=1","billing=1,cpu=1,mem=8G,node=1"
"27365752_10.batch","27365766.batch","COMPLETED","0:0","pi_jss233","","1","","706","11:14.010","719408K","","","","cpu=1,mem=8G,node=1"
"27365752_10.extern","27365766.extern","COMPLETED","0:0","pi_jss233","","1","","706","00:00:00","","","","","billing=1,cpu=1,mem=8G,node=1"
"27365752_11","27365767","COMPLETED","0:0","pi_jss233","day","1","0","695","11:02.613","","8G","360","billing=1,cpu=1,mem=8G,node=1","billing=1,cpu=1,mem=8G,node=1"
"27365752_11.batch","27365767.batch","COMPLETED","0:0","pi_jss233","","1","","695","11:02.613","726648K","","","","cpu=1,mem=8G,node=1"
"27365752_11.extern","27365767.extern","COMPLETED","0:0","pi_jss233","","1","","695","00:00:00","","","","","billing=1,cpu=1,mem=8G,node=1"
"27365752_12","27365768","COMPLETED","0:0","pi_jss233","day","1","0","2264","37:03.615","","8G","360","billing=1,cpu=1,mem=8G,node=1","billing=1,cpu=1,mem=8G,node=1"
"27365752_12.batch","27365768.batch","COMPLETED","0:0","pi_jss233","","1","","2264","37:03.615","745820K","","","","cpu=1,mem=8G,node=1"
"27365752_12.extern","27365768.extern","COMPLETED","0:0","pi_jss233","","1","","2264","00:00:00","","","","","billing=1,cpu=1,mem=8G,node=1"
"27365752_13","27365769","COMPLETED","0:0","pi_jss233","day","1","0","3030","49:47.023","","8G","360","billing=1,cpu=1,mem=8G,node=1","billing=1,cpu=1,mem=8G,node=1"
"27365752_13.batch","27365769.batch","COMPLETED","0:0","pi_jss233","","1","","3030","49:47.023","748372K","","","","cpu=1,mem=8G,node=1"
"27365752_13.extern","27365769.extern","COMPLETED","0:0","pi_jss233","","1","","3030","00:00:00","","","","","billing=1,cpu=1,mem=8G,node=1"
"27365752_14","27365770","COMPLETED","0:0","pi_jss233","day","1","0","1236","20:01.139","","8G","360","billing=1,cpu=1,mem=8G,node=1","billing=1,cpu=1,mem=8G,node=1"
"27365752_14.batch","27365770.batch","COMPLETED","0:0","pi_jss233","","1","","1236","20:01.139","722952K","","","","cpu=1,mem=8G,node=1"
"27365752_14.extern","27365770.extern","COMPLETED","0:0","pi_jss233","","1","","1236","00:00:00","","","","","billing=1,cpu=1,mem=8G,node=1"
"27365752_15","27365771","COMPLETED","0:0","pi_jss233","day","1","0","1972","32:14.495","","8G","360","billing=1,cpu=1,mem=8G,node=1","billing=1,cpu=1,mem=8G,node=1"
"27365752_15.batch","27365771.batch","COMPLETED","0:0","pi_jss233","","1","","1972","32:14.495","747516K","","","","cpu=1,mem=8G,node=1"
"27365752_15.extern","27365771.extern","COMPLETED","0:0","pi_jss233","","1","","1972","00:00:00","","","","","billing=1,cpu=1,mem=8G,node=1"
"27365752_16","27365772","COMPLETED","0:0","pi_jss233","day","1","0","349","05:16.780","","8G","360","billing=1,cpu=1,mem=8G,node=1","billing=1,cpu=1,mem=8G,node=1"
"27365752_16.batch","27365772.batch","COMPLETED","0:0","pi_jss233","","1","","349","05:16.780","852816K","","","","cpu=1,mem=8G,node=1"
"27365752_16.extern","27365772.extern","COMPLETED","0:0","pi_jss233","","1","","349","00:00:00","","","","","billing=1,cpu=1,mem=8G,node=1"
"27365752_17","27365773","COMPLETED","0:0","pi_jss233","day","1","0","1535","24:56.621","","8G","360","billing=1,cpu=1,mem=8G,node=1","billing=1,cpu=1,mem=8G,node=1"
"27365752_17.batch","27365773.batch","COMPLETED","0:0","pi_jss233","","1","","1535","24:56.621","901376K","","","","cpu=1,mem=8G,node=1"
"27365752_17.extern","27365773.extern","COMPLETED","0:0","pi_jss233","","1","","1535","00:00:00","","","","","billing=1,cpu=1,mem=8G,node=1"
"27365752_18","27365774","COMPLETED","0:0","pi_jss233","day","1","0","561","08:48.859","","8G","360","billing=1,cpu=1,mem=8G,node=1","billing=1,cpu=1,mem=8G,node=1"
"27365752_18.batch","27365774.batch","COMPLETED","0:0","pi_jss233","","1","","561","08:48.859","879900K","","","","cpu=1,mem=8G,node=1"
"27365752_18.extern","27365774.extern","COMPLETED","0:0","pi_jss233","","1","","561","00:00:00","","","","","billing=1,cpu=1,mem=8G,node=1"
"27365752_19","27365775","COMPLETED","0:0","pi_jss233","day","1","0","1424","23:06.225","","8G","360","billing=1,cpu=1,mem=8G,node=1","billing=1,cpu=1,mem=8G,node=1"
"27365752_19.batch","27365775.batch","COMPLETED","0:0","pi_jss233","","1","","1424","23:06.225","901556K","","","","cpu=1,mem=8G,node=1"
"27365752_19.extern","27365775.extern","COMPLETED","0:0","pi_jss233","","1","","1424","00:00:00","","","","","billing=1,cpu=1,mem=8G,node=1"
"27365752_20","27365776","COMPLETED","0:0","pi_jss233","day","1","0","957","15:24.030","","8G","360","billing=1,cpu=1,mem=8G,node=1","billing=1,cpu=1,mem=8G,node=1"
"27365752_20.batch","27365776.batch","COMPLETED","0:0","pi_jss233","","1","","957","15:24.030","890780K","","","","cpu=1,mem=8G,node=1"
"27365752_20.extern","27365776.extern","COMPLETED","0:0","pi_jss233","","1","","957","00:00:00","","","","","billing=1,cpu=1,mem=8G,node=1"
"27365752_21","27365777","COMPLETED","0:0","pi_jss233","day","1","0","1371","22:04.171","","8G","360","billing=1,cpu=1,mem=8G,node=1","billing=1,cpu=1,mem=8G,node=1"
"27365752_21.batch","27365777.batch","COMPLETED","0:0","pi_jss233","","1","","1371","22:04.171","884340K","","","","cpu=1,mem=8G,node=1"
"27365752_21.extern","27365777.extern","COMPLETED","0:0","pi_jss233","","1","","1371","00:00:00","","","","","billing=1,cpu=1,mem=8G,node=1"
"27365752_22","27365778","COMPLETED","0:0","pi_jss233","day","1","0","655","10:11.826","","8G","360","billing=1,cpu=1,mem=8G,node=1","billing=1,cpu=1,mem=8G,node=1"
"27365752_22.batch","27365778.batch","COMPLETED","0:0","pi_jss233","","1","","655","10:11.826","872860K","","","","cpu=1,mem=8G,node=1"
"27365752_22.extern","27365778.extern","COMPLETED","0:0","pi_jss233","","1","","655","00:00:00","","","","","billing=1,cpu=1,mem=8G,node=1"
"27365752_23","27365779","COMPLETED","0:0","pi_jss233","day","1","0","581","08:58.706","","8G","360","billing=1,cpu=1,mem=8G,node=1","billing=1,cpu=1,mem=8G,node=1"
"27365752_23.batch","27365779.batch","COMPLETED","0:0","pi_jss233","","1","","581","08:58.706","894404K","","","","cpu=1,mem=8G,node=1"
"27365752_23.extern","27365779.extern","COMPLETED","0:0","pi_jss233","","1","","581","00:00:00","","","","","billing=1,cpu=1,mem=8G,node=1"
"27365752_24","27365780","COMPLETED","0:0","pi_jss233","day","1","0","341","04:57.980","","8G","360","billing=1,cpu=1,mem=8G,node=1","billing=1,cpu=1,mem=8G,node=1"
"27365752_24.batch","27365780.batch","COMPLETED","0:0","pi_jss233","","1","","341","04:57.980","870416K","","","","cpu=1,mem=8G,node=1"
"27365752_24.extern","27365780.extern","COMPLETED","0:0","pi_jss233","","1","","342","00:00:00","","","","","billing=1,cpu=1,mem=8G,node=1"
"27365752_25","27365781","COMPLETED","0:0","pi_jss233","day","1","0","1046","16:40.732","","8G","360","billing=1,cpu=1,mem=8G,node=1","billing=1,cpu=1,mem=8G,node=1"
"27365752_25.batch","27365781.batch","COMPLETED","0:0","pi_jss233","","1","","1046","16:40.732","903328K","","","","cpu=1,mem=8G,node=1"
"27365752_25.extern","27365781.extern","COMPLETED","0:0","pi_jss233","","1","","1046","00:00:00","","","","","billing=1,cpu=1,mem=8G,node=1"
"27365752_26","27365782","COMPLETED","0:0","pi_jss233","day","1","0","1077","17:11.651","","8G","360","billing=1,cpu=1,mem=8G,node=1","billing=1,cpu=1,mem=8G,node=1"
"27365752_26.batch","27365782.batch","COMPLETED","0:0","pi_jss233","","1","","1077","17:11.651","902464K","","","","cpu=1,mem=8G,node=1"
"27365752_26.extern","27365782.extern","COMPLETED","0:0","pi_jss233","","1","","1077","00:00:00","","","","","billing=1,cpu=1,mem=8G,node=1"
"27365752_27","27365783","COMPLETED","0:0","pi_jss233","day","1","0","549","08:38.578","","8G","360","billing=1,cpu=1,mem=8G,node=1","billing=1,cpu=1,mem=8G,node=1"
"27365752_27.batch","27365783.batch","COMPLETED","0:0","pi_jss233","","1","","549","08:38.578","902348K","","","","cpu=1,mem=8G,node=1"
"27365752_27.extern","27365783.extern","COMPLETED","0:0","pi_jss233","","1","","549","00:00:00","","","","","billing=1,cpu=1,mem=8G,node=1"
"27365752_28","27365784","COMPLETED","0:0","pi_jss233","day","1","0","775","12:23.158","","8G","360","billing=1,cpu=1,mem=8G,node=1","billing=1,cpu=1,mem=8G,node=1"
"27365752_28.batch","27365784.batch","COMPLETED","0:0","pi_jss233","","1","","775","12:23.158","887600K","","","","cpu=1,mem=8G,node=1"
"27365752_28.extern","27365784.extern","COMPLETED","0:0","pi_jss233","","1","","775","00:00:00","","","","","billing=1,cpu=1,mem=8G,node=1"
"27365752_29","27365785","COMPLETED","0:0","pi_jss233","day","1","0","564","08:55.158","","8G","360","billing=1,cpu=1,mem=8G,node=1","billing=1,cpu=1,mem=8G,node=1"
"27365752_29.batch","27365785.batch","COMPLETED","0:0","pi_jss233","","1","","564","08:55.158","887552K","","","","cpu=1,mem=8G,node=1"
"27365752_29.extern","27365785.extern","COMPLETED","0:0","pi_jss233","","1","","565","00:00:00","","","","","billing=1,cpu=1,mem=8G,node=1"
"27365752_30","27365786","COMPLETED","0:0","pi_jss233","day","1","0","524","08:13.639","","8G","360","billing=1,cpu=1,mem=8G,node=1","billing=1,cpu=1,mem=8G,node=1"
"27365752_30.batch","27365786.batch","COMPLETED","0:0","pi_jss233","","1","","524","08:13.639","889764K","","","","cpu=1,mem=8G,node=1"
"27365752_30.extern","27365786.extern","COMPLETED","0:0","pi_jss233","","1","","524","00:00:00","","","","","billing=1,cpu=1,mem=8G,node=1"
"27365752_31","27365787","COMPLETED","0:0","pi_jss233","day","1","0","841","13:29.220","","8G","360","billing=1,cpu=1,mem=8G,node=1","billing=1,cpu=1,mem=8G,node=1"
"27365752_31.batch","27365787.batch","COMPLETED","0:0","pi_jss233","","1","","841","13:29.220","898276K","","","","cpu=1,mem=8G,node=1"
"27365752_31.extern","27365787.extern","COMPLETED","0:0","pi_jss233","","1","","841","00:00:00","","","","","billing=1,cpu=1,mem=8G,node=1"
"27365752_32","27365896","COMPLETED","0:0","pi_jss233","day","1","0","557","09:02.190","","8G","360","billing=1,cpu=1,mem=8G,node=1","billing=1,cpu=1,mem=8G,node=1"
"27365752_32.batch","27365896.batch","COMPLETED","0:0","pi_jss233","","1","","557","09:02.190","862592K","","","","cpu=1,mem=8G,node=1"
"27365752_32.extern","27365896.extern","COMPLETED","0:0","pi_jss233","","1","","557","00:00:00","","","","","billing=1,cpu=1,mem=8G,node=1"
"27365752_33","27365898","COMPLETED","0:0","pi_jss233","day","1","0","1700","27:53.220","","8G","360","billing=1,cpu=1,mem=8G,node=1","billing=1,cpu=1,mem=8G,node=1"
"27365752_33.batch","27365898.batch","COMPLETED","0:0","pi_jss233","","1","","1700","27:53.220","1018484K","","","","cpu=1,mem=8G,node=1"
"27365752_33.extern","27365898.extern","COMPLETED","0:0","pi_jss233","","1","","1700","00:00:00","","","","","billing=1,cpu=1,mem=8G,node=1"
"27365752_34","27365902","COMPLETED","0:0","pi_jss233","day","1","0","1278","20:50.983","","8G","360","billing=1,cpu=1,mem=8G,node=1","billing=1,cpu=1,mem=8G,node=1"
"27365752_34.batch","27365902.batch","COMPLETED","0:0","pi_jss233","","1","","1278","20:50.983","986592K","","","","cpu=1,mem=8G,node=1"
"27365752_34.extern","27365902.extern","COMPLETED","0:0","pi_jss233","","1","","1278","00:00:00","","","","","billing=1,cpu=1,mem=8G,node=1"
"27365752_35","27365903","COMPLETED","0:0","pi_jss233","day","1","0","905","14:49.937","","8G","360","billing=1,cpu=1,mem=8G,node=1","billing=1,cpu=1,mem=8G,node=1"
"27365752_35.batch","27365903.batch","COMPLETED","0:0","pi_jss233","","1","","905","14:49.937","931172K","","","","cpu=1,mem=8G,node=1"
"27365752_35.extern","27365903.extern","COMPLETED","0:0","pi_jss233","","1","","905","00:00:00","","","","","billing=1,cpu=1,mem=8G,node=1"
"27365752_36","27365951","COMPLETED","0:0","pi_jss233","day","1","0","277","04:27.923","","8G","360","billing=1,cpu=1,mem=8G,node=1","billing=1,cpu=1,mem=8G,node=1"
"27365752_36.batch","27365951.batch","COMPLETED","0:0","pi_jss233","","1","","277","04:27.923","898572K","","","","cpu=1,mem=8G,node=1"
"27365752_36.extern","27365951.extern","COMPLETED","0:0","pi_jss233","","1","","277","00:00:00","","","","","billing=1,cpu=1,mem=8G,node=1"
"27365752_37","27365954","COMPLETED","0:0","pi_jss233","day","1","0","810","13:16.731","","8G","360","billing=1,cpu=1,mem=8G,node=1","billing=1,cpu=1,mem=8G,node=1"
"27365752_37.batch","27365954.batch","COMPLETED","0:0","pi_jss233","","1","","810","13:16.731","927600K","","","","cpu=1,mem=8G,node=1"
"27365752_37.extern","27365954.extern","COMPLETED","0:0","pi_jss233","","1","","810","00:00:00","","","","","billing=1,cpu=1,mem=8G,node=1"
"27365752_38","27365958","COMPLETED","0:0","pi_jss233","day","1","0","804","13:13.028","","8G","360","billing=1,cpu=1,mem=8G,node=1","billing=1,cpu=1,mem=8G,node=1"
"27365752_38.batch","27365958.batch","COMPLETED","0:0","pi_jss233","","1","","804","13:13.028","927720K","","","","cpu=1,mem=8G,node=1"
"27365752_38.extern","27365958.extern","COMPLETED","0:0","pi_jss233","","1","","804","00:00:00","","","","","billing=1,cpu=1,mem=8G,node=1"
"27365752_39","27365960","COMPLETED","0:0","pi_jss233","day","1","0","1261","20:51.421","","8G","360","billing=1,cpu=1,mem=8G,node=1","billing=1,cpu=1,mem=8G,node=1"
"27365752_39.batch","27365960.batch","COMPLETED","0:0","pi_jss233","","1","","1261","20:51.421","949388K","","","","cpu=1,mem=8G,node=1"
"27365752_39.extern","27365960.extern","COMPLETED","0:0","pi_jss233","","1","","1261","00:00:00","","","","","billing=1,cpu=1,mem=8G,node=1"
"27365752_40","27365976","COMPLETED","0:0","pi_jss233","day","1","0","309","05:04.717","","8G","360","billing=1,cpu=1,mem=8G,node=1","billing=1,cpu=1,mem=8G,node=1"
"27365752_40.batch","27365976.batch","COMPLETED","0:0","pi_jss233","","1","","309","05:04.717","836124K","","","","cpu=1,mem=8G,node=1"
"27365752_40.extern","27365976.extern","COMPLETED","0:0","pi_jss233","","1","","309","00:00:00","","","","","billing=1,cpu=1,mem=8G,node=1"
"27365752_41","27366020","COMPLETED","0:0","pi_jss233","day","1","0","1172","19:24.240","","8G","360","billing=1,cpu=1,mem=8G,node=1","billing=1,cpu=1,mem=8G,node=1"
"27365752_41.batch","27366020.batch","COMPLETED","0:0","pi_jss233","","1","","1172","19:24.240","868504K","","","","cpu=1,mem=8G,node=1"
"27365752_41.extern","27366020.extern","COMPLETED","0:0","pi_jss233","","1","","1172","00:00:00","","","","","billing=1,cpu=1,mem=8G,node=1"
"27365752_42","27366037","COMPLETED","0:0","pi_jss233","day","1","0","1115","18:26.242","","8G","360","billing=1,cpu=1,mem=8G,node=1","billing=1,cpu=1,mem=8G,node=1"
"27365752_42.batch","27366037.batch","COMPLETED","0:0","pi_jss233","","1","","1115","18:26.242","887980K","","","","cpu=1,mem=8G,node=1"
"27365752_42.extern","27366037.extern","COMPLETED","0:0","pi_jss233","","1","","1115","00:00:00","","","","","billing=1,cpu=1,mem=8G,node=1"
"27365752_43","27366041","COMPLETED","0:0","pi_jss233","day","1","0","1494","24:43.880","","8G","360","billing=1,cpu=1,mem=8G,node=1","billing=1,cpu=1,mem=8G,node=1"
"27365752_43.batch","27366041.batch","COMPLETED","0:0","pi_jss233","","1","","1494","24:43.880","903572K","","","","cpu=1,mem=8G,node=1"
"27365752_43.extern","27366041.extern","COMPLETED","0:0","pi_jss233","","1","","1494","00:00:00","","","","","billing=1,cpu=1,mem=8G,node=1"
"27365752_44","27366043","COMPLETED","0:0","pi_jss233","day","1","0","290","04:43.692","","8G","360","billing=1,cpu=1,mem=8G,node=1","billing=1,cpu=1,mem=8G,node=1"
"27365752_44.batch","27366043.batch","COMPLETED","0:0","pi_jss233","","1","","290","04:43.692","856516K","","","","cpu=1,mem=8G,node=1"
"27365752_44.extern","27366043.extern","COMPLETED","0:0","pi_jss233","","1","","290","00:00:00","","","","","billing=1,cpu=1,mem=8G,node=1"
"27365752_45","27366053","COMPLETED","0:0","pi_jss233","day","1","0","602","09:50.647","","8G","360","billing=1,cpu=1,mem=8G,node=1","billing=1,cpu=1,mem=8G,node=1"
"27365752_45.batch","27366053.batch","COMPLETED","0:0","pi_jss233","","1","","602","09:50.647","869812K","","","","cpu=1,mem=8G,node=1"
"27365752_45.extern","27366053.extern","COMPLETED","0:0","pi_jss233","","1","","602","00:00:00","","","","","billing=1,cpu=1,mem=8G,node=1"
"27365752_46","27366104","COMPLETED","0:0","pi_jss233","day","1","0","1718","28:25.519","","8G","360","billing=1,cpu=1,mem=8G,node=1","billing=1,cpu=1,mem=8G,node=1"
"27365752_46.batch","27366104.batch","COMPLETED","0:0","pi_jss233","","1","","1718","28:25.519","902000K","","","","cpu=1,mem=8G,node=1"
"27365752_46.extern","27366104.extern","COMPLETED","0:0","pi_jss233","","1","","1718","00:00:00","","","","","billing=1,cpu=1,mem=8G,node=1"
"27365752_47","27366105","COMPLETED","0:0","pi_jss233","day","1","0","1426","23:35.796","","8G","360","billing=1,cpu=1,mem=8G,node=1","billing=1,cpu=1,mem=8G,node=1"
"27365752_47.batch","27366105.batch","COMPLETED","0:0","pi_jss233","","1","","1426","23:35.796","895920K","","","","cpu=1,mem=8G,node=1"
"27365752_47.extern","27366105.extern","COMPLETED","0:0","pi_jss233","","1","","1426","00:00:00","","","","","billing=1,cpu=1,mem=8G,node=1"
"27365752_48","27366110","COMPLETED","0:0","pi_jss233","day","1","0","591","09:41.493","","8G","360","billing=1,cpu=1,mem=8G,node=1","billing=1,cpu=1,mem=8G,node=1"
"27365752_48.batch","27366110.batch","COMPLETED","0:0","pi_jss233","","1","","591","09:41.493","870240K","","","","cpu=1,mem=8G,node=1"
"27365752_48.extern","27366110.extern","COMPLETED","0:0","pi_jss233","","1","","591","00:00:00","","","","","billing=1,cpu=1,mem=8G,node=1"
"27365752_49","27366111","COMPLETED","0:0","pi_jss233","day","1","0","625","10:09.281","","8G","360","billing=1,cpu=1,mem=8G,node=1","billing=1,cpu=1,mem=8G,node=1"
"27365752_49.batch","27366111.batch","COMPLETED","0:0","pi_jss233","","1","","625","10:09.281","867224K","","","","cpu=1,mem=8G,node=1"
"27365752_49.extern","27366111.extern","COMPLETED","0:0","pi_jss233","","1","","625","00:00:00","7568K","","","","billing=1,cpu=1,mem=8G,node=1"
"27365752_50","27366116","COMPLETED","0:0","pi_jss233","day","1","0","591","09:41.933","","8G","360","billing=1,cpu=1,mem=8G,node=1","billing=1,cpu=1,mem=8G,node=1"
"27365752_50.batch","27366116.batch","COMPLETED","0:0","pi_jss233","","1","","591","09:41.933","879736K","","","","cpu=1,mem=8G,node=1"
"27365752_50.extern","27366116.extern","COMPLETED","0:0","pi_jss233","","1","","591","00:00:00","","","","","billing=1,cpu=1,mem=8G,node=1"
"27365752_51","27366117","COMPLETED","0:0","pi_jss233","day","1","0","743","12:14.699","","8G","360","billing=1,cpu=1,mem=8G,node=1","billing=1,cpu=1,mem=8G,node=1"
"27365752_51.batch","27366117.batch","COMPLETED","0:0","pi_jss233","","1","","743","12:14.699","866632K","","","","cpu=1,mem=8G,node=1"
"27365752_51.extern","27366117.extern","COMPLETED","0:0","pi_jss233","","1","","743","00:00:00","","","","","billing=1,cpu=1,mem=8G,node=1"
"27365752_52","27366141","COMPLETED","0:0","pi_jss233","day","1","0","246","04:03.517","","8G","360","billing=1,cpu=1,mem=8G,node=1","billing=1,cpu=1,mem=8G,node=1"
"27365752_52.batch","27366141.batch","COMPLETED","0:0","pi_jss233","","1","","246","04:03.517","843860K","","","","cpu=1,mem=8G,node=1"
"27365752_52.extern","27366141.extern","COMPLETED","0:0","pi_jss233","","1","","246","00:00:00","","","","","billing=1,cpu=1,mem=8G,node=1"
"27365752_53","27366143","COMPLETED","0:0","pi_jss233","day","1","0","521","08:30.663","","8G","360","billing=1,cpu=1,mem=8G,node=1","billing=1,cpu=1,mem=8G,node=1"
"27365752_53.batch","27366143.batch","COMPLETED","0:0","pi_jss233","","1","","521","08:30.663","876580K","","","","cpu=1,mem=8G,node=1"
"27365752_53.extern","27366143.extern","COMPLETED","0:0","pi_jss233","","1","","521","00:00:00","","","","","billing=1,cpu=1,mem=8G,node=1"
"27365752_54","27366145","COMPLETED","0:0","pi_jss233","day","1","0","1554","25:42.193","","8G","360","billing=1,cpu=1,mem=8G,node=1","billing=1,cpu=1,mem=8G,node=1"
"27365752_54.batch","27366145.batch","COMPLETED","0:0","pi_jss233","","1","","1554","25:42.193","895096K","","","","cpu=1,mem=8G,node=1"
"27365752_54.extern","27366145.extern","COMPLETED","0:0","pi_jss233","","1","","1554","00:00:00","","","","","billing=1,cpu=1,mem=8G,node=1"
"27365752_55","27366146","COMPLETED","0:0","pi_jss233","day","1","0","384","06:20.116","","8G","360","billing=1,cpu=1,mem=8G,node=1","billing=1,cpu=1,mem=8G,node=1"
"27365752_55.batch","27366146.batch","COMPLETED","0:0","pi_jss233","","1","","384","06:20.116","875208K","","","","cpu=1,mem=8G,node=1"
"27365752_55.extern","27366146.extern","COMPLETED","0:0","pi_jss233","","1","","384","00:00:00","","","","","billing=1,cpu=1,mem=8G,node=1"
"27365752_56","27366205","COMPLETED","0:0","pi_jss233","day","1","0","1197","19:48.486","","8G","360","billing=1,cpu=1,mem=8G,node=1","billing=1,cpu=1,mem=8G,node=1"
"27365752_56.batch","27366205.batch","COMPLETED","0:0","pi_jss233","","1","","1197","19:48.486","873268K","","","","cpu=1,mem=8G,node=1"
"27365752_56.extern","27366205.extern","COMPLETED","0:0","pi_jss233","","1","","1197","00:00:00","","","","","billing=1,cpu=1,mem=8G,node=1"
"27365752_57","27366206","COMPLETED","0:0","pi_jss233","day","1","0","605","10:00.063","","8G","360","billing=1,cpu=1,mem=8G,node=1","billing=1,cpu=1,mem=8G,node=1"
"27365752_57.batch","27366206.batch","COMPLETED","0:0","pi_jss233","","1","","605","10:00.063","872176K","","","","cpu=1,mem=8G,node=1"
"27365752_57.extern","27366206.extern","COMPLETED","0:0","pi_jss233","","1","","605","00:00:00","","","","","billing=1,cpu=1,mem=8G,node=1"
"27365752_58","27366207","COMPLETED","0:0","pi_jss233","day","1","0","500","08:15.319","","8G","360","billing=1,cpu=1,mem=8G,node=1","billing=1,cpu=1,mem=8G,node=1"
"27365752_58.batch","27366207.batch","COMPLETED","0:0","pi_jss233","","1","","500","08:15.319","870296K","","","","cpu=1,mem=8G,node=1"
"27365752_58.extern","27366207.extern","COMPLETED","0:0","pi_jss233","","1","","500","00:00:00","","","","","billing=1,cpu=1,mem=8G,node=1"
"27365752_59","27366267","COMPLETED","0:0","pi_jss233","day","1","0","602","09:54.899","","8G","360","billing=1,cpu=1,mem=8G,node=1","billing=1,cpu=1,mem=8G,node=1"
"27365752_59.batch","27366267.batch","COMPLETED","0:0","pi_jss233","","1","","602","09:54.899","900968K","","","","cpu=1,mem=8G,node=1"
"27365752_59.extern","27366267.extern","COMPLETED","0:0","pi_jss233","","1","","602","00:00:00","","","","","billing=1,cpu=1,mem=8G,node=1"
"27365752_60","27366272","COMPLETED","0:0","pi_jss233","day","1","0","539","08:51.268","","8G","360","billing=1,cpu=1,mem=8G,node=1","billing=1,cpu=1,mem=8G,node=1"
"27365752_60.batch","27366272.batch","COMPLETED","0:0","pi_jss233","","1","","539","08:51.268","862992K","","","","cpu=1,mem=8G,node=1"
"27365752_60.extern","27366272.extern","COMPLETED","0:0","pi_jss233","","1","","539","00:00:00","","","","","billing=1,cpu=1,mem=8G,node=1"
"27365752_61","27366273","COMPLETED","0:0","pi_jss233","day","1","0","590","09:41.348","","8G","360","billing=1,cpu=1,mem=8G,node=1","billing=1,cpu=1,mem=8G,node=1"
"27365752_61.batch","27366273.batch","COMPLETED","0:0","pi_jss233","","1","","590","09:41.348","876756K","","","","cpu=1,mem=8G,node=1"
"27365752_61.extern","27366273.extern","COMPLETED","0:0","pi_jss233","","1","","591","00:00:00","","","","","billing=1,cpu=1,mem=8G,node=1"
"27365752_62","27366274","COMPLETED","0:0","pi_jss233","day","1","0","1158","19:11.122","","8G","360","billing=1,cpu=1,mem=8G,node=1","billing=1,cpu=1,mem=8G,node=1"
"27365752_62.batch","27366274.batch","COMPLETED","0:0","pi_jss233","","1","","1158","19:11.122","901688K","","","","cpu=1,mem=8G,node=1"
"27365752_62.extern","27366274.extern","COMPLETED","0:0","pi_jss233","","1","","1158","00:00:00","","","","","billing=1,cpu=1,mem=8G,node=1"
"27365752_63","27366276","COMPLETED","0:0","pi_jss233","day","1","0","992","16:18.509","","8G","360","billing=1,cpu=1,mem=8G,node=1","billing=1,cpu=1,mem=8G,node=1"
"27365752_63.batch","27366276.batch","COMPLETED","0:0","pi_jss233","","1","","992","16:18.509","876852K","","","","cpu=1,mem=8G,node=1"
"27365752_63.extern","27366276.extern","COMPLETED","0:0","pi_jss233","","1","","992","00:00:00","","","","","billing=1,cpu=1,mem=8G,node=1"
"27365752_64","27366277","COMPLETED","0:0","pi_jss233","day","1","0","384","05:53.198","","8G","360","billing=1,cpu=1,mem=8G,node=1","billing=1,cpu=1,mem=8G,node=1"
"27365752_64.batch","27366277.batch","COMPLETED","0:0","pi_jss233","","1","","384","05:53.198","998452K","","","","cpu=1,mem=8G,node=1"
"27365752_64.extern","27366277.extern","COMPLETED","0:0","pi_jss233","","1","","384","00:00:00","","","","","billing=1,cpu=1,mem=8G,node=1"
"27365752_65","27366311","COMPLETED","0:0","pi_jss233","day","1","0","970","15:57.263","","8G","360","billing=1,cpu=1,mem=8G,node=1","billing=1,cpu=1,mem=8G,node=1"
"27365752_65.batch","27366311.batch","COMPLETED","0:0","pi_jss233","","1","","970","15:57.263","879272K","","","","cpu=1,mem=8G,node=1"
"27365752_65.extern","27366311.extern","COMPLETED","0:0","pi_jss233","","1","","970","00:00:00","","","","","billing=1,cpu=1,mem=8G,node=1"
"27365752_66","27366315","COMPLETED","0:0","pi_jss233","day","1","0","1120","18:29.765","","8G","360","billing=1,cpu=1,mem=8G,node=1","billing=1,cpu=1,mem=8G,node=1"
"27365752_66.batch","27366315.batch","COMPLETED","0:0","pi_jss233","","1","","1120","18:29.765","896740K","","","","cpu=1,mem=8G,node=1"
"27365752_66.extern","27366315.extern","COMPLETED","0:0","pi_jss233","","1","","1120","00:00:00","","","","","billing=1,cpu=1,mem=8G,node=1"
"27365752_67","27366322","COMPLETED","0:0","pi_jss233","day","1","0","1172","22:57.160","","8G","360","billing=1,cpu=1,mem=8G,node=1","billing=1,cpu=1,mem=8G,node=1"
"27365752_67.batch","27366322.batch","COMPLETED","0:0","pi_jss233","","1","","1172","18:51.160","882516K","","","","cpu=1,mem=8G,node=1"
"27365752_67.extern","27366322.extern","COMPLETED","0:0","pi_jss233","","1","","1172","00:04:06","982232K","","","","billing=1,cpu=1,mem=8G,node=1"
"27365752_68","27366324","COMPLETED","0:0","pi_jss233","day","1","0","568","09:19.490","","8G","360","billing=1,cpu=1,mem=8G,node=1","billing=1,cpu=1,mem=8G,node=1"
"27365752_68.batch","27366324.batch","COMPLETED","0:0","pi_jss233","","1","","568","09:19.490","854996K","","","","cpu=1,mem=8G,node=1"
"27365752_68.extern","27366324.extern","COMPLETED","0:0","pi_jss233","","1","","568","00:00:00","","","","","billing=1,cpu=1,mem=8G,node=1"
"27365752_69","27366325","COMPLETED","0:0","pi_jss233","day","1","0","913","15:06.817","","8G","360","billing=1,cpu=1,mem=8G,node=1","billing=1,cpu=1,mem=8G,node=1"
"27365752_69.batch","27366325.batch","COMPLETED","0:0","pi_jss233","","1","","913","15:06.817","874308K","","","","cpu=1,mem=8G,node=1"
"27365752_69.extern","27366325.extern","COMPLETED","0:0","pi_jss233","","1","","913","00:00:00","","","","","billing=1,cpu=1,mem=8G,node=1"
"27365752_70","27366327","COMPLETED","0:0","pi_jss233","day","1","0","1278","21:03.290","","8G","360","billing=1,cpu=1,mem=8G,node=1","billing=1,cpu=1,mem=8G,node=1"
"27365752_70.batch","27366327.batch","COMPLETED","0:0","pi_jss233","","1","","1278","21:03.290","902504K","","","","cpu=1,mem=8G,node=1"
"27365752_70.extern","27366327.extern","COMPLETED","0:0","pi_jss233","","1","","1278","00:00:00","","","","","billing=1,cpu=1,mem=8G,node=1"
"27365752_71","27366360","COMPLETED","0:0","pi_jss233","day","1","0","802","13:12.331","","8G","360","billing=1,cpu=1,mem=8G,node=1","billing=1,cpu=1,mem=8G,node=1"
"27365752_71.batch","27366360.batch","COMPLETED","0:0","pi_jss233","","1","","802","13:12.331","881460K","","","","cpu=1,mem=8G,node=1"
"27365752_71.extern","27366360.extern","COMPLETED","0:0","pi_jss233","","1","","802","00:00:00","","","","","billing=1,cpu=1,mem=8G,node=1"
"27365752_72","27366362","COMPLETED","0:0","pi_jss233","day","1","0","1178","19:25.727","","8G","360","billing=1,cpu=1,mem=8G,node=1","billing=1,cpu=1,mem=8G,node=1"
"27365752_72.batch","27366362.batch","COMPLETED","0:0","pi_jss233","","1","","1178","19:25.727","880104K","","","","cpu=1,mem=8G,node=1"
"27365752_72.extern","27366362.extern","COMPLETED","0:0","pi_jss233","","1","","1178","00:00:00","","","","","billing=1,cpu=1,mem=8G,node=1"
"27365752_73","27366370","COMPLETED","0:0","pi_jss233","day","1","0","1138","18:47.609","","8G","360","billing=1,cpu=1,mem=8G,node=1","billing=1,cpu=1,mem=8G,node=1"
"27365752_73.batch","27366370.batch","COMPLETED","0:0","pi_jss233","","1","","1138","18:47.609","880776K","","","","cpu=1,mem=8G,node=1"
"27365752_73.extern","27366370.extern","COMPLETED","0:0","pi_jss233","","1","","1138","00:00:00","","","","","billing=1,cpu=1,mem=8G,node=1"
"27365752_74","27366371","COMPLETED","0:0","pi_jss233","day","1","0","1448","23:53.037","","8G","360","billing=1,cpu=1,mem=8G,node=1","billing=1,cpu=1,mem=8G,node=1"
"27365752_74.batch","27366371.batch","COMPLETED","0:0","pi_jss233","","1","","1448","23:53.037","884980K","","","","cpu=1,mem=8G,node=1"
"27365752_74.extern","27366371.extern","COMPLETED","0:0","pi_jss233","","1","","1448","00:00:00","","","","","billing=1,cpu=1,mem=8G,node=1"
"27365752_75","27366405","COMPLETED","0:0","pi_jss233","day","1","0","1500","24:43.676","","8G","360","billing=1,cpu=1,mem=8G,node=1","billing=1,cpu=1,mem=8G,node=1"
"27365752_75.batch","27366405.batch","COMPLETED","0:0","pi_jss233","","1","","1500","24:43.676","899436K","","","","cpu=1,mem=8G,node=1"
"27365752_75.extern","27366405.extern","COMPLETED","0:0","pi_jss233","","1","","1500","00:00:00","","","","","billing=1,cpu=1,mem=8G,node=1"
"27365752_76","27366406","COMPLETED","0:0","pi_jss233","day","1","0","1030","17:00.179","","8G","360","billing=1,cpu=1,mem=8G,node=1","billing=1,cpu=1,mem=8G,node=1"
"27365752_76.batch","27366406.batch","COMPLETED","0:0","pi_jss233","","1","","1030","17:00.179","886040K","","","","cpu=1,mem=8G,node=1"
"27365752_76.extern","27366406.extern","COMPLETED","0:0","pi_jss233","","1","","1030","00:00:00","","","","","billing=1,cpu=1,mem=8G,node=1"
"27365752_77","27366407","COMPLETED","0:0","pi_jss233","day","1","0","1727","28:23.845","","8G","360","billing=1,cpu=1,mem=8G,node=1","billing=1,cpu=1,mem=8G,node=1"
"27365752_77.batch","27366407.batch","COMPLETED","0:0","pi_jss233","","1","","1727","28:23.845","961464K","","","","cpu=1,mem=8G,node=1"
"27365752_77.extern","27366407.extern","COMPLETED","0:0","pi_jss233","","1","","1727","00:00:00","","","","","billing=1,cpu=1,mem=8G,node=1"
"27365752_78","27366408","COMPLETED","0:0","pi_jss233","day","1","0","1685","27:49.910","","8G","360","billing=1,cpu=1,mem=8G,node=1","billing=1,cpu=1,mem=8G,node=1"
"27365752_78.batch","27366408.batch","COMPLETED","0:0","pi_jss233","","1","","1685","27:49.910","939932K","","","","cpu=1,mem=8G,node=1"
"27365752_78.extern","27366408.extern","COMPLETED","0:0","pi_jss233","","1","","1685","00:00:00","","","","","billing=1,cpu=1,mem=8G,node=1"
"27365752_79","27366409","COMPLETED","0:0","pi_jss233","day","1","0","1345","22:09.196","","8G","360","billing=1,cpu=1,mem=8G,node=1","billing=1,cpu=1,mem=8G,node=1"
"27365752_79.batch","27366409.batch","COMPLETED","0:0","pi_jss233","","1","","1345","22:09.196","945932K","","","","cpu=1,mem=8G,node=1"
"27365752_79.extern","27366409.extern","COMPLETED","0:0","pi_jss233","","1","","1345","00:00:00","","","","","billing=1,cpu=1,mem=8G,node=1"
"27365752_80","27366411","COMPLETED","0:0","pi_jss233","day","1","0","1095","18:07.766","","8G","360","billing=1,cpu=1,mem=8G,node=1","billing=1,cpu=1,mem=8G,node=1"
"27365752_80.batch","27366411.batch","COMPLETED","0:0","pi_jss233","","1","","1095","18:07.766","878728K","","","","cpu=1,mem=8G,node=1"
"27365752_80.extern","27366411.extern","COMPLETED","0:0","pi_jss233","","1","","1095","00:00:00","","","","","billing=1,cpu=1,mem=8G,node=1"
"27365752_81","27366416","COMPLETED","0:0","pi_jss233","day","1","0","306","05:01.966","","8G","360","billing=1,cpu=1,mem=8G,node=1","billing=1,cpu=1,mem=8G,node=1"
"27365752_81.batch","27366416.batch","COMPLETED","0:0","pi_jss233","","1","","306","05:01.966","850424K","","","","cpu=1,mem=8G,node=1"
"27365752_81.extern","27366416.extern","COMPLETED","0:0","pi_jss233","","1","","306","00:00:00","","","","","billing=1,cpu=1,mem=8G,node=1"
"27365752_82","27366417","COMPLETED","0:0","pi_jss233","day","1","0","1403","23:12.012","","8G","360","billing=1,cpu=1,mem=8G,node=1","billing=1,cpu=1,mem=8G,node=1"
"27365752_82.batch","27366417.batch","COMPLETED","0:0","pi_jss233","","1","","1403","23:12.012","882764K","","","","cpu=1,mem=8G,node=1"
"27365752_82.extern","27366417.extern","COMPLETED","0:0","pi_jss233","","1","","1403","00:00:00","","","","","billing=1,cpu=1,mem=8G,node=1"
"27365752_83","27366466","COMPLETED","0:0","pi_jss233","day","1","0","1326","21:04.633","","8G","360","billing=1,cpu=1,mem=8G,node=1","billing=1,cpu=1,mem=8G,node=1"
"27365752_83.batch","27366466.batch","COMPLETED","0:0","pi_jss233","","1","","1326","21:04.633","1019680K","","","","cpu=1,mem=8G,node=1"
"27365752_83.extern","27366466.extern","COMPLETED","0:0","pi_jss233","","1","","1326","00:00:00","","","","","billing=1,cpu=1,mem=8G,node=1"
"27365752_84","27366467","COMPLETED","0:0","pi_jss233","day","1","0","1616","26:03.044","","8G","360","billing=1,cpu=1,mem=8G,node=1","billing=1,cpu=1,mem=8G,node=1"
"27365752_84.batch","27366467.batch","COMPLETED","0:0","pi_jss233","","1","","1616","26:03.044","910032K","","","","cpu=1,mem=8G,node=1"
"27365752_84.extern","27366467.extern","COMPLETED","0:0","pi_jss233","","1","","1616","00:00:00","","","","","billing=1,cpu=1,mem=8G,node=1"
"27365752_85","27366468","COMPLETED","0:0","pi_jss233","day","1","0","761","12:31.954","","8G","360","billing=1,cpu=1,mem=8G,node=1","billing=1,cpu=1,mem=8G,node=1"
"27365752_85.batch","27366468.batch","COMPLETED","0:0","pi_jss233","","1","","761","12:31.954","864268K","","","","cpu=1,mem=8G,node=1"
"27365752_85.extern","27366468.extern","COMPLETED","0:0","pi_jss233","","1","","761","00:00:00","","","","","billing=1,cpu=1,mem=8G,node=1"
"27365752_86","27366469","COMPLETED","0:0","pi_jss233","day","1","0","909","14:56.897","","8G","360","billing=1,cpu=1,mem=8G,node=1","billing=1,cpu=1,mem=8G,node=1"
"27365752_86.batch","27366469.batch","COMPLETED","0:0","pi_jss233","","1","","909","14:56.897","879348K","","","","cpu=1,mem=8G,node=1"
"27365752_86.extern","27366469.extern","COMPLETED","0:0","pi_jss233","","1","","910","00:00:00","","","","","billing=1,cpu=1,mem=8G,node=1"
"27365752_87","27366485","COMPLETED","0:0","pi_jss233","day","1","0","1128","18:38.144","","8G","360","billing=1,cpu=1,mem=8G,node=1","billing=1,cpu=1,mem=8G,node=1"
"27365752_87.batch","27366485.batch","COMPLETED","0:0","pi_jss233","","1","","1128","18:38.144","882788K","","","","cpu=1,mem=8G,node=1"
"27365752_87.extern","27366485.extern","COMPLETED","0:0","pi_jss233","","1","","1128","00:00:00","","","","","billing=1,cpu=1,mem=8G,node=1"
"27365752_88","27366525","COMPLETED","0:0","pi_jss233","day","1","0","541","08:54.110","","8G","360","billing=1,cpu=1,mem=8G,node=1","billing=1,cpu=1,mem=8G,node=1"
"27365752_88.batch","27366525.batch","COMPLETED","0:0","pi_jss233","","1","","541","08:54.110","610812K","","","","cpu=1,mem=8G,node=1"
"27365752_88.extern","27366525.extern","COMPLETED","0:0","pi_jss233","","1","","541","00:00:00","","","","","billing=1,cpu=1,mem=8G,node=1"
"27365752_89","27366532","COMPLETED","0:0","pi_jss233","day","1","0","336","05:30.053","","8G","360","billing=1,cpu=1,mem=8G,node=1","billing=1,cpu=1,mem=8G,node=1"
"27365752_89.batch","27366532.batch","COMPLETED","0:0","pi_jss233","","1","","336","05:30.053","615004K","","","","cpu=1,mem=8G,node=1"
"27365752_89.extern","27366532.extern","COMPLETED","0:0","pi_jss233","","1","","336","00:00:00","","","","","billing=1,cpu=1,mem=8G,node=1"
"27365752_90","27366533","COMPLETED","0:0","pi_jss233","day","1","0","470","07:45.621","","8G","360","billing=1,cpu=1,mem=8G,node=1","billing=1,cpu=1,mem=8G,node=1"
"27365752_90.batch","27366533.batch","COMPLETED","0:0","pi_jss233","","1","","470","07:45.621","627148K","","","","cpu=1,mem=8G,node=1"
"27365752_90.extern","27366533.extern","COMPLETED","0:0","pi_jss233","","1","","470","00:00:00","","","","","billing=1,cpu=1,mem=8G,node=1"
"27365752_91","27366568","COMPLETED","0:0","pi_jss233","day","1","0","533","08:35.145","","8G","360","billing=1,cpu=1,mem=8G,node=1","billing=1,cpu=1,mem=8G,node=1"
"27365752_91.batch","27366568.batch","COMPLETED","0:0","pi_jss233","","1","","533","08:35.145","673628K","","","","cpu=1,mem=8G,node=1"
"27365752_91.extern","27366568.extern","COMPLETED","0:0","pi_jss233","","1","","533","00:00:00","","","","","billing=1,cpu=1,mem=8G,node=1"
"27365752_92","27366569","COMPLETED","0:0","pi_jss233","day","1","0","471","07:45.781","","8G","360","billing=1,cpu=1,mem=8G,node=1","billing=1,cpu=1,mem=8G,node=1"
"27365752_92.batch","27366569.batch","COMPLETED","0:0","pi_jss233","","1","","471","07:45.781","616808K","","","","cpu=1,mem=8G,node=1"
"27365752_92.extern","27366569.extern","COMPLETED","0:0","pi_jss233","","1","","471","00:00:00","","","","","billing=1,cpu=1,mem=8G,node=1"
"27365752_93","27366574","COMPLETED","0:0","pi_jss233","day","1","0","317","05:04.795","","8G","360","billing=1,cpu=1,mem=8G,node=1","billing=1,cpu=1,mem=8G,node=1"
"27365752_93.batch","27366574.batch","COMPLETED","0:0","pi_jss233","","1","","317","05:04.795","642820K","","","","cpu=1,mem=8G,node=1"
"27365752_93.extern","27366574.extern","COMPLETED","0:0","pi_jss233","","1","","317","00:00:00","","","","","billing=1,cpu=1,mem=8G,node=1"
"27365752_94","27366609","COMPLETED","0:0","pi_jss233","day","1","0","556","09:10.496","","8G","360","billing=1,cpu=1,mem=8G,node=1","billing=1,cpu=1,mem=8G,node=1"
"27365752_94.batch","27366609.batch","COMPLETED","0:0","pi_jss233","","1","","556","09:10.496","628620K","","","","cpu=1,mem=8G,node=1"
"27365752_94.extern","27366609.extern","COMPLETED","0:0","pi_jss233","","1","","556","00:00:00","","","","","billing=1,cpu=1,mem=8G,node=1"
"27365752_95","27366610","COMPLETED","0:0","pi_jss233","day","1","0","1207","19:40.092","","8G","360","billing=1,cpu=1,mem=8G,node=1","billing=1,cpu=1,mem=8G,node=1"
"27365752_95.batch","27366610.batch","COMPLETED","0:0","pi_jss233","","1","","1207","19:40.092","705808K","","","","cpu=1,mem=8G,node=1"
"27365752_95.extern","27366610.extern","COMPLETED","0:0","pi_jss233","","1","","1207","00:00:00","","","","","billing=1,cpu=1,mem=8G,node=1"
"27365752_96","27366612","COMPLETED","0:0","pi_jss233","day","1","0","2583","42:41.916","","8G","360","billing=1,cpu=1,mem=8G,node=1","billing=1,cpu=1,mem=8G,node=1"
"27365752_96.batch","27366612.batch","COMPLETED","0:0","pi_jss233","","1","","2583","42:41.916","894432K","","","","cpu=1,mem=8G,node=1"
"27365752_96.extern","27366612.extern","COMPLETED","0:0","pi_jss233","","1","","2583","00:00:00","","","","","billing=1,cpu=1,mem=8G,node=1"
"27365752_97","27366613","COMPLETED","0:0","pi_jss233","day","1","0","7341","02:01:44","","8G","360","billing=1,cpu=1,mem=8G,node=1","billing=1,cpu=1,mem=8G,node=1"
"27365752_97.batch","27366613.batch","COMPLETED","0:0","pi_jss233","","1","","7341","02:01:44","875276K","","","","cpu=1,mem=8G,node=1"
"27365752_97.extern","27366613.extern","COMPLETED","0:0","pi_jss233","","1","","7341","00:00:00","","","","","billing=1,cpu=1,mem=8G,node=1"
"27365752_98","27366617","COMPLETED","0:0","pi_jss233","day","1","0","1210","19:50.282","","8G","360","billing=1,cpu=1,mem=8G,node=1","billing=1,cpu=1,mem=8G,node=1"
"27365752_98.batch","27366617.batch","COMPLETED","0:0","pi_jss233","","1","","1210","19:50.282","951384K","","","","cpu=1,mem=8G,node=1"
"27365752_98.extern","27366617.extern","COMPLETED","0:0","pi_jss233","","1","","1210","00:00:00","","","","","billing=1,cpu=1,mem=8G,node=1"
"27365752_99","27366618","COMPLETED","0:0","pi_jss233","day","1","0","1713","28:21.742","","8G","360","billing=1,cpu=1,mem=8G,node=1","billing=1,cpu=1,mem=8G,node=1"
"27365752_99.batch","27366618.batch","COMPLETED","0:0","pi_jss233","","1","","1713","28:21.742","839584K","","","","cpu=1,mem=8G,node=1"
"27365752_99.extern","27366618.extern","COMPLETED","0:0","pi_jss233","","1","","1713","00:00:00","","","","","billing=1,cpu=1,mem=8G,node=1"
"27365752_100","27366655","COMPLETED","0:0","pi_jss233","day","1","0","7771","02:08:27","","8G","360","billing=1,cpu=1,mem=8G,node=1","billing=1,cpu=1,mem=8G,node=1"
"27365752_100.batch","27366655.batch","COMPLETED","0:0","pi_jss233","","1","","7771","02:08:27","886960K","","","","cpu=1,mem=8G,node=1"
"27365752_100.extern","27366655.extern","COMPLETED","0:0","pi_jss233","","1","","7771","00:00:00","","","","","billing=1,cpu=1,mem=8G,node=1"
"27365752_101","27366658","COMPLETED","0:0","pi_jss233","day","1","0","7767","02:08:30","","8G","360","billing=1,cpu=1,mem=8G,node=1","billing=1,cpu=1,mem=8G,node=1"
"27365752_101.batch","27366658.batch","COMPLETED","0:0","pi_jss233","","1","","7767","02:08:30","872740K","","","","cpu=1,mem=8G,node=1"
"27365752_101.extern","27366658.extern","COMPLETED","0:0","pi_jss233","","1","","7767","00:00:00","","","","","billing=1,cpu=1,mem=8G,node=1"
"27365752_102","27366659","COMPLETED","0:0","pi_jss233","day","1","0","6035","01:39:56","","8G","360","billing=1,cpu=1,mem=8G,node=1","billing=1,cpu=1,mem=8G,node=1"
"27365752_102.batch","27366659.batch","COMPLETED","0:0","pi_jss233","","1","","6035","01:39:56","966360K","","","","cpu=1,mem=8G,node=1"
"27365752_102.extern","27366659.extern","COMPLETED","0:0","pi_jss233","","1","","6035","00:00:00","","","","","billing=1,cpu=1,mem=8G,node=1"
"27365752_103","27366663","COMPLETED","0:0","pi_jss233","day","1","0","7746","02:08:33","","8G","360","billing=1,cpu=1,mem=8G,node=1","billing=1,cpu=1,mem=8G,node=1"
"27365752_103.batch","27366663.batch","COMPLETED","0:0","pi_jss233","","1","","7746","02:08:33","841320K","","","","cpu=1,mem=8G,node=1"
"27365752_103.extern","27366663.extern","COMPLETED","0:0","pi_jss233","","1","","7746","00:00:00","","","","","billing=1,cpu=1,mem=8G,node=1"
"27365752_104","27366665","COMPLETED","0:0","pi_jss233","day","1","0","2717","45:00.248","","8G","360","billing=1,cpu=1,mem=8G,node=1","billing=1,cpu=1,mem=8G,node=1"
"27365752_104.batch","27366665.batch","COMPLETED","0:0","pi_jss233","","1","","2717","45:00.248","856904K","","","","cpu=1,mem=8G,node=1"
"27365752_104.extern","27366665.extern","COMPLETED","0:0","pi_jss233","","1","","2717","00:00:00","","","","","billing=1,cpu=1,mem=8G,node=1"
"27365752_105","27366666","COMPLETED","0:0","pi_jss233","day","1","0","2157","35:26.497","","8G","360","billing=1,cpu=1,mem=8G,node=1","billing=1,cpu=1,mem=8G,node=1"
"27365752_105.batch","27366666.batch","COMPLETED","0:0","pi_jss233","","1","","2157","35:26.497","955380K","","","","cpu=1,mem=8G,node=1"
"27365752_105.extern","27366666.extern","COMPLETED","0:0","pi_jss233","","1","","2157","00:00:00","","","","","billing=1,cpu=1,mem=8G,node=1"
"27365752_106","27366699","COMPLETED","0:0","pi_jss233","day","1","0","4183","01:09:18","","8G","360","billing=1,cpu=1,mem=8G,node=1","billing=1,cpu=1,mem=8G,node=1"
"27365752_106.batch","27366699.batch","COMPLETED","0:0","pi_jss233","","1","","4183","01:09:18","849616K","","","","cpu=1,mem=8G,node=1"
"27365752_106.extern","27366699.extern","COMPLETED","0:0","pi_jss233","","1","","4183","00:00:00","","","","","billing=1,cpu=1,mem=8G,node=1"
"27365752_107","27366700","COMPLETED","0:0","pi_jss233","day","1","0","3966","01:05:44","","8G","360","billing=1,cpu=1,mem=8G,node=1","billing=1,cpu=1,mem=8G,node=1"
"27365752_107.batch","27366700.batch","COMPLETED","0:0","pi_jss233","","1","","3966","01:05:44","862184K","","","","cpu=1,mem=8G,node=1"
"27365752_107.extern","27366700.extern","COMPLETED","0:0","pi_jss233","","1","","3966","00:00:00","","","","","billing=1,cpu=1,mem=8G,node=1"
"27365752_108","27366702","COMPLETED","0:0","pi_jss233","day","1","0","4583","01:15:58","","8G","360","billing=1,cpu=1,mem=8G,node=1","billing=1,cpu=1,mem=8G,node=1"
"27365752_108.batch","27366702.batch","COMPLETED","0:0","pi_jss233","","1","","4583","01:15:58","874212K","","","","cpu=1,mem=8G,node=1"
"27365752_108.extern","27366702.extern","COMPLETED","0:0","pi_jss233","","1","","4583","00:00:00","","","","","billing=1,cpu=1,mem=8G,node=1"
"27365752_109","27366706","COMPLETED","0:0","pi_jss233","day","1","0","8309","02:17:52","","8G","360","billing=1,cpu=1,mem=8G,node=1","billing=1,cpu=1,mem=8G,node=1"
"27365752_109.batch","27366706.batch","COMPLETED","0:0","pi_jss233","","1","","8309","02:17:52","1151356K","","","","cpu=1,mem=8G,node=1"
"27365752_109.extern","27366706.extern","COMPLETED","0:0","pi_jss233","","1","","8309","00:00:00","","","","","billing=1,cpu=1,mem=8G,node=1"
"27365752_110","27366710","COMPLETED","0:0","pi_jss233","day","1","0","7818","02:09:28","","8G","360","billing=1,cpu=1,mem=8G,node=1","billing=1,cpu=1,mem=8G,node=1"
"27365752_110.batch","27366710.batch","COMPLETED","0:0","pi_jss233","","1","","7818","02:09:28","856320K","","","","cpu=1,mem=8G,node=1"
"27365752_110.extern","27366710.extern","COMPLETED","0:0","pi_jss233","","1","","7818","00:00:00","","","","","billing=1,cpu=1,mem=8G,node=1"
"27365752_111","27366713","COMPLETED","0:0","pi_jss233","day","1","0","6482","01:47:20","","8G","360","billing=1,cpu=1,mem=8G,node=1","billing=1,cpu=1,mem=8G,node=1"
"27365752_111.batch","27366713.batch","COMPLETED","0:0","pi_jss233","","1","","6482","01:47:20","866060K","","","","cpu=1,mem=8G,node=1"
"27365752_111.extern","27366713.extern","COMPLETED","0:0","pi_jss233","","1","","6482","00:00:00","","","","","billing=1,cpu=1,mem=8G,node=1"
"27365752_112","27366750","COMPLETED","0:0","pi_jss233","day","1","0","5995","01:38:31","","8G","360","billing=1,cpu=1,mem=8G,node=1","billing=1,cpu=1,mem=8G,node=1"
"27365752_112.batch","27366750.batch","COMPLETED","0:0","pi_jss233","","1","","5995","01:38:31","889396K","","","","cpu=1,mem=8G,node=1"
"27365752_112.extern","27366750.extern","COMPLETED","0:0","pi_jss233","","1","","5995","00:00:00","","","","","billing=1,cpu=1,mem=8G,node=1"
"27365752_113","27366751","COMPLETED","0:0","pi_jss233","day","1","0","5568","01:31:29","","8G","360","billing=1,cpu=1,mem=8G,node=1","billing=1,cpu=1,mem=8G,node=1"
"27365752_113.batch","27366751.batch","COMPLETED","0:0","pi_jss233","","1","","5568","01:31:29","822340K","","","","cpu=1,mem=8G,node=1"
"27365752_113.extern","27366751.extern","COMPLETED","0:0","pi_jss233","","1","","5568","00:00:00","","","","","billing=1,cpu=1,mem=8G,node=1"
"27365752_114","27366754","COMPLETED","0:0","pi_jss233","day","1","0","11063","03:02:56","","8G","360","billing=1,cpu=1,mem=8G,node=1","billing=1,cpu=1,mem=8G,node=1"
"27365752_114.batch","27366754.batch","COMPLETED","0:0","pi_jss233","","1","","11063","03:02:56","836912K","","","","cpu=1,mem=8G,node=1"
"27365752_114.extern","27366754.extern","COMPLETED","0:0","pi_jss233","","1","","11063","00:00:00","","","","","billing=1,cpu=1,mem=8G,node=1"
"27365752_115","27366757","COMPLETED","0:0","pi_jss233","day","1","0","8810","02:26:02","","8G","360","billing=1,cpu=1,mem=8G,node=1","billing=1,cpu=1,mem=8G,node=1"
"27365752_115.batch","27366757.batch","COMPLETED","0:0","pi_jss233","","1","","8810","02:26:02","802448K","","","","cpu=1,mem=8G,node=1"
"27365752_115.extern","27366757.extern","COMPLETED","0:0","pi_jss233","","1","","8810","00:00:00","","","","","billing=1,cpu=1,mem=8G,node=1"
"27365752_116","27366767","COMPLETED","0:0","pi_jss233","day","1","0","6576","01:49:04","","8G","360","billing=1,cpu=1,mem=8G,node=1","billing=1,cpu=1,mem=8G,node=1"
"27365752_116.batch","27366767.batch","COMPLETED","0:0","pi_jss233","","1","","6576","01:49:04","791668K","","","","cpu=1,mem=8G,node=1"
"27365752_116.extern","27366767.extern","COMPLETED","0:0","pi_jss233","","1","","6576","00:00:00","","","","","billing=1,cpu=1,mem=8G,node=1"
"27365752_117","27366804","COMPLETED","0:0","pi_jss233","day","1","0","6697","01:51:05","","8G","360","billing=1,cpu=1,mem=8G,node=1","billing=1,cpu=1,mem=8G,node=1"
"27365752_117.batch","27366804.batch","COMPLETED","0:0","pi_jss233","","1","","6697","01:51:05","802372K","","","","cpu=1,mem=8G,node=1"
"27365752_117.extern","27366804.extern","COMPLETED","0:0","pi_jss233","","1","","6697","00:00:00","","","","","billing=1,cpu=1,mem=8G,node=1"
"27365752_118","27366813","COMPLETED","0:0","pi_jss233","day","1","0","3982","01:05:58","","8G","360","billing=1,cpu=1,mem=8G,node=1","billing=1,cpu=1,mem=8G,node=1"
"27365752_118.batch","27366813.batch","COMPLETED","0:0","pi_jss233","","1","","3982","01:05:58","914480K","","","","cpu=1,mem=8G,node=1"
"27365752_118.extern","27366813.extern","COMPLETED","0:0","pi_jss233","","1","","3982","00:00:00","","","","","billing=1,cpu=1,mem=8G,node=1"
"27365752_119","27366814","COMPLETED","0:0","pi_jss233","day","1","0","4205","01:09:44","","8G","360","billing=1,cpu=1,mem=8G,node=1","billing=1,cpu=1,mem=8G,node=1"
"27365752_119.batch","27366814.batch","COMPLETED","0:0","pi_jss233","","1","","4205","01:09:44","882696K","","","","cpu=1,mem=8G,node=1"
"27365752_119.extern","27366814.extern","COMPLETED","0:0","pi_jss233","","1","","4205","00:00:00","","","","","billing=1,cpu=1,mem=8G,node=1"
"27365752_120","27366853","COMPLETED","0:0","pi_jss233","day","1","0","1472","23:55.433","","8G","360","billing=1,cpu=1,mem=8G,node=1","billing=1,cpu=1,mem=8G,node=1"
"27365752_120.batch","27366853.batch","COMPLETED","0:0","pi_jss233","","1","","1472","23:55.433","1111840K","","","","cpu=1,mem=8G,node=1"
"27365752_120.extern","27366853.extern","COMPLETED","0:0","pi_jss233","","1","","1472","00:00:00","","","","","billing=1,cpu=1,mem=8G,node=1"
"27365752_121","27366857","COMPLETED","0:0","pi_jss233","day","1","0","1972","32:36.423","","8G","360","billing=1,cpu=1,mem=8G,node=1","billing=1,cpu=1,mem=8G,node=1"
"27365752_121.batch","27366857.batch","COMPLETED","0:0","pi_jss233","","1","","1972","32:36.423","944332K","","","","cpu=1,mem=8G,node=1"
"27365752_121.extern","27366857.extern","COMPLETED","0:0","pi_jss233","","1","","1972","00:00:00","","","","","billing=1,cpu=1,mem=8G,node=1"
"27365752_122","27366859","COMPLETED","0:0","pi_jss233","day","1","0","1585","26:12.772","","8G","360","billing=1,cpu=1,mem=8G,node=1","billing=1,cpu=1,mem=8G,node=1"
"27365752_122.batch","27366859.batch","COMPLETED","0:0","pi_jss233","","1","","1585","26:12.772","936360K","","","","cpu=1,mem=8G,node=1"
"27365752_122.extern","27366859.extern","COMPLETED","0:0","pi_jss233","","1","","1585","00:00:00","","","","","billing=1,cpu=1,mem=8G,node=1"
"27365752_123","27366860","COMPLETED","0:0","pi_jss233","day","1","0","1779","29:24.880","","8G","360","billing=1,cpu=1,mem=8G,node=1","billing=1,cpu=1,mem=8G,node=1"
"27365752_123.batch","27366860.batch","COMPLETED","0:0","pi_jss233","","1","","1779","29:24.880","945844K","","","","cpu=1,mem=8G,node=1"
"27365752_123.extern","27366860.extern","COMPLETED","0:0","pi_jss233","","1","","1779","00:00:00","","","","","billing=1,cpu=1,mem=8G,node=1"
"27365752_124","27366922","COMPLETED","0:0","pi_jss233","day","1","0","2233","36:57.328","","8G","360","billing=1,cpu=1,mem=8G,node=1","billing=1,cpu=1,mem=8G,node=1"
"27365752_124.batch","27366922.batch","COMPLETED","0:0","pi_jss233","","1","","2233","36:57.328","969368K","","","","cpu=1,mem=8G,node=1"
"27365752_124.extern","27366922.extern","COMPLETED","0:0","pi_jss233","","1","","2233","00:00:00","","","","","billing=1,cpu=1,mem=8G,node=1"
"27365752_125","27366924","COMPLETED","0:0","pi_jss233","day","1","0","2181","36:06.564","","8G","360","billing=1,cpu=1,mem=8G,node=1","billing=1,cpu=1,mem=8G,node=1"
"27365752_125.batch","27366924.batch","COMPLETED","0:0","pi_jss233","","1","","2181","36:06.564","951876K","","","","cpu=1,mem=8G,node=1"
"27365752_125.extern","27366924.extern","COMPLETED","0:0","pi_jss233","","1","","2181","00:00:00","","","","","billing=1,cpu=1,mem=8G,node=1"
"27365752_126","27366927","COMPLETED","0:0","pi_jss233","day","1","0","2039","33:44.466","","8G","360","billing=1,cpu=1,mem=8G,node=1","billing=1,cpu=1,mem=8G,node=1"
"27365752_126.batch","27366927.batch","COMPLETED","0:0","pi_jss233","","1","","2039","33:44.466","959980K","","","","cpu=1,mem=8G,node=1"
"27365752_126.extern","27366927.extern","COMPLETED","0:0","pi_jss233","","1","","2039","00:00:00","","","","","billing=1,cpu=1,mem=8G,node=1"
"27365752_127","27366929","COMPLETED","0:0","pi_jss233","day","1","0","2370","39:14.212","","8G","360","billing=1,cpu=1,mem=8G,node=1","billing=1,cpu=1,mem=8G,node=1"
"27365752_127.batch","27366929.batch","COMPLETED","0:0","pi_jss233","","1","","2370","39:14.212","980328K","","","","cpu=1,mem=8G,node=1"
"27365752_127.extern","27366929.extern","COMPLETED","0:0","pi_jss233","","1","","2370","00:00:00","","","","","billing=1,cpu=1,mem=8G,node=1"
"27365752_128","27366974","COMPLETED","0:0","pi_jss233","day","1","0","1361","22:29.189","","8G","360","billing=1,cpu=1,mem=8G,node=1","billing=1,cpu=1,mem=8G,node=1"
"27365752_128.batch","27366974.batch","COMPLETED","0:0","pi_jss233","","1","","1361","22:29.189","927272K","","","","cpu=1,mem=8G,node=1"
"27365752_128.extern","27366974.extern","COMPLETED","0:0","pi_jss233","","1","","1361","00:00:00","","","","","billing=1,cpu=1,mem=8G,node=1"
"27365752_129","27367129","COMPLETED","0:0","pi_jss233","day","1","0","1318","21:45.860","","8G","360","billing=1,cpu=1,mem=8G,node=1","billing=1,cpu=1,mem=8G,node=1"
"27365752_129.batch","27367129.batch","COMPLETED","0:0","pi_jss233","","1","","1318","21:45.860","943800K","","","","cpu=1,mem=8G,node=1"
"27365752_129.extern","27367129.extern","COMPLETED","0:0","pi_jss233","","1","","1318","00:00:00","","","","","billing=1,cpu=1,mem=8G,node=1"
"27365752_130","27367265","COMPLETED","0:0","pi_jss233","day","1","0","1222","20:11.615","","8G","360","billing=1,cpu=1,mem=8G,node=1","billing=1,cpu=1,mem=8G,node=1"
"27365752_130.batch","27367265.batch","COMPLETED","0:0","pi_jss233","","1","","1222","20:11.615","915784K","","","","cpu=1,mem=8G,node=1"
"27365752_130.extern","27367265.extern","COMPLETED","0:0","pi_jss233","","1","","1222","00:00:00","","","","","billing=1,cpu=1,mem=8G,node=1"
"27365752_131","27367304","COMPLETED","0:0","pi_jss233","day","1","0","1825","30:12.283","","8G","360","billing=1,cpu=1,mem=8G,node=1","billing=1,cpu=1,mem=8G,node=1"
"27365752_131.batch","27367304.batch","COMPLETED","0:0","pi_jss233","","1","","1825","30:12.283","928788K","","","","cpu=1,mem=8G,node=1"
"27365752_131.extern","27367304.extern","COMPLETED","0:0","pi_jss233","","1","","1825","00:00:00","","","","","billing=1,cpu=1,mem=8G,node=1"
"27365752_132","27367306","COMPLETED","0:0","pi_jss233","day","1","0","1080","17:50.870","","8G","360","billing=1,cpu=1,mem=8G,node=1","billing=1,cpu=1,mem=8G,node=1"
"27365752_132.batch","27367306.batch","COMPLETED","0:0","pi_jss233","","1","","1080","17:50.870","938876K","","","","cpu=1,mem=8G,node=1"
"27365752_132.extern","27367306.extern","COMPLETED","0:0","pi_jss233","","1","","1080","00:00:00","","","","","billing=1,cpu=1,mem=8G,node=1"
"27365752_133","27367371","COMPLETED","0:0","pi_jss233","day","1","0","995","16:26.863","","8G","360","billing=1,cpu=1,mem=8G,node=1","billing=1,cpu=1,mem=8G,node=1"
"27365752_133.batch","27367371.batch","COMPLETED","0:0","pi_jss233","","1","","995","16:26.863","918856K","","","","cpu=1,mem=8G,node=1"
"27365752_133.extern","27367371.extern","COMPLETED","0:0","pi_jss233","","1","","995","00:00:00","","","","","billing=1,cpu=1,mem=8G,node=1"
"27365752_134","27367408","COMPLETED","0:0","pi_jss233","day","1","0","998","16:30.665","","8G","360","billing=1,cpu=1,mem=8G,node=1","billing=1,cpu=1,mem=8G,node=1"
"27365752_134.batch","27367408.batch","COMPLETED","0:0","pi_jss233","","1","","998","16:30.665","922880K","","","","cpu=1,mem=8G,node=1"
"27365752_134.extern","27367408.extern","COMPLETED","0:0","pi_jss233","","1","","998","00:00:00","","","","","billing=1,cpu=1,mem=8G,node=1"
"27365752_135","27367410","COMPLETED","0:0","pi_jss233","day","1","0","1064","17:36.690","","8G","360","billing=1,cpu=1,mem=8G,node=1","billing=1,cpu=1,mem=8G,node=1"
"27365752_135.batch","27367410.batch","COMPLETED","0:0","pi_jss233","","1","","1064","17:36.690","929572K","","","","cpu=1,mem=8G,node=1"
"27365752_135.extern","27367410.extern","COMPLETED","0:0","pi_jss233","","1","","1064","00:00:00","","","","","billing=1,cpu=1,mem=8G,node=1"
"27365752_136","27367442","COMPLETED","0:0","pi_jss233","day","1","0","659","10:52.602","","8G","360","billing=1,cpu=1,mem=8G,node=1","billing=1,cpu=1,mem=8G,node=1"
"27365752_136.batch","27367442.batch","COMPLETED","0:0","pi_jss233","","1","","659","10:52.602","899120K","","","","cpu=1,mem=8G,node=1"
"27365752_136.extern","27367442.extern","COMPLETED","0:0","pi_jss233","","1","","659","00:00:00","","","","","billing=1,cpu=1,mem=8G,node=1"
"27365752_137","27367481","COMPLETED","0:0","pi_jss233","day","1","0","1140","18:50.125","","8G","360","billing=1,cpu=1,mem=8G,node=1","billing=1,cpu=1,mem=8G,node=1"
"27365752_137.batch","27367481.batch","COMPLETED","0:0","pi_jss233","","1","","1140","18:50.125","932488K","","","","cpu=1,mem=8G,node=1"
"27365752_137.extern","27367481.extern","COMPLETED","0:0","pi_jss233","","1","","1140","00:00:00","","","","","billing=1,cpu=1,mem=8G,node=1"
"27365752_138","27367513","COMPLETED","0:0","pi_jss233","day","1","0","1585","26:11.152","","8G","360","billing=1,cpu=1,mem=8G,node=1","billing=1,cpu=1,mem=8G,node=1"
"27365752_138.batch","27367513.batch","COMPLETED","0:0","pi_jss233","","1","","1585","26:11.152","944592K","","","","cpu=1,mem=8G,node=1"
"27365752_138.extern","27367513.extern","COMPLETED","0:0","pi_jss233","","1","","1585","00:00:00","","","","","billing=1,cpu=1,mem=8G,node=1"
"27365752_139","27367516","COMPLETED","0:0","pi_jss233","day","1","0","1758","29:04.762","","8G","360","billing=1,cpu=1,mem=8G,node=1","billing=1,cpu=1,mem=8G,node=1"
"27365752_139.batch","27367516.batch","COMPLETED","0:0","pi_jss233","","1","","1758","29:04.762","946336K","","","","cpu=1,mem=8G,node=1"
"27365752_139.extern","27367516.extern","COMPLETED","0:0","pi_jss233","","1","","1758","00:00:00","","","","","billing=1,cpu=1,mem=8G,node=1"
"27365752_140","27367583","COMPLETED","0:0","pi_jss233","day","1","0","1021","16:53.024","","8G","360","billing=1,cpu=1,mem=8G,node=1","billing=1,cpu=1,mem=8G,node=1"
"27365752_140.batch","27367583.batch","COMPLETED","0:0","pi_jss233","","1","","1021","16:53.024","938868K","","","","cpu=1,mem=8G,node=1"
"27365752_140.extern","27367583.extern","COMPLETED","0:0","pi_jss233","","1","","1021","00:00:00","","","","","billing=1,cpu=1,mem=8G,node=1"
"27365752_141","27367617","COMPLETED","0:0","pi_jss233","day","1","0","1278","21:07.943","","8G","360","billing=1,cpu=1,mem=8G,node=1","billing=1,cpu=1,mem=8G,node=1"
"27365752_141.batch","27367617.batch","COMPLETED","0:0","pi_jss233","","1","","1278","21:07.943","947328K","","","","cpu=1,mem=8G,node=1"
"27365752_141.extern","27367617.extern","COMPLETED","0:0","pi_jss233","","1","","1278","00:00:00","","","","","billing=1,cpu=1,mem=8G,node=1"
"27365752_142","27367630","COMPLETED","0:0","pi_jss233","day","1","0","1787","29:33.697","","8G","360","billing=1,cpu=1,mem=8G,node=1","billing=1,cpu=1,mem=8G,node=1"
"27365752_142.batch","27367630.batch","COMPLETED","0:0","pi_jss233","","1","","1787","29:33.697","933592K","","","","cpu=1,mem=8G,node=1"
"27365752_142.extern","27367630.extern","COMPLETED","0:0","pi_jss233","","1","","1788","00:00:00","","","","","billing=1,cpu=1,mem=8G,node=1"
"27365752_143","27367631","COMPLETED","0:0","pi_jss233","day","1","0","1062","17:33.943","","8G","360","billing=1,cpu=1,mem=8G,node=1","billing=1,cpu=1,mem=8G,node=1"
"27365752_143.batch","27367631.batch","COMPLETED","0:0","pi_jss233","","1","","1062","17:33.943","1240708K","","","","cpu=1,mem=8G,node=1"
"27365752_143.extern","27367631.extern","COMPLETED","0:0","pi_jss233","","1","","1062","00:00:00","","","","","billing=1,cpu=1,mem=8G,node=1"
"27365752_144","27367636","COMPLETED","0:0","pi_jss233","day","1","0","930","15:17.265","","8G","360","billing=1,cpu=1,mem=8G,node=1","billing=1,cpu=1,mem=8G,node=1"
"27365752_144.batch","27367636.batch","COMPLETED","0:0","pi_jss233","","1","","930","15:17.265","921436K","","","","cpu=1,mem=8G,node=1"
"27365752_144.extern","27367636.extern","COMPLETED","0:0","pi_jss233","","1","","930","00:00:00","","","","","billing=1,cpu=1,mem=8G,node=1"
"27365752_145","27367669","COMPLETED","0:0","pi_jss233","day","1","0","985","16:16.506","","8G","360","billing=1,cpu=1,mem=8G,node=1","billing=1,cpu=1,mem=8G,node=1"
"27365752_145.batch","27367669.batch","COMPLETED","0:0","pi_jss233","","1","","985","16:16.506","928816K","","","","cpu=1,mem=8G,node=1"
"27365752_145.extern","27367669.extern","COMPLETED","0:0","pi_jss233","","1","","985","00:00:00","","","","","billing=1,cpu=1,mem=8G,node=1"
"27365752_146","27367671","COMPLETED","0:0","pi_jss233","day","1","0","1673","27:43.020","","8G","360","billing=1,cpu=1,mem=8G,node=1","billing=1,cpu=1,mem=8G,node=1"
"27365752_146.batch","27367671.batch","COMPLETED","0:0","pi_jss233","","1","","1673","27:43.020","932400K","","","","cpu=1,mem=8G,node=1"
"27365752_146.extern","27367671.extern","COMPLETED","0:0","pi_jss233","","1","","1673","00:00:00","","","","","billing=1,cpu=1,mem=8G,node=1"
"27365752_147","27367676","COMPLETED","0:0","pi_jss233","day","1","0","1875","31:02.667","","8G","360","billing=1,cpu=1,mem=8G,node=1","billing=1,cpu=1,mem=8G,node=1"
"27365752_147.batch","27367676.batch","COMPLETED","0:0","pi_jss233","","1","","1875","31:02.667","954788K","","","","cpu=1,mem=8G,node=1"
"27365752_147.extern","27367676.extern","COMPLETED","0:0","pi_jss233","","1","","1875","00:00:00","","","","","billing=1,cpu=1,mem=8G,node=1"
"27365752_148","27367750","COMPLETED","0:0","pi_jss233","day","1","0","1326","21:56.700","","8G","360","billing=1,cpu=1,mem=8G,node=1","billing=1,cpu=1,mem=8G,node=1"
"27365752_148.batch","27367750.batch","COMPLETED","0:0","pi_jss233","","1","","1326","21:56.700","920852K","","","","cpu=1,mem=8G,node=1"
"27365752_148.extern","27367750.extern","COMPLETED","0:0","pi_jss233","","1","","1326","00:00:00","","","","","billing=1,cpu=1,mem=8G,node=1"
"27365752_149","27367853","COMPLETED","0:0","pi_jss233","day","1","0","1076","17:48.311","","8G","360","billing=1,cpu=1,mem=8G,node=1","billing=1,cpu=1,mem=8G,node=1"
"27365752_149.batch","27367853.batch","COMPLETED","0:0","pi_jss233","","1","","1076","17:48.311","919060K","","","","cpu=1,mem=8G,node=1"
"27365752_149.extern","27367853.extern","COMPLETED","0:0","pi_jss233","","1","","1076","00:00:00","","","","","billing=1,cpu=1,mem=8G,node=1"
"27365752_150","27367897","COMPLETED","0:0","pi_jss233","day","1","0","1839","30:25.711","","8G","360","billing=1,cpu=1,mem=8G,node=1","billing=1,cpu=1,mem=8G,node=1"
"27365752_150.batch","27367897.batch","COMPLETED","0:0","pi_jss233","","1","","1839","30:25.711","955448K","","","","cpu=1,mem=8G,node=1"
"27365752_150.extern","27367897.extern","COMPLETED","0:0","pi_jss233","","1","","1839","00:00:00","","","","","billing=1,cpu=1,mem=8G,node=1"
"27365752_151","27367899","COMPLETED","0:0","pi_jss233","day","1","0","1859","30:44.813","","8G","360","billing=1,cpu=1,mem=8G,node=1","billing=1,cpu=1,mem=8G,node=1"
"27365752_151.batch","27367899.batch","COMPLETED","0:0","pi_jss233","","1","","1859","30:44.813","1287832K","","","","cpu=1,mem=8G,node=1"
"27365752_151.extern","27367899.extern","COMPLETED","0:0","pi_jss233","","1","","1859","00:00:00","","","","","billing=1,cpu=1,mem=8G,node=1"
"27365752_152","27367946","COMPLETED","0:0","pi_jss233","day","1","0","855","14:07.803","","8G","360","billing=1,cpu=1,mem=8G,node=1","billing=1,cpu=1,mem=8G,node=1"
"27365752_152.batch","27367946.batch","COMPLETED","0:0","pi_jss233","","1","","855","14:07.803","905768K","","","","cpu=1,mem=8G,node=1"
"27365752_152.extern","27367946.extern","COMPLETED","0:0","pi_jss233","","1","","855","00:00:00","","","","","billing=1,cpu=1,mem=8G,node=1"
"27365752_153","27367955","COMPLETED","0:0","pi_jss233","day","1","0","1321","21:42.937","","8G","360","billing=1,cpu=1,mem=8G,node=1","billing=1,cpu=1,mem=8G,node=1"
"27365752_153.batch","27367955.batch","COMPLETED","0:0","pi_jss233","","1","","1321","21:42.937","949080K","","","","cpu=1,mem=8G,node=1"
"27365752_153.extern","27367955.extern","COMPLETED","0:0","pi_jss233","","1","","1321","00:00:00","","","","","billing=1,cpu=1,mem=8G,node=1"
"27365752_154","27367994","COMPLETED","0:0","pi_jss233","day","1","0","2114","34:58.944","","8G","360","billing=1,cpu=1,mem=8G,node=1","billing=1,cpu=1,mem=8G,node=1"
"27365752_154.batch","27367994.batch","COMPLETED","0:0","pi_jss233","","1","","2114","34:58.944","936524K","","","","cpu=1,mem=8G,node=1"
"27365752_154.extern","27367994.extern","COMPLETED","0:0","pi_jss233","","1","","2114","00:00:00","","","","","billing=1,cpu=1,mem=8G,node=1"
"27365752_155","27368026","COMPLETED","0:0","pi_jss233","day","1","0","2137","35:23.023","","8G","360","billing=1,cpu=1,mem=8G,node=1","billing=1,cpu=1,mem=8G,node=1"
"27365752_155.batch","27368026.batch","COMPLETED","0:0","pi_jss233","","1","","2137","35:23.023","931300K","","","","cpu=1,mem=8G,node=1"
"27365752_155.extern","27368026.extern","COMPLETED","0:0","pi_jss233","","1","","2137","00:00:00","","","","","billing=1,cpu=1,mem=8G,node=1"
"27365752_156","27368027","COMPLETED","0:0","pi_jss233","day","1","0","1382","22:52.066","","8G","360","billing=1,cpu=1,mem=8G,node=1","billing=1,cpu=1,mem=8G,node=1"
"27365752_156.batch","27368027.batch","COMPLETED","0:0","pi_jss233","","1","","1382","22:52.066","927100K","","","","cpu=1,mem=8G,node=1"
"27365752_156.extern","27368027.extern","COMPLETED","0:0","pi_jss233","","1","","1382","00:00:00","","","","","billing=1,cpu=1,mem=8G,node=1"
"27365752_157","27368088","COMPLETED","0:0","pi_jss233","day","1","0","1687","27:54.281","","8G","360","billing=1,cpu=1,mem=8G,node=1","billing=1,cpu=1,mem=8G,node=1"
"27365752_157.batch","27368088.batch","COMPLETED","0:0","pi_jss233","","1","","1687","27:54.281","945408K","","","","cpu=1,mem=8G,node=1"
"27365752_157.extern","27368088.extern","COMPLETED","0:0","pi_jss233","","1","","1687","00:00:00","","","","","billing=1,cpu=1,mem=8G,node=1"
"27365752_158","27368090","COMPLETED","0:0","pi_jss233","day","1","0","2007","33:14.552","","8G","360","billing=1,cpu=1,mem=8G,node=1","billing=1,cpu=1,mem=8G,node=1"
"27365752_158.batch","27368090.batch","COMPLETED","0:0","pi_jss233","","1","","2007","33:14.552","933612K","","","","cpu=1,mem=8G,node=1"
"27365752_158.extern","27368090.extern","COMPLETED","0:0","pi_jss233","","1","","2007","00:00:00","","","","","billing=1,cpu=1,mem=8G,node=1"
"27365752_159","27368091","COMPLETED","0:0","pi_jss233","day","1","0","1889","31:16.376","","8G","360","billing=1,cpu=1,mem=8G,node=1","billing=1,cpu=1,mem=8G,node=1"
"27365752_159.batch","27368091.batch","COMPLETED","0:0","pi_jss233","","1","","1889","31:16.376","942240K","","","","cpu=1,mem=8G,node=1"
"27365752_159.extern","27368091.extern","COMPLETED","0:0","pi_jss233","","1","","1889","00:00:00","","","","","billing=1,cpu=1,mem=8G,node=1"
"27365752_160","27368905","COMPLETED","0:0","pi_jss233","day","1","0","1359","22:25.495","","8G","360","billing=1,cpu=1,mem=8G,node=1","billing=1,cpu=1,mem=8G,node=1"
"27365752_160.batch","27368905.batch","COMPLETED","0:0","pi_jss233","","1","","1359","22:25.495","1048896K","","","","cpu=1,mem=8G,node=1"
"27365752_160.extern","27368905.extern","COMPLETED","0:0","pi_jss233","","1","","1359","00:00:00","","","","","billing=1,cpu=1,mem=8G,node=1"
"27365752_161","27369110","COMPLETED","0:0","pi_jss233","day","1","0","1888","31:09.503","","8G","360","billing=1,cpu=1,mem=8G,node=1","billing=1,cpu=1,mem=8G,node=1"
"27365752_161.batch","27369110.batch","COMPLETED","0:0","pi_jss233","","1","","1888","31:09.503","934584K","","","","cpu=1,mem=8G,node=1"
"27365752_161.extern","27369110.extern","COMPLETED","0:0","pi_jss233","","1","","1888","00:00:00","","","","","billing=1,cpu=1,mem=8G,node=1"
"27365752_162","27369112","COMPLETED","0:0","pi_jss233","day","1","0","1399","23:06.079","","8G","360","billing=1,cpu=1,mem=8G,node=1","billing=1,cpu=1,mem=8G,node=1"
"27365752_162.batch","27369112.batch","COMPLETED","0:0","pi_jss233","","1","","1399","23:06.079","1007816K","","","","cpu=1,mem=8G,node=1"
"27365752_162.extern","27369112.extern","COMPLETED","0:0","pi_jss233","","1","","1399","00:00:00","","","","","billing=1,cpu=1,mem=8G,node=1"
"27365752_163","27369121","COMPLETED","0:0","pi_jss233","day","1","0","1825","30:09.664","","8G","360","billing=1,cpu=1,mem=8G,node=1","billing=1,cpu=1,mem=8G,node=1"
"27365752_163.batch","27369121.batch","COMPLETED","0:0","pi_jss233","","1","","1825","30:09.664","922552K","","","","cpu=1,mem=8G,node=1"
"27365752_163.extern","27369121.extern","COMPLETED","0:0","pi_jss233","","1","","1825","00:00:00","","","","","billing=1,cpu=1,mem=8G,node=1"
"27365752_164","27369206","COMPLETED","0:0","pi_jss233","day","1","0","1128","18:34.089","","8G","360","billing=1,cpu=1,mem=8G,node=1","billing=1,cpu=1,mem=8G,node=1"
"27365752_164.batch","27369206.batch","COMPLETED","0:0","pi_jss233","","1","","1128","18:34.089","917804K","","","","cpu=1,mem=8G,node=1"
"27365752_164.extern","27369206.extern","COMPLETED","0:0","pi_jss233","","1","","1128","00:00:00","","","","","billing=1,cpu=1,mem=8G,node=1"
"27365752_165","27369207","COMPLETED","0:0","pi_jss233","day","1","0","1095","18:01.810","","8G","360","billing=1,cpu=1,mem=8G,node=1","billing=1,cpu=1,mem=8G,node=1"
"27365752_165.batch","27369207.batch","COMPLETED","0:0","pi_jss233","","1","","1095","18:01.810","891.50M","","","","cpu=1,mem=8G,node=1"
"27365752_165.extern","27369207.extern","COMPLETED","0:0","pi_jss233","","1","","1095","00:00:00","","","","","billing=1,cpu=1,mem=8G,node=1"
"27365752_166","27369249","COMPLETED","0:0","pi_jss233","day","1","0","1810","29:55.927","","8G","360","billing=1,cpu=1,mem=8G,node=1","billing=1,cpu=1,mem=8G,node=1"
"27365752_166.batch","27369249.batch","COMPLETED","0:0","pi_jss233","","1","","1810","29:55.927","934436K","","","","cpu=1,mem=8G,node=1"
"27365752_166.extern","27369249.extern","COMPLETED","0:0","pi_jss233","","1","","1810","00:00:00","","","","","billing=1,cpu=1,mem=8G,node=1"
"27365752_167","27369250","COMPLETED","0:0","pi_jss233","day","1","0","2095","34:40.863","","8G","360","billing=1,cpu=1,mem=8G,node=1","billing=1,cpu=1,mem=8G,node=1"
"27365752_167.batch","27369250.batch","COMPLETED","0:0","pi_jss233","","1","","2095","34:40.863","929144K","","","","cpu=1,mem=8G,node=1"
"27365752_167.extern","27369250.extern","COMPLETED","0:0","pi_jss233","","1","","2095","00:00:00","","","","","billing=1,cpu=1,mem=8G,node=1"
"27365752_168","27369306","COMPLETED","0:0","pi_jss233","day","1","0","690","11:15.166","","8G","360","billing=1,cpu=1,mem=8G,node=1","billing=1,cpu=1,mem=8G,node=1"
"27365752_168.batch","27369306.batch","COMPLETED","0:0","pi_jss233","","1","","690","11:15.166","986208K","","","","cpu=1,mem=8G,node=1"
"27365752_168.extern","27369306.extern","COMPLETED","0:0","pi_jss233","","1","","690","00:00:00","","","","","billing=1,cpu=1,mem=8G,node=1"
"27365752_169","27369424","COMPLETED","0:0","pi_jss233","day","1","0","1045","17:15.489","","8G","360","billing=1,cpu=1,mem=8G,node=1","billing=1,cpu=1,mem=8G,node=1"
"27365752_169.batch","27369424.batch","COMPLETED","0:0","pi_jss233","","1","","1045","17:15.489","907464K","","","","cpu=1,mem=8G,node=1"
"27365752_169.extern","27369424.extern","COMPLETED","0:0","pi_jss233","","1","","1045","00:00:00","","","","","billing=1,cpu=1,mem=8G,node=1"
"27365752_170","27369478","COMPLETED","0:0","pi_jss233","day","1","0","1754","29:02.040","","8G","360","billing=1,cpu=1,mem=8G,node=1","billing=1,cpu=1,mem=8G,node=1"
"27365752_170.batch","27369478.batch","COMPLETED","0:0","pi_jss233","","1","","1754","29:02.040","946432K","","","","cpu=1,mem=8G,node=1"
"27365752_170.extern","27369478.extern","COMPLETED","0:0","pi_jss233","","1","","1754","00:00:00","","","","","billing=1,cpu=1,mem=8G,node=1"
"27365752_171","27369484","COMPLETED","0:0","pi_jss233","day","1","0","1540","25:26.810","","8G","360","billing=1,cpu=1,mem=8G,node=1","billing=1,cpu=1,mem=8G,node=1"
"27365752_171.batch","27369484.batch","COMPLETED","0:0","pi_jss233","","1","","1540","25:26.810","1004912K","","","","cpu=1,mem=8G,node=1"
"27365752_171.extern","27369484.extern","COMPLETED","0:0","pi_jss233","","1","","1540","00:00:00","","","","","billing=1,cpu=1,mem=8G,node=1"
"27365752_172","27369553","COMPLETED","0:0","pi_jss233","day","1","0","1009","16:39.163","","8G","360","billing=1,cpu=1,mem=8G,node=1","billing=1,cpu=1,mem=8G,node=1"
"27365752_172.batch","27369553.batch","COMPLETED","0:0","pi_jss233","","1","","1009","16:39.163","963696K","","","","cpu=1,mem=8G,node=1"
"27365752_172.extern","27369553.extern","COMPLETED","0:0","pi_jss233","","1","","1009","00:00:00","","","","","billing=1,cpu=1,mem=8G,node=1"
"27365752_173","27369555","COMPLETED","0:0","pi_jss233","day","1","0","1469","24:18.989","","8G","360","billing=1,cpu=1,mem=8G,node=1","billing=1,cpu=1,mem=8G,node=1"
"27365752_173.batch","27369555.batch","COMPLETED","0:0","pi_jss233","","1","","1469","24:18.989","945856K","","","","cpu=1,mem=8G,node=1"
"27365752_173.extern","27369555.extern","COMPLETED","0:0","pi_jss233","","1","","1469","00:00:00","","","","","billing=1,cpu=1,mem=8G,node=1"
"27365752_174","27369621","COMPLETED","0:0","pi_jss233","day","1","0","779","12:51.270","","8G","360","billing=1,cpu=1,mem=8G,node=1","billing=1,cpu=1,mem=8G,node=1"
"27365752_174.batch","27369621.batch","COMPLETED","0:0","pi_jss233","","1","","779","12:51.270","925224K","","","","cpu=1,mem=8G,node=1"
"27365752_174.extern","27369621.extern","COMPLETED","0:0","pi_jss233","","1","","779","00:00:00","","","","","billing=1,cpu=1,mem=8G,node=1"
"27365752_175","27369622","COMPLETED","0:0","pi_jss233","day","1","0","797","13:08.318","","8G","360","billing=1,cpu=1,mem=8G,node=1","billing=1,cpu=1,mem=8G,node=1"
"27365752_175.batch","27369622.batch","COMPLETED","0:0","pi_jss233","","1","","797","13:08.318","921748K","","","","cpu=1,mem=8G,node=1"
"27365752_175.extern","27369622.extern","COMPLETED","0:0","pi_jss233","","1","","797","00:00:00","","","","","billing=1,cpu=1,mem=8G,node=1"
"27365752_176","27369631","COMPLETED","0:0","pi_jss233","day","1","0","1088","17:57.902","","8G","360","billing=1,cpu=1,mem=8G,node=1","billing=1,cpu=1,mem=8G,node=1"
"27365752_176.batch","27369631.batch","COMPLETED","0:0","pi_jss233","","1","","1088","17:57.902","930592K","","","","cpu=1,mem=8G,node=1"
"27365752_176.extern","27369631.extern","COMPLETED","0:0","pi_jss233","","1","","1088","00:00:00","","","","","billing=1,cpu=1,mem=8G,node=1"
"27365752_177","27369632","COMPLETED","0:0","pi_jss233","day","1","0","1042","17:14.134","","8G","360","billing=1,cpu=1,mem=8G,node=1","billing=1,cpu=1,mem=8G,node=1"
"27365752_177.batch","27369632.batch","COMPLETED","0:0","pi_jss233","","1","","1042","17:14.134","931796K","","","","cpu=1,mem=8G,node=1"
"27365752_177.extern","27369632.extern","COMPLETED","0:0","pi_jss233","","1","","1042","00:00:00","","","","","billing=1,cpu=1,mem=8G,node=1"
"27365752_178","27369638","COMPLETED","0:0","pi_jss233","day","1","0","1498","24:47.334","","8G","360","billing=1,cpu=1,mem=8G,node=1","billing=1,cpu=1,mem=8G,node=1"
"27365752_178.batch","27369638.batch","COMPLETED","0:0","pi_jss233","","1","","1498","24:47.334","934796K","","","","cpu=1,mem=8G,node=1"
"27365752_178.extern","27369638.extern","COMPLETED","0:0","pi_jss233","","1","","1498","00:00:00","","","","","billing=1,cpu=1,mem=8G,node=1"
"27365752_179","27369689","COMPLETED","0:0","pi_jss233","day","1","0","1684","27:50.610","","8G","360","billing=1,cpu=1,mem=8G,node=1","billing=1,cpu=1,mem=8G,node=1"
"27365752_179.batch","27369689.batch","COMPLETED","0:0","pi_jss233","","1","","1684","27:50.610","936840K","","","","cpu=1,mem=8G,node=1"
"27365752_179.extern","27369689.extern","COMPLETED","0:0","pi_jss233","","1","","1684","00:00:00","","","","","billing=1,cpu=1,mem=8G,node=1"
"27365752_180","27369690","COMPLETED","0:0","pi_jss233","day","1","0","862","14:14.243","","8G","360","billing=1,cpu=1,mem=8G,node=1","billing=1,cpu=1,mem=8G,node=1"
"27365752_180.batch","27369690.batch","COMPLETED","0:0","pi_jss233","","1","","862","14:14.243","900620K","","","","cpu=1,mem=8G,node=1"
"27365752_180.extern","27369690.extern","COMPLETED","0:0","pi_jss233","","1","","862","00:00:00","","","","","billing=1,cpu=1,mem=8G,node=1"
"27365752_181","27369708","COMPLETED","0:0","pi_jss233","day","1","0","880","14:32.318","","8G","360","billing=1,cpu=1,mem=8G,node=1","billing=1,cpu=1,mem=8G,node=1"
"27365752_181.batch","27369708.batch","COMPLETED","0:0","pi_jss233","","1","","880","14:32.318","937644K","","","","cpu=1,mem=8G,node=1"
"27365752_181.extern","27369708.extern","COMPLETED","0:0","pi_jss233","","1","","880","00:00:00","","","","","billing=1,cpu=1,mem=8G,node=1"
"27365752_182","27369775","COMPLETED","0:0","pi_jss233","day","1","0","1608","26:37.794","","8G","360","billing=1,cpu=1,mem=8G,node=1","billing=1,cpu=1,mem=8G,node=1"
"27365752_182.batch","27369775.batch","COMPLETED","0:0","pi_jss233","","1","","1608","26:37.794","918940K","","","","cpu=1,mem=8G,node=1"
"27365752_182.extern","27369775.extern","COMPLETED","0:0","pi_jss233","","1","","1608","00:00:00","","","","","billing=1,cpu=1,mem=8G,node=1"
"27365752_183","27369776","COMPLETED","0:0","pi_jss233","day","1","0","1638","27:06.776","","8G","360","billing=1,cpu=1,mem=8G,node=1","billing=1,cpu=1,mem=8G,node=1"
"27365752_183.batch","27369776.batch","COMPLETED","0:0","pi_jss233","","1","","1638","27:06.776","920020K","","","","cpu=1,mem=8G,node=1"
"27365752_183.extern","27369776.extern","COMPLETED","0:0","pi_jss233","","1","","1638","00:00:00","","","","","billing=1,cpu=1,mem=8G,node=1"
"27365752_184","27369827","COMPLETED","0:0","pi_jss233","day","1","0","1468","24:18.900","","8G","360","billing=1,cpu=1,mem=8G,node=1","billing=1,cpu=1,mem=8G,node=1"
"27365752_184.batch","27369827.batch","COMPLETED","0:0","pi_jss233","","1","","1468","24:18.900","950740K","","","","cpu=1,mem=8G,node=1"
"27365752_184.extern","27369827.extern","COMPLETED","0:0","pi_jss233","","1","","1468","00:00:00","","","","","billing=1,cpu=1,mem=8G,node=1"
"27365752_185","27369831","COMPLETED","0:0","pi_jss233","day","1","0","726","12:00.095","","8G","360","billing=1,cpu=1,mem=8G,node=1","billing=1,cpu=1,mem=8G,node=1"
"27365752_185.batch","27369831.batch","COMPLETED","0:0","pi_jss233","","1","","726","12:00.095","927048K","","","","cpu=1,mem=8G,node=1"
"27365752_185.extern","27369831.extern","COMPLETED","0:0","pi_jss233","","1","","726","00:00:00","","","","","billing=1,cpu=1,mem=8G,node=1"
"27365752_186","27369953","COMPLETED","0:0","pi_jss233","day","1","0","1460","24:11.784","","8G","360","billing=1,cpu=1,mem=8G,node=1","billing=1,cpu=1,mem=8G,node=1"
"27365752_186.batch","27369953.batch","COMPLETED","0:0","pi_jss233","","1","","1460","24:11.784","1241048K","","","","cpu=1,mem=8G,node=1"
"27365752_186.extern","27369953.extern","COMPLETED","0:0","pi_jss233","","1","","1460","00:00:00","","","","","billing=1,cpu=1,mem=8G,node=1"
"27365752_187","27369954","COMPLETED","0:0","pi_jss233","day","1","0","2172","35:52.439","","8G","360","billing=1,cpu=1,mem=8G,node=1","billing=1,cpu=1,mem=8G,node=1"
"27365752_187.batch","27369954.batch","COMPLETED","0:0","pi_jss233","","1","","2172","35:52.439","945192K","","","","cpu=1,mem=8G,node=1"
"27365752_187.extern","27369954.extern","COMPLETED","0:0","pi_jss233","","1","","2172","00:00:00","","","","","billing=1,cpu=1,mem=8G,node=1"
"27365752_188","27369957","COMPLETED","0:0","pi_jss233","day","1","0","1941","32:08.292","","8G","360","billing=1,cpu=1,mem=8G,node=1","billing=1,cpu=1,mem=8G,node=1"
"27365752_188.batch","27369957.batch","COMPLETED","0:0","pi_jss233","","1","","1941","32:08.292","962156K","","","","cpu=1,mem=8G,node=1"
"27365752_188.extern","27369957.extern","COMPLETED","0:0","pi_jss233","","1","","1941","00:00:00","","","","","billing=1,cpu=1,mem=8G,node=1"
"27365752_189","27369958","COMPLETED","0:0","pi_jss233","day","1","0","1286","21:17.519","","8G","360","billing=1,cpu=1,mem=8G,node=1","billing=1,cpu=1,mem=8G,node=1"
"27365752_189.batch","27369958.batch","COMPLETED","0:0","pi_jss233","","1","","1286","21:17.519","944048K","","","","cpu=1,mem=8G,node=1"
"27365752_189.extern","27369958.extern","COMPLETED","0:0","pi_jss233","","1","","1286","00:00:00","","","","","billing=1,cpu=1,mem=8G,node=1"
"27365752_190","27370039","COMPLETED","0:0","pi_jss233","day","1","0","1732","28:41.673","","8G","360","billing=1,cpu=1,mem=8G,node=1","billing=1,cpu=1,mem=8G,node=1"
"27365752_190.batch","27370039.batch","COMPLETED","0:0","pi_jss233","","1","","1732","28:41.673","939512K","","","","cpu=1,mem=8G,node=1"
"27365752_190.extern","27370039.extern","COMPLETED","0:0","pi_jss233","","1","","1732","00:00:00","","","","","billing=1,cpu=1,mem=8G,node=1"
"27365752_191","27370041","COMPLETED","0:0","pi_jss233","day","1","0","1671","27:37.435","","8G","360","billing=1,cpu=1,mem=8G,node=1","billing=1,cpu=1,mem=8G,node=1"
"27365752_191.batch","27370041.batch","COMPLETED","0:0","pi_jss233","","1","","1671","27:37.435","954208K","","","","cpu=1,mem=8G,node=1"
"27365752_191.extern","27370041.extern","COMPLETED","0:0","pi_jss233","","1","","1671","00:00:00","","","","","billing=1,cpu=1,mem=8G,node=1"
"27365752_192","27370050","COMPLETED","0:0","pi_jss233","day","1","0","851","14:04.616","","8G","360","billing=1,cpu=1,mem=8G,node=1","billing=1,cpu=1,mem=8G,node=1"
"27365752_192.batch","27370050.batch","COMPLETED","0:0","pi_jss233","","1","","851","14:04.616","924856K","","","","cpu=1,mem=8G,node=1"
"27365752_192.extern","27370050.extern","COMPLETED","0:0","pi_jss233","","1","","851","00:00:00","","","","","billing=1,cpu=1,mem=8G,node=1"
"27365752_193","27370051","COMPLETED","0:0","pi_jss233","day","1","0","713","11:47.011","","8G","360","billing=1,cpu=1,mem=8G,node=1","billing=1,cpu=1,mem=8G,node=1"
"27365752_193.batch","27370051.batch","COMPLETED","0:0","pi_jss233","","1","","713","11:47.011","909028K","","","","cpu=1,mem=8G,node=1"
"27365752_193.extern","27370051.extern","COMPLETED","0:0","pi_jss233","","1","","713","00:00:00","","","","","billing=1,cpu=1,mem=8G,node=1"
"27365752_194","27370107","COMPLETED","0:0","pi_jss233","day","1","0","737","12:10.281","","8G","360","billing=1,cpu=1,mem=8G,node=1","billing=1,cpu=1,mem=8G,node=1"
"27365752_194.batch","27370107.batch","COMPLETED","0:0","pi_jss233","","1","","737","12:10.281","918568K","","","","cpu=1,mem=8G,node=1"
"27365752_194.extern","27370107.extern","COMPLETED","0:0","pi_jss233","","1","","737","00:00:00","","","","","billing=1,cpu=1,mem=8G,node=1"
"27365752_195","27370116","COMPLETED","0:0","pi_jss233","day","1","0","839","13:50.179","","8G","360","billing=1,cpu=1,mem=8G,node=1","billing=1,cpu=1,mem=8G,node=1"
"27365752_195.batch","27370116.batch","COMPLETED","0:0","pi_jss233","","1","","839","13:50.179","913836K","","","","cpu=1,mem=8G,node=1"
"27365752_195.extern","27370116.extern","COMPLETED","0:0","pi_jss233","","1","","839","00:00:00","","","","","billing=1,cpu=1,mem=8G,node=1"
"27365752_196","27370180","COMPLETED","0:0","pi_jss233","day","1","0","602","09:55.912","","8G","360","billing=1,cpu=1,mem=8G,node=1","billing=1,cpu=1,mem=8G,node=1"
"27365752_196.batch","27370180.batch","COMPLETED","0:0","pi_jss233","","1","","602","09:55.912","916316K","","","","cpu=1,mem=8G,node=1"
"27365752_196.extern","27370180.extern","COMPLETED","0:0","pi_jss233","","1","","602","00:00:00","","","","","billing=1,cpu=1,mem=8G,node=1"
"27365752_197","27370184","COMPLETED","0:0","pi_jss233","day","1","0","1069","17:40.182","","8G","360","billing=1,cpu=1,mem=8G,node=1","billing=1,cpu=1,mem=8G,node=1"
"27365752_197.batch","27370184.batch","COMPLETED","0:0","pi_jss233","","1","","1069","17:40.182","909664K","","","","cpu=1,mem=8G,node=1"
"27365752_197.extern","27370184.extern","COMPLETED","0:0","pi_jss233","","1","","1069","00:00:00","","","","","billing=1,cpu=1,mem=8G,node=1"
"27365752_198","27370185","COMPLETED","0:0","pi_jss233","day","1","0","1744","28:52.556","","8G","360","billing=1,cpu=1,mem=8G,node=1","billing=1,cpu=1,mem=8G,node=1"
"27365752_198.batch","27370185.batch","COMPLETED","0:0","pi_jss233","","1","","1744","28:52.556","947956K","","","","cpu=1,mem=8G,node=1"
"27365752_198.extern","27370185.extern","COMPLETED","0:0","pi_jss233","","1","","1744","00:00:00","","","","","billing=1,cpu=1,mem=8G,node=1"
"27365752_199","27365752","COMPLETED","0:0","pi_jss233","day","1","0","1366","22:35.943","","8G","360","billing=1,cpu=1,mem=8G,node=1","billing=1,cpu=1,mem=8G,node=1"
"27365752_199.batch","27365752.batch","COMPLETED","0:0","pi_jss233","","1","","1366","22:35.943","940340K","","","","cpu=1,mem=8G,node=1"
"27365752_199.extern","27365752.extern","COMPLETED","0:0","pi_jss233","","1","","1366","00:00:00","","","","","billing=1,cpu=1,mem=8G,node=1"
