"id","opponent","map","n","unbounded_minus_v2","unbounded_minus_disabled","v2_minus_disabled","policies"
"pinned_supalosa__hfo-le","pinned_supalosa","hfo-le","8","0.0625","-0.0625","-0.125","{""disabled"":{""n"":8,""W"":4,""D"":2,""L"":2,""score"":0.625,""literalWinRate"":0.5,""pooledWilsonWinLower90"":0.2936454286357453,""statuses"":{""baseline_win"":2,""candidate_win"":4,""tick_cap_draw"":2},""ticks"":{""all"":{""n"":8,""min"":7420,""median"":9706,""p90"":24000,""max"":24000,""mean"":12827.875},""W"":{""n"":4,""min"":9538,""median"":9706,""p90"":10903,""max"":10903,""mean"":9933.25},""D"":{""n"":2,""min"":24000,""median"":24000,""p90"":24000,""max"":24000,""mean"":24000},""L"":{""n"":2,""min"":7420,""median"":7470,""p90"":7470,""max"":7470,""mean"":7445}}},""separated_lanes_v2"":{""n"":8,""W"":2,""D"":4,""L"":2,""score"":0.5,""literalWinRate"":0.25,""pooledWilsonWinLower90"":0.10887074683495994,""statuses"":{""baseline_win"":2,""candidate_win"":2,""tick_cap_draw"":4},""ticks"":{""all"":{""n"":8,""min"":8092,""median"":24000,""p90"":24000,""max"":24000,""mean"":17734.375},""W"":{""n"":2,""min"":14459,""median"":15160,""p90"":15160,""max"":15160,""mean"":14809.5},""D"":{""n"":4,""min"":24000,""median"":24000,""p90"":24000,""max"":24000,""mean"":24000},""L"":{""n"":2,""min"":8092,""median"":8164,""p90"":8164,""max"":8164,""mean"":8128}}},""separated_lanes_unbounded_d1"":{""n"":8,""W"":3,""D"":3,""L"":2,""score"":0.5625,""literalWinRate"":0.375,""pooledWilsonWinLower90"":0.19535795103474965,""statuses"":{""baseline_win"":2,""candidate_win"":3,""tick_cap_draw"":3},""ticks"":{""all"":{""n"":8,""min"":7420,""median"":13165,""p90"":24000,""max"":24000,""mean"":15068},""W"":{""n"":3,""min"":9586,""median"":10903,""p90"":13165,""max"":13165,""mean"":11218},""D"":{""n"":3,""min"":24000,""median"":24000,""p90"":24000,""max"":24000,""mean"":24000},""L"":{""n"":2,""min"":7420,""median"":7470,""p90"":7470,""max"":7470,""mean"":7445}}}}"
"pinned_supalosa__peak","pinned_supalosa","peak","8","-0.1875","-0.0625","0.125","{""disabled"":{""n"":8,""W"":3,""D"":5,""L"":0,""score"":0.6875,""literalWinRate"":0.375,""pooledWilsonWinLower90"":0.19535795103474965,""statuses"":{""candidate_win"":3,""tick_cap_draw"":5},""ticks"":{""all"":{""n"":8,""min"":9441,""median"":24000,""p90"":24000,""max"":24000,""mean"":18794.625},""W"":{""n"":3,""min"":9441,""median"":9458,""p90"":11458,""max"":11458,""mean"":10119},""D"":{""n"":5,""min"":24000,""median"":24000,""p90"":24000,""max"":24000,""mean"":24000},""L"":null}},""separated_lanes_v2"":{""n"":8,""W"":5,""D"":3,""L"":0,""score"":0.8125,""literalWinRate"":0.625,""pooledWilsonWinLower90"":0.4027757419118244,""statuses"":{""candidate_win"":5,""tick_cap_draw"":3},""ticks"":{""all"":{""n"":8,""min"":8420,""median"":18713,""p90"":24000,""max"":24000,""mean"":16284.125},""W"":{""n"":5,""min"":8420,""median"":10078,""p90"":18713,""max"":18713,""mean"":11654.6},""D"":{""n"":3,""min"":24000,""median"":24000,""p90"":24000,""max"":24000,""mean"":24000},""L"":null}},""separated_lanes_unbounded_d1"":{""n"":8,""W"":3,""D"":4,""L"":1,""score"":0.625,""literalWinRate"":0.375,""pooledWilsonWinLower90"":0.19535795103474965,""statuses"":{""baseline_win"":1,""candidate_win"":3,""tick_cap_draw"":4},""ticks"":{""all"":{""n"":8,""min"":9441,""median"":24000,""p90"":24000,""max"":24000,""mean"":18585.5},""W"":{""n"":3,""min"":9441,""median"":9458,""p90"":11520,""max"":11520,""mean"":10139.666666666666},""D"":{""n"":4,""min"":24000,""median"":24000,""p90"":24000,""max"":24000,""mean"":24000},""L"":{""n"":1,""min"":22265,""median"":22265,""p90"":22265,""max"":22265,""mean"":22265}}}}"
"pinned_supalosa__hfo-original","pinned_supalosa","hfo-original","8","0.0625","0","-0.0625","{""disabled"":{""n"":8,""W"":3,""D"":2,""L"":3,""score"":0.5,""literalWinRate"":0.375,""pooledWilsonWinLower90"":0.19535795103474965,""statuses"":{""baseline_win"":3,""candidate_win"":3,""tick_cap_draw"":2},""ticks"":{""all"":{""n"":8,""min"":7384,""median"":13606,""p90"":24000,""max"":24000,""mean"":15168.5},""W"":{""n"":3,""min"":10958,""median"":13606,""p90"":19267,""max"":19267,""mean"":14610.333333333334},""D"":{""n"":2,""min"":24000,""median"":24000,""p90"":24000,""max"":24000,""mean"":24000},""L"":{""n"":3,""min"":7384,""median"":10046,""p90"":12087,""max"":12087,""mean"":9839}}},""separated_lanes_v2"":{""n"":8,""W"":2,""D"":3,""L"":3,""score"":0.4375,""literalWinRate"":0.25,""pooledWilsonWinLower90"":0.10887074683495994,""statuses"":{""baseline_win"":3,""candidate_win"":2,""tick_cap_draw"":3},""ticks"":{""all"":{""n"":8,""min"":7582,""median"":22249,""p90"":24000,""max"":24000,""mean"":17237.5},""W"":{""n"":2,""min"":9717,""median"":22249,""p90"":22249,""max"":22249,""mean"":15983},""D"":{""n"":3,""min"":24000,""median"":24000,""p90"":24000,""max"":24000,""mean"":24000},""L"":{""n"":3,""min"":7582,""median"":11791,""p90"":14561,""max"":14561,""mean"":11311.333333333334}}},""separated_lanes_unbounded_d1"":{""n"":8,""W"":3,""D"":2,""L"":3,""score"":0.5,""literalWinRate"":0.375,""pooledWilsonWinLower90"":0.19535795103474965,""statuses"":{""baseline_win"":3,""candidate_win"":3,""tick_cap_draw"":2},""ticks"":{""all"":{""n"":8,""min"":7582,""median"":10958,""p90"":24000,""max"":24000,""mean"":13604.375},""W"":{""n"":3,""min"":9910,""median"":10252,""p90"":10958,""max"":10958,""mean"":10373.333333333334},""D"":{""n"":2,""min"":24000,""median"":24000,""p90"":24000,""max"":24000,""mean"":24000},""L"":{""n"":3,""min"":7582,""median"":10046,""p90"":12087,""max"":12087,""mean"":9905}}}}"
"pinned_supalosa__hfo-golden","pinned_supalosa","hfo-golden","8","0","-0.125","-0.125","{""disabled"":{""n"":8,""W"":4,""D"":2,""L"":2,""score"":0.625,""literalWinRate"":0.5,""pooledWilsonWinLower90"":0.2936454286357453,""statuses"":{""baseline_win"":2,""candidate_win"":4,""tick_cap_draw"":2},""ticks"":{""all"":{""n"":8,""min"":7096,""median"":11680,""p90"":24000,""max"":24000,""mean"":13331.25},""W"":{""n"":4,""min"":7096,""median"":11680,""p90"":11844,""max"":11844,""mean"":10317},""D"":{""n"":2,""min"":24000,""median"":24000,""p90"":24000,""max"":24000,""mean"":24000},""L"":{""n"":2,""min"":7962,""median"":9420,""p90"":9420,""max"":9420,""mean"":8691}}},""separated_lanes_v2"":{""n"":8,""W"":3,""D"":2,""L"":3,""score"":0.5,""literalWinRate"":0.375,""pooledWilsonWinLower90"":0.19535795103474965,""statuses"":{""baseline_win"":3,""candidate_win"":3,""tick_cap_draw"":2},""ticks"":{""all"":{""n"":8,""min"":7330,""median"":12490,""p90"":24000,""max"":24000,""mean"":13896.25},""W"":{""n"":3,""min"":9575,""median"":12490,""p90"":13577,""max"":13577,""mean"":11880.666666666666},""D"":{""n"":2,""min"":24000,""median"":24000,""p90"":24000,""max"":24000,""mean"":24000},""L"":{""n"":3,""min"":7330,""median"":8310,""p90"":11888,""max"":11888,""mean"":9176}}},""separated_lanes_unbounded_d1"":{""n"":8,""W"":3,""D"":2,""L"":3,""score"":0.5,""literalWinRate"":0.375,""pooledWilsonWinLower90"":0.19535795103474965,""statuses"":{""baseline_win"":3,""candidate_win"":3,""tick_cap_draw"":2},""ticks"":{""all"":{""n"":8,""min"":7330,""median"":12847,""p90"":24000,""max"":24000,""mean"":14576.25},""W"":{""n"":3,""min"":9544,""median"":11844,""p90"":12847,""max"":12847,""mean"":11411.666666666666},""D"":{""n"":2,""min"":24000,""median"":24000,""p90"":24000,""max"":24000,""mean"":24000},""L"":{""n"":3,""min"":7330,""median"":9420,""p90"":17625,""max"":17625,""mean"":11458.333333333334}}}}"
"pinned_supalosa__hfo-corners","pinned_supalosa","hfo-corners","8","-0.0625","0","0.0625","{""disabled"":{""n"":8,""W"":3,""D"":2,""L"":3,""score"":0.5,""literalWinRate"":0.375,""pooledWilsonWinLower90"":0.19535795103474965,""statuses"":{""baseline_win"":3,""candidate_win"":3,""tick_cap_draw"":2},""ticks"":{""all"":{""n"":8,""min"":7006,""median"":20249,""p90"":24000,""max"":24000,""mean"":16214.5},""W"":{""n"":3,""min"":16546,""median"":20249,""p90"":21114,""max"":21114,""mean"":19303},""D"":{""n"":2,""min"":24000,""median"":24000,""p90"":24000,""max"":24000,""mean"":24000},""L"":{""n"":3,""min"":7006,""median"":7918,""p90"":8883,""max"":8883,""mean"":7935.666666666667}}},""separated_lanes_v2"":{""n"":8,""W"":2,""D"":5,""L"":1,""score"":0.5625,""literalWinRate"":0.25,""pooledWilsonWinLower90"":0.10887074683495994,""statuses"":{""baseline_win"":1,""candidate_win"":2,""tick_cap_draw"":5},""ticks"":{""all"":{""n"":8,""min"":7663,""median"":24000,""p90"":24000,""max"":24000,""mean"":20172.125},""W"":{""n"":2,""min"":13580,""median"":20134,""p90"":20134,""max"":20134,""mean"":16857},""D"":{""n"":5,""min"":24000,""median"":24000,""p90"":24000,""max"":24000,""mean"":24000},""L"":{""n"":1,""min"":7663,""median"":7663,""p90"":7663,""max"":7663,""mean"":7663}}},""separated_lanes_unbounded_d1"":{""n"":8,""W"":3,""D"":2,""L"":3,""score"":0.5,""literalWinRate"":0.375,""pooledWilsonWinLower90"":0.19535795103474965,""statuses"":{""baseline_win"":3,""candidate_win"":3,""tick_cap_draw"":2},""ticks"":{""all"":{""n"":8,""min"":7006,""median"":20249,""p90"":24000,""max"":24000,""mean"":15512.625},""W"":{""n"":3,""min"":11488,""median"":20249,""p90"":21114,""max"":21114,""mean"":17617},""D"":{""n"":2,""min"":24000,""median"":24000,""p90"":24000,""max"":24000,""mean"":24000},""L"":{""n"":3,""min"":7006,""median"":7918,""p90"":8326,""max"":8326,""mean"":7750}}}}"
"pinned_supalosa__hfo-corners-b","pinned_supalosa","hfo-corners-b","8","0.0625","0.0625","0","{""disabled"":{""n"":8,""W"":2,""D"":3,""L"":3,""score"":0.4375,""literalWinRate"":0.25,""pooledWilsonWinLower90"":0.10887074683495994,""statuses"":{""baseline_win"":3,""candidate_win"":2,""tick_cap_draw"":3},""ticks"":{""all"":{""n"":8,""min"":6562,""median"":23474,""p90"":24000,""max"":24000,""mean"":17504.25},""W"":{""n"":2,""min"":12616,""median"":17644,""p90"":17644,""max"":17644,""mean"":15130},""D"":{""n"":3,""min"":24000,""median"":24000,""p90"":24000,""max"":24000,""mean"":24000},""L"":{""n"":3,""min"":6562,""median"":7738,""p90"":23474,""max"":23474,""mean"":12591.333333333334}}},""separated_lanes_v2"":{""n"":8,""W"":1,""D"":5,""L"":2,""score"":0.4375,""literalWinRate"":0.125,""pooledWilsonWinLower90"":0.038176543007959585,""statuses"":{""baseline_win"":2,""candidate_win"":1,""tick_cap_draw"":5},""ticks"":{""all"":{""n"":8,""min"":6538,""median"":24000,""p90"":24000,""max"":24000,""mean"":18441.5},""W"":{""n"":1,""min"":13376,""median"":13376,""p90"":13376,""max"":13376,""mean"":13376},""D"":{""n"":5,""min"":24000,""median"":24000,""p90"":24000,""max"":24000,""mean"":24000},""L"":{""n"":2,""min"":6538,""median"":7618,""p90"":7618,""max"":7618,""mean"":7078}}},""separated_lanes_unbounded_d1"":{""n"":8,""W"":3,""D"":2,""L"":3,""score"":0.5,""literalWinRate"":0.375,""pooledWilsonWinLower90"":0.19535795103474965,""statuses"":{""baseline_win"":3,""candidate_win"":3,""tick_cap_draw"":2},""ticks"":{""all"":{""n"":8,""min"":6562,""median"":17644,""p90"":24000,""max"":24000,""mean"":15358.25},""W"":{""n"":3,""min"":8194,""median"":11374,""p90"":17644,""max"":17644,""mean"":12404},""D"":{""n"":2,""min"":24000,""median"":24000,""p90"":24000,""max"":24000,""mean"":24000},""L"":{""n"":3,""min"":6562,""median"":7618,""p90"":23474,""max"":23474,""mean"":12551.333333333334}}}}"
"pinned_supalosa__hfo-corners-b-golden","pinned_supalosa","hfo-corners-b-golden","8","0.3125","0.0625","-0.25","{""disabled"":{""n"":8,""W"":4,""D"":1,""L"":3,""score"":0.5625,""literalWinRate"":0.5,""pooledWilsonWinLower90"":0.2936454286357453,""statuses"":{""baseline_win"":3,""candidate_win"":4,""tick_cap_draw"":1},""ticks"":{""all"":{""n"":8,""min"":6454,""median"":8785,""p90"":24000,""max"":24000,""mean"":10584.375},""W"":{""n"":4,""min"":8077,""median"":10036,""p90"":10936,""max"":10936,""mean"":9317.75},""D"":{""n"":1,""min"":24000,""median"":24000,""p90"":24000,""max"":24000,""mean"":24000},""L"":{""n"":3,""min"":6454,""median"":8165,""p90"":8785,""max"":8785,""mean"":7801.333333333333}}},""separated_lanes_v2"":{""n"":8,""W"":2,""D"":1,""L"":5,""score"":0.3125,""literalWinRate"":0.25,""pooledWilsonWinLower90"":0.10887074683495994,""statuses"":{""baseline_win"":5,""candidate_win"":2,""tick_cap_draw"":1},""ticks"":{""all"":{""n"":8,""min"":6730,""median"":16938,""p90"":24000,""max"":24000,""mean"":14425.625},""W"":{""n"":2,""min"":11146,""median"":20015,""p90"":20015,""max"":20015,""mean"":15580.5},""D"":{""n"":1,""min"":24000,""median"":24000,""p90"":24000,""max"":24000,""mean"":24000},""L"":{""n"":5,""min"":6730,""median"":8606,""p90"":20286,""max"":20286,""mean"":12048.8}}},""separated_lanes_unbounded_d1"":{""n"":8,""W"":4,""D"":2,""L"":2,""score"":0.625,""literalWinRate"":0.5,""pooledWilsonWinLower90"":0.2936454286357453,""statuses"":{""baseline_win"":2,""candidate_win"":4,""tick_cap_draw"":2},""ticks"":{""all"":{""n"":8,""min"":6454,""median"":8222,""p90"":24000,""max"":24000,""mean"":12083.375},""W"":{""n"":4,""min"":7264,""median"":8222,""p90"":10485,""max"":10485,""mean"":8512},""D"":{""n"":2,""min"":24000,""median"":24000,""p90"":24000,""max"":24000,""mean"":24000},""L"":{""n"":2,""min"":6454,""median"":8165,""p90"":8165,""max"":8165,""mean"":7309.5}}}}"
"pinned_supalosa__hfo-bvb","pinned_supalosa","hfo-bvb","8","0.125","-0.125","-0.25","{""disabled"":{""n"":8,""W"":4,""D"":2,""L"":2,""score"":0.625,""literalWinRate"":0.5,""pooledWilsonWinLower90"":0.2936454286357453,""statuses"":{""baseline_win"":2,""candidate_win"":4,""tick_cap_draw"":2},""ticks"":{""all"":{""n"":8,""min"":9816,""median"":14644,""p90"":24000,""max"":24000,""mean"":16005.25},""W"":{""n"":4,""min"":9816,""median"":14422,""p90"":14644,""max"":14644,""mean"":12413.75},""D"":{""n"":2,""min"":24000,""median"":24000,""p90"":24000,""max"":24000,""mean"":24000},""L"":{""n"":2,""min"":11556,""median"":18831,""p90"":18831,""max"":18831,""mean"":15193.5}}},""separated_lanes_v2"":{""n"":8,""W"":3,""D"":0,""L"":5,""score"":0.375,""literalWinRate"":0.375,""pooledWilsonWinLower90"":0.19535795103474965,""statuses"":{""baseline_win"":5,""candidate_win"":3},""ticks"":{""all"":{""n"":8,""min"":11556,""median"":15460,""p90"":20537,""max"":20537,""mean"":15073.875},""W"":{""n"":3,""min"":11556,""median"":14128,""p90"":16510,""max"":16510,""mean"":14064.666666666666},""D"":null,""L"":{""n"":5,""min"":11726,""median"":15460,""p90"":20537,""max"":20537,""mean"":15679.4}}},""separated_lanes_unbounded_d1"":{""n"":8,""W"":3,""D"":2,""L"":3,""score"":0.5,""literalWinRate"":0.375,""pooledWilsonWinLower90"":0.19535795103474965,""statuses"":{""baseline_win"":3,""candidate_win"":3,""tick_cap_draw"":2},""ticks"":{""all"":{""n"":8,""min"":9816,""median"":14392,""p90"":24000,""max"":24000,""mean"":15458.625},""W"":{""n"":3,""min"":9816,""median"":10773,""p90"":14392,""max"":14392,""mean"":11660.333333333334},""D"":{""n"":2,""min"":24000,""median"":24000,""p90"":24000,""max"":24000,""mean"":24000},""L"":{""n"":3,""min"":10175,""median"":11682,""p90"":18831,""max"":18831,""mean"":13562.666666666666}}}}"
"pinned_supalosa__hfo-lvl","pinned_supalosa","hfo-lvl","8","-0.125","-0.125","0","{""disabled"":{""n"":8,""W"":4,""D"":1,""L"":3,""score"":0.5625,""literalWinRate"":0.5,""pooledWilsonWinLower90"":0.2936454286357453,""statuses"":{""baseline_win"":3,""candidate_win"":4,""tick_cap_draw"":1},""ticks"":{""all"":{""n"":8,""min"":8918,""median"":21164,""p90"":24000,""max"":24000,""mean"":18955.375},""W"":{""n"":4,""min"":14396,""median"":20204,""p90"":21164,""max"":21164,""mean"":18813.25},""D"":{""n"":1,""min"":24000,""median"":24000,""p90"":24000,""max"":24000,""mean"":24000},""L"":{""n"":3,""min"":8918,""median"":21483,""p90"":21989,""max"":21989,""mean"":17463.333333333332}}},""separated_lanes_v2"":{""n"":8,""W"":4,""D"":1,""L"":3,""score"":0.5625,""literalWinRate"":0.5,""pooledWilsonWinLower90"":0.2936454286357453,""statuses"":{""baseline_win"":3,""candidate_win"":4,""tick_cap_draw"":1},""ticks"":{""all"":{""n"":8,""min"":8044,""median"":20088,""p90"":24000,""max"":24000,""mean"":17000},""W"":{""n"":4,""min"":19637,""median"":20107,""p90"":20426,""max"":20426,""mean"":20064.5},""D"":{""n"":1,""min"":24000,""median"":24000,""p90"":24000,""max"":24000,""mean"":24000},""L"":{""n"":3,""min"":8044,""median"":8918,""p90"":14780,""max"":14780,""mean"":10580.666666666666}}},""separated_lanes_unbounded_d1"":{""n"":8,""W"":3,""D"":1,""L"":4,""score"":0.4375,""literalWinRate"":0.375,""pooledWilsonWinLower90"":0.19535795103474965,""statuses"":{""baseline_win"":4,""candidate_win"":3,""tick_cap_draw"":1},""ticks"":{""all"":{""n"":8,""min"":8104,""median"":20153,""p90"":24000,""max"":24000,""mean"":17384},""W"":{""n"":3,""min"":14396,""median"":20029,""p90"":20153,""max"":20153,""mean"":18192.666666666668},""D"":{""n"":1,""min"":24000,""median"":24000,""p90"":24000,""max"":24000,""mean"":24000},""L"":{""n"":4,""min"":8104,""median"":21483,""p90"":21989,""max"":21989,""mean"":15123.5}}}}"
"pinned_supalosa__hfo-rvr","pinned_supalosa","hfo-rvr","8","0.0625","-0.0625","-0.125","{""disabled"":{""n"":8,""W"":3,""D"":4,""L"":1,""score"":0.625,""literalWinRate"":0.375,""pooledWilsonWinLower90"":0.19535795103474965,""statuses"":{""baseline_win"":1,""candidate_win"":3,""tick_cap_draw"":4},""ticks"":{""all"":{""n"":8,""min"":8608,""median"":24000,""p90"":24000,""max"":24000,""mean"":20697.625},""W"":{""n"":3,""min"":8608,""median"":20856,""p90"":21190,""max"":21190,""mean"":16884.666666666668},""D"":{""n"":4,""min"":24000,""median"":24000,""p90"":24000,""max"":24000,""mean"":24000},""L"":{""n"":1,""min"":18927,""median"":18927,""p90"":18927,""max"":18927,""mean"":18927}}},""separated_lanes_v2"":{""n"":8,""W"":1,""D"":6,""L"":1,""score"":0.5,""literalWinRate"":0.125,""pooledWilsonWinLower90"":0.038176543007959585,""statuses"":{""baseline_win"":1,""candidate_win"":1,""tick_cap_draw"":6},""ticks"":{""all"":{""n"":8,""min"":18450,""median"":24000,""p90"":24000,""max"":24000,""mean"":22755.5},""W"":{""n"":1,""min"":18450,""median"":18450,""p90"":18450,""max"":18450,""mean"":18450},""D"":{""n"":6,""min"":24000,""median"":24000,""p90"":24000,""max"":24000,""mean"":24000},""L"":{""n"":1,""min"":19594,""median"":19594,""p90"":19594,""max"":19594,""mean"":19594}}},""separated_lanes_unbounded_d1"":{""n"":8,""W"":2,""D"":5,""L"":1,""score"":0.5625,""literalWinRate"":0.25,""pooledWilsonWinLower90"":0.10887074683495994,""statuses"":{""baseline_win"":1,""candidate_win"":2,""tick_cap_draw"":5},""ticks"":{""all"":{""n"":8,""min"":12464,""median"":24000,""p90"":24000,""max"":24000,""mean"":21656},""W"":{""n"":2,""min"":12464,""median"":21190,""p90"":21190,""max"":21190,""mean"":16827},""D"":{""n"":5,""min"":24000,""median"":24000,""p90"":24000,""max"":24000,""mean"":24000},""L"":{""n"":1,""min"":19594,""median"":19594,""p90"":19594,""max"":19594,""mean"":19594}}}}"
"pinned_supalosa__hfo-tvt","pinned_supalosa","hfo-tvt","8","0","-0.0625","-0.0625","{""disabled"":{""n"":8,""W"":4,""D"":4,""L"":0,""score"":0.75,""literalWinRate"":0.5,""pooledWilsonWinLower90"":0.2936454286357453,""statuses"":{""candidate_win"":4,""tick_cap_draw"":4},""ticks"":{""all"":{""n"":8,""min"":7870,""median"":24000,""p90"":24000,""max"":24000,""mean"":18302.375},""W"":{""n"":4,""min"":7870,""median"":12002,""p90"":21315,""max"":21315,""mean"":12604.75},""D"":{""n"":4,""min"":24000,""median"":24000,""p90"":24000,""max"":24000,""mean"":24000},""L"":null}},""separated_lanes_v2"":{""n"":8,""W"":3,""D"":5,""L"":0,""score"":0.6875,""literalWinRate"":0.375,""pooledWilsonWinLower90"":0.19535795103474965,""statuses"":{""candidate_win"":3,""tick_cap_draw"":5},""ticks"":{""all"":{""n"":8,""min"":6718,""median"":24000,""p90"":24000,""max"":24000,""mean"":20999.875},""W"":{""n"":3,""min"":6718,""median"":20525,""p90"":20756,""max"":20756,""mean"":15999.666666666666},""D"":{""n"":5,""min"":24000,""median"":24000,""p90"":24000,""max"":24000,""mean"":24000},""L"":null}},""separated_lanes_unbounded_d1"":{""n"":8,""W"":3,""D"":5,""L"":0,""score"":0.6875,""literalWinRate"":0.375,""pooledWilsonWinLower90"":0.19535795103474965,""statuses"":{""candidate_win"":3,""tick_cap_draw"":5},""ticks"":{""all"":{""n"":8,""min"":6718,""median"":24000,""p90"":24000,""max"":24000,""mean"":18566},""W"":{""n"":3,""min"":6718,""median"":9808,""p90"":12002,""max"":12002,""mean"":9509.333333333334},""D"":{""n"":5,""min"":24000,""median"":24000,""p90"":24000,""max"":24000,""mean"":24000},""L"":null}}}"
"pinned_supalosa__tour-of-egypt","pinned_supalosa","tour-of-egypt","8","-0.0625","0","0.0625","{""disabled"":{""n"":8,""W"":1,""D"":1,""L"":6,""score"":0.1875,""literalWinRate"":0.125,""pooledWilsonWinLower90"":0.038176543007959585,""statuses"":{""baseline_win"":6,""candidate_win"":1,""tick_cap_draw"":1},""ticks"":{""all"":{""n"":8,""min"":5662,""median"":7960,""p90"":24000,""max"":24000,""mean"":9689.75},""W"":{""n"":1,""min"":9637,""median"":9637,""p90"":9637,""max"":9637,""mean"":9637},""D"":{""n"":1,""min"":24000,""median"":24000,""p90"":24000,""max"":24000,""mean"":24000},""L"":{""n"":6,""min"":5662,""median"":7197,""p90"":9922,""max"":9922,""mean"":7313.5}}},""separated_lanes_v2"":{""n"":8,""W"":2,""D"":0,""L"":6,""score"":0.25,""literalWinRate"":0.25,""pooledWilsonWinLower90"":0.10887074683495994,""statuses"":{""baseline_win"":6,""candidate_win"":2},""ticks"":{""all"":{""n"":8,""min"":5872,""median"":7652,""p90"":9032,""max"":9032,""mean"":7503.75},""W"":{""n"":2,""min"":7652,""median"":8351,""p90"":8351,""max"":8351,""mean"":8001.5},""D"":null,""L"":{""n"":6,""min"":5872,""median"":7619,""p90"":9032,""max"":9032,""mean"":7337.833333333333}}},""separated_lanes_unbounded_d1"":{""n"":8,""W"":1,""D"":1,""L"":6,""score"":0.1875,""literalWinRate"":0.125,""pooledWilsonWinLower90"":0.038176543007959585,""statuses"":{""baseline_win"":6,""candidate_win"":1,""tick_cap_draw"":1},""ticks"":{""all"":{""n"":8,""min"":5662,""median"":7226,""p90"":24000,""max"":24000,""mean"":9580.75},""W"":{""n"":1,""min"":9637,""median"":9637,""p90"":9637,""max"":9637,""mean"":9637},""D"":{""n"":1,""min"":24000,""median"":24000,""p90"":24000,""max"":24000,""mean"":24000},""L"":{""n"":6,""min"":5662,""median"":7197,""p90"":9922,""max"":9922,""mean"":7168.166666666667}}}}"
"pinned_supalosa__south-pacific","pinned_supalosa","south-pacific","8","0","0","0","{""disabled"":{""n"":8,""W"":0,""D"":6,""L"":2,""score"":0.375,""literalWinRate"":0,""pooledWilsonWinLower90"":0,""statuses"":{""baseline_win"":2,""engine_nonliteral_termination_draw"":2,""tick_cap_draw"":4},""ticks"":{""all"":{""n"":8,""min"":9438,""median"":24000,""p90"":24000,""max"":24000,""mean"":19737.125},""W"":null,""D"":{""n"":6,""min"":17832,""median"":24000,""p90"":24000,""max"":24000,""mean"":22936.5},""L"":{""n"":2,""min"":9438,""median"":10840,""p90"":10840,""max"":10840,""mean"":10139}}},""separated_lanes_v2"":{""n"":8,""W"":0,""D"":6,""L"":2,""score"":0.375,""literalWinRate"":0,""pooledWilsonWinLower90"":0,""statuses"":{""baseline_win"":2,""engine_nonliteral_termination_draw"":1,""tick_cap_draw"":5},""ticks"":{""all"":{""n"":8,""min"":9438,""median"":24000,""p90"":24000,""max"":24000,""mean"":19763.75},""W"":null,""D"":{""n"":6,""min"":17832,""median"":24000,""p90"":24000,""max"":24000,""mean"":22972},""L"":{""n"":2,""min"":9438,""median"":10840,""p90"":10840,""max"":10840,""mean"":10139}}},""separated_lanes_unbounded_d1"":{""n"":8,""W"":0,""D"":6,""L"":2,""score"":0.375,""literalWinRate"":0,""pooledWilsonWinLower90"":0,""statuses"":{""baseline_win"":2,""engine_nonliteral_termination_draw"":1,""tick_cap_draw"":5},""ticks"":{""all"":{""n"":8,""min"":9438,""median"":24000,""p90"":24000,""max"":24000,""mean"":19763.75},""W"":null,""D"":{""n"":6,""min"":17832,""median"":24000,""p90"":24000,""max"":24000,""mean"":22972},""L"":{""n"":2,""min"":9438,""median"":10840,""p90"":10840,""max"":10840,""mean"":10139}}}}"
"pinned_supalosa__south-pacific-2","pinned_supalosa","south-pacific-2","8","0","0","0","{""disabled"":{""n"":8,""W"":1,""D"":5,""L"":2,""score"":0.4375,""literalWinRate"":0.125,""pooledWilsonWinLower90"":0.038176543007959585,""statuses"":{""baseline_win"":2,""candidate_win"":1,""engine_nonliteral_termination_draw"":1,""tick_cap_draw"":4},""ticks"":{""all"":{""n"":8,""min"":13501,""median"":24000,""p90"":24000,""max"":24000,""mean"":21222.375},""W"":{""n"":1,""min"":21001,""median"":21001,""p90"":21001,""max"":21001,""mean"":21001},""D"":{""n"":5,""min"":21642,""median"":24000,""p90"":24000,""max"":24000,""mean"":23528.4},""L"":{""n"":2,""min"":13501,""median"":17635,""p90"":17635,""max"":17635,""mean"":15568}}},""separated_lanes_v2"":{""n"":8,""W"":0,""D"":7,""L"":1,""score"":0.4375,""literalWinRate"":0,""pooledWilsonWinLower90"":0,""statuses"":{""baseline_win"":1,""tick_cap_draw"":7},""ticks"":{""all"":{""n"":8,""min"":18235,""median"":24000,""p90"":24000,""max"":24000,""mean"":23279.375},""W"":null,""D"":{""n"":7,""min"":24000,""median"":24000,""p90"":24000,""max"":24000,""mean"":24000},""L"":{""n"":1,""min"":18235,""median"":18235,""p90"":18235,""max"":18235,""mean"":18235}}},""separated_lanes_unbounded_d1"":{""n"":8,""W"":1,""D"":5,""L"":2,""score"":0.4375,""literalWinRate"":0.125,""pooledWilsonWinLower90"":0.038176543007959585,""statuses"":{""baseline_win"":2,""candidate_win"":1,""tick_cap_draw"":5},""ticks"":{""all"":{""n"":8,""min"":13501,""median"":24000,""p90"":24000,""max"":24000,""mean"":21661.625},""W"":{""n"":1,""min"":22157,""median"":22157,""p90"":22157,""max"":22157,""mean"":22157},""D"":{""n"":5,""min"":24000,""median"":24000,""p90"":24000,""max"":24000,""mean"":24000},""L"":{""n"":2,""min"":13501,""median"":17635,""p90"":17635,""max"":17635,""mean"":15568}}}}"
"pinned_supalosa__pacific-heights","pinned_supalosa","pacific-heights","8","0.25","0","-0.25","{""disabled"":{""n"":8,""W"":6,""D"":2,""L"":0,""score"":0.875,""literalWinRate"":0.75,""pooledWilsonWinLower90"":0.5237063285891094,""statuses"":{""candidate_win"":6,""tick_cap_draw"":2},""ticks"":{""all"":{""n"":8,""min"":9274,""median"":10792,""p90"":24000,""max"":24000,""mean"":13775.5},""W"":{""n"":6,""min"":9274,""median"":9797,""p90"":13450,""max"":13450,""mean"":10367.333333333334},""D"":{""n"":2,""min"":24000,""median"":24000,""p90"":24000,""max"":24000,""mean"":24000},""L"":null}},""separated_lanes_v2"":{""n"":8,""W"":4,""D"":2,""L"":2,""score"":0.625,""literalWinRate"":0.5,""pooledWilsonWinLower90"":0.2936454286357453,""statuses"":{""baseline_win"":2,""candidate_win"":4,""tick_cap_draw"":2},""ticks"":{""all"":{""n"":8,""min"":9045,""median"":16698,""p90"":24000,""max"":24000,""mean"":15652.875},""W"":{""n"":4,""min"":9507,""median"":16698,""p90"":18411,""max"":18411,""mean"":13772},""D"":{""n"":2,""min"":24000,""median"":24000,""p90"":24000,""max"":24000,""mean"":24000},""L"":{""n"":2,""min"":9045,""median"":13090,""p90"":13090,""max"":13090,""mean"":11067.5}}},""separated_lanes_unbounded_d1"":{""n"":8,""W"":6,""D"":2,""L"":0,""score"":0.875,""literalWinRate"":0.75,""pooledWilsonWinLower90"":0.5237063285891094,""statuses"":{""candidate_win"":6,""tick_cap_draw"":2},""ticks"":{""all"":{""n"":8,""min"":9449,""median"":10163,""p90"":24000,""max"":24000,""mean"":14338.125},""W"":{""n"":6,""min"":9449,""median"":9880,""p90"":17560,""max"":17560,""mean"":11117.5},""D"":{""n"":2,""min"":24000,""median"":24000,""p90"":24000,""max"":24000,""mean"":24000},""L"":null}}}"
"ra2web_advanced__hfo-le","ra2web_advanced","hfo-le","8","-0.125","-0.0625","0.0625","{""disabled"":{""n"":8,""W"":2,""D"":3,""L"":3,""score"":0.4375,""literalWinRate"":0.25,""pooledWilsonWinLower90"":0.10887074683495994,""statuses"":{""baseline_win"":3,""candidate_win"":2,""tick_cap_draw"":3},""ticks"":{""all"":{""n"":8,""min"":18293,""median"":21453,""p90"":24000,""max"":24000,""mean"":21553},""W"":{""n"":2,""min"":18795,""median"":20464,""p90"":20464,""max"":20464,""mean"":19629.5},""D"":{""n"":3,""min"":24000,""median"":24000,""p90"":24000,""max"":24000,""mean"":24000},""L"":{""n"":3,""min"":18293,""median"":21419,""p90"":21453,""max"":21453,""mean"":20388.333333333332}}},""separated_lanes_v2"":{""n"":8,""W"":2,""D"":4,""L"":2,""score"":0.5,""literalWinRate"":0.25,""pooledWilsonWinLower90"":0.10887074683495994,""statuses"":{""baseline_win"":2,""candidate_win"":2,""tick_cap_draw"":4},""ticks"":{""all"":{""n"":8,""min"":19009,""median"":24000,""p90"":24000,""max"":24000,""mean"":22522.25},""W"":{""n"":2,""min"":19009,""median"":20217,""p90"":20217,""max"":20217,""mean"":19613},""D"":{""n"":4,""min"":24000,""median"":24000,""p90"":24000,""max"":24000,""mean"":24000},""L"":{""n"":2,""min"":21856,""median"":23096,""p90"":23096,""max"":23096,""mean"":22476}}},""separated_lanes_unbounded_d1"":{""n"":8,""W"":2,""D"":2,""L"":4,""score"":0.375,""literalWinRate"":0.25,""pooledWilsonWinLower90"":0.10887074683495994,""statuses"":{""baseline_win"":4,""candidate_win"":2,""tick_cap_draw"":2},""ticks"":{""all"":{""n"":8,""min"":18795,""median"":21544,""p90"":24000,""max"":24000,""mean"":21694.875},""W"":{""n"":2,""min"":18795,""median"":20464,""p90"":20464,""max"":20464,""mean"":19629.5},""D"":{""n"":2,""min"":24000,""median"":24000,""p90"":24000,""max"":24000,""mean"":24000},""L"":{""n"":4,""min"":21409,""median"":21544,""p90"":21850,""max"":21850,""mean"":21575}}}}"
"ra2web_advanced__hfo-original","ra2web_advanced","hfo-original","8","0.1875","0","-0.1875","{""disabled"":{""n"":8,""W"":4,""D"":2,""L"":2,""score"":0.625,""literalWinRate"":0.5,""pooledWilsonWinLower90"":0.2936454286357453,""statuses"":{""baseline_win"":2,""candidate_win"":4,""tick_cap_draw"":2},""ticks"":{""all"":{""n"":8,""min"":10292,""median"":18131,""p90"":24000,""max"":24000,""mean"":17419},""W"":{""n"":4,""min"":10292,""median"":17170,""p90"":18620,""max"":18620,""mean"":14870.75},""D"":{""n"":2,""min"":24000,""median"":24000,""p90"":24000,""max"":24000,""mean"":24000},""L"":{""n"":2,""min"":13738,""median"":18131,""p90"":18131,""max"":18131,""mean"":15934.5}}},""separated_lanes_v2"":{""n"":8,""W"":2,""D"":3,""L"":3,""score"":0.4375,""literalWinRate"":0.25,""pooledWilsonWinLower90"":0.10887074683495994,""statuses"":{""baseline_win"":3,""candidate_win"":2,""tick_cap_draw"":3},""ticks"":{""all"":{""n"":8,""min"":11535,""median"":22643,""p90"":24000,""max"":24000,""mean"":19374.875},""W"":{""n"":2,""min"":11535,""median"":19232,""p90"":19232,""max"":19232,""mean"":15383.5},""D"":{""n"":3,""min"":24000,""median"":24000,""p90"":24000,""max"":24000,""mean"":24000},""L"":{""n"":3,""min"":11566,""median"":18023,""p90"":22643,""max"":22643,""mean"":17410.666666666668}}},""separated_lanes_unbounded_d1"":{""n"":8,""W"":4,""D"":2,""L"":2,""score"":0.625,""literalWinRate"":0.5,""pooledWilsonWinLower90"":0.2936454286357453,""statuses"":{""baseline_win"":2,""candidate_win"":4,""tick_cap_draw"":2},""ticks"":{""all"":{""n"":8,""min"":10292,""median"":19776,""p90"":24000,""max"":24000,""mean"":18089.625},""W"":{""n"":4,""min"":10292,""median"":13660,""p90"":19941,""max"":19941,""mean"":14323.5},""D"":{""n"":2,""min"":24000,""median"":24000,""p90"":24000,""max"":24000,""mean"":24000},""L"":{""n"":2,""min"":19647,""median"":19776,""p90"":19776,""max"":19776,""mean"":19711.5}}}}"
"ra2web_advanced__hfo-golden","ra2web_advanced","hfo-golden","8","0.25","0.0625","-0.1875","{""disabled"":{""n"":8,""W"":3,""D"":4,""L"":1,""score"":0.625,""literalWinRate"":0.375,""pooledWilsonWinLower90"":0.19535795103474965,""statuses"":{""baseline_win"":1,""candidate_win"":3,""tick_cap_draw"":4},""ticks"":{""all"":{""n"":8,""min"":7894,""median"":24000,""p90"":24000,""max"":24000,""mean"":19172.75},""W"":{""n"":3,""min"":7894,""median"":11724,""p90"":19880,""max"":19880,""mean"":13166},""D"":{""n"":4,""min"":24000,""median"":24000,""p90"":24000,""max"":24000,""mean"":24000},""L"":{""n"":1,""min"":17884,""median"":17884,""p90"":17884,""max"":17884,""mean"":17884}}},""separated_lanes_v2"":{""n"":8,""W"":2,""D"":3,""L"":3,""score"":0.4375,""literalWinRate"":0.25,""pooledWilsonWinLower90"":0.10887074683495994,""statuses"":{""baseline_win"":3,""candidate_win"":2,""tick_cap_draw"":3},""ticks"":{""all"":{""n"":8,""min"":13881,""median"":18761,""p90"":24000,""max"":24000,""mean"":19227.25},""W"":{""n"":2,""min"":15004,""median"":15442,""p90"":15442,""max"":15442,""mean"":15223},""D"":{""n"":3,""min"":24000,""median"":24000,""p90"":24000,""max"":24000,""mean"":24000},""L"":{""n"":3,""min"":13881,""median"":18730,""p90"":18761,""max"":18761,""mean"":17124}}},""separated_lanes_unbounded_d1"":{""n"":8,""W"":4,""D"":3,""L"":1,""score"":0.6875,""literalWinRate"":0.5,""pooledWilsonWinLower90"":0.2936454286357453,""statuses"":{""baseline_win"":1,""candidate_win"":4,""tick_cap_draw"":3},""ticks"":{""all"":{""n"":8,""min"":8338,""median"":20707,""p90"":24000,""max"":24000,""mean"":18563.5},""W"":{""n"":4,""min"":8338,""median"":16336,""p90"":20707,""max"":20707,""mean"":14276.25},""D"":{""n"":3,""min"":24000,""median"":24000,""p90"":24000,""max"":24000,""mean"":24000},""L"":{""n"":1,""min"":19403,""median"":19403,""p90"":19403,""max"":19403,""mean"":19403}}}}"
"ra2web_advanced__hfo-corners","ra2web_advanced","hfo-corners","8","0.0625","0.125","0.0625","{""disabled"":{""n"":8,""W"":0,""D"":6,""L"":2,""score"":0.375,""literalWinRate"":0,""pooledWilsonWinLower90"":0,""statuses"":{""baseline_win"":2,""tick_cap_draw"":6},""ticks"":{""all"":{""n"":8,""min"":12085,""median"":24000,""p90"":24000,""max"":24000,""mean"":21166.5},""W"":null,""D"":{""n"":6,""min"":24000,""median"":24000,""p90"":24000,""max"":24000,""mean"":24000},""L"":{""n"":2,""min"":12085,""median"":13247,""p90"":13247,""max"":13247,""mean"":12666}}},""separated_lanes_v2"":{""n"":8,""W"":1,""D"":5,""L"":2,""score"":0.4375,""literalWinRate"":0.125,""pooledWilsonWinLower90"":0.038176543007959585,""statuses"":{""baseline_win"":2,""candidate_win"":1,""tick_cap_draw"":5},""ticks"":{""all"":{""n"":8,""min"":15843,""median"":24000,""p90"":24000,""max"":24000,""mean"":21866.125},""W"":{""n"":1,""min"":15843,""median"":15843,""p90"":15843,""max"":15843,""mean"":15843},""D"":{""n"":5,""min"":24000,""median"":24000,""p90"":24000,""max"":24000,""mean"":24000},""L"":{""n"":2,""min"":19356,""median"":19730,""p90"":19730,""max"":19730,""mean"":19543}}},""separated_lanes_unbounded_d1"":{""n"":8,""W"":2,""D"":4,""L"":2,""score"":0.5,""literalWinRate"":0.25,""pooledWilsonWinLower90"":0.10887074683495994,""statuses"":{""baseline_win"":2,""candidate_win"":2,""tick_cap_draw"":4},""ticks"":{""all"":{""n"":8,""min"":12085,""median"":24000,""p90"":24000,""max"":24000,""mean"":18814.75},""W"":{""n"":2,""min"":12214,""median"":16972,""p90"":16972,""max"":16972,""mean"":14593},""D"":{""n"":4,""min"":24000,""median"":24000,""p90"":24000,""max"":24000,""mean"":24000},""L"":{""n"":2,""min"":12085,""median"":13247,""p90"":13247,""max"":13247,""mean"":12666}}}}"
"ra2web_advanced__hfo-corners-b","ra2web_advanced","hfo-corners-b","8","-0.0625","-0.0625","0","{""disabled"":{""n"":8,""W"":2,""D"":6,""L"":0,""score"":0.625,""literalWinRate"":0.25,""pooledWilsonWinLower90"":0.10887074683495994,""statuses"":{""candidate_win"":2,""tick_cap_draw"":6},""ticks"":{""all"":{""n"":8,""min"":9928,""median"":24000,""p90"":24000,""max"":24000,""mean"":21345.25},""W"":{""n"":2,""min"":9928,""median"":16834,""p90"":16834,""max"":16834,""mean"":13381},""D"":{""n"":6,""min"":24000,""median"":24000,""p90"":24000,""max"":24000,""mean"":24000},""L"":null}},""separated_lanes_v2"":{""n"":8,""W"":2,""D"":6,""L"":0,""score"":0.625,""literalWinRate"":0.25,""pooledWilsonWinLower90"":0.10887074683495994,""statuses"":{""candidate_win"":2,""tick_cap_draw"":6},""ticks"":{""all"":{""n"":8,""min"":7474,""median"":24000,""p90"":24000,""max"":24000,""mean"":19910.5},""W"":{""n"":2,""min"":7474,""median"":7810,""p90"":7810,""max"":7810,""mean"":7642},""D"":{""n"":6,""min"":24000,""median"":24000,""p90"":24000,""max"":24000,""mean"":24000},""L"":null}},""separated_lanes_unbounded_d1"":{""n"":8,""W"":2,""D"":5,""L"":1,""score"":0.5625,""literalWinRate"":0.25,""pooledWilsonWinLower90"":0.10887074683495994,""statuses"":{""baseline_win"":1,""candidate_win"":2,""tick_cap_draw"":5},""ticks"":{""all"":{""n"":8,""min"":10960,""median"":24000,""p90"":24000,""max"":24000,""mean"":21808.25},""W"":{""n"":2,""min"":10960,""median"":19949,""p90"":19949,""max"":19949,""mean"":15454.5},""D"":{""n"":5,""min"":24000,""median"":24000,""p90"":24000,""max"":24000,""mean"":24000},""L"":{""n"":1,""min"":23557,""median"":23557,""p90"":23557,""max"":23557,""mean"":23557}}}}"
"ra2web_advanced__hfo-corners-b-golden","ra2web_advanced","hfo-corners-b-golden","8","0.1875","0","-0.1875","{""disabled"":{""n"":8,""W"":2,""D"":4,""L"":2,""score"":0.5,""literalWinRate"":0.25,""pooledWilsonWinLower90"":0.10887074683495994,""statuses"":{""baseline_win"":2,""candidate_win"":2,""tick_cap_draw"":4},""ticks"":{""all"":{""n"":8,""min"":9904,""median"":24000,""p90"":24000,""max"":24000,""mean"":20517.125},""W"":{""n"":2,""min"":9904,""median"":16204,""p90"":16204,""max"":16204,""mean"":13054},""D"":{""n"":4,""min"":24000,""median"":24000,""p90"":24000,""max"":24000,""mean"":24000},""L"":{""n"":2,""min"":20032,""median"":21997,""p90"":21997,""max"":21997,""mean"":21014.5}}},""separated_lanes_v2"":{""n"":8,""W"":1,""D"":3,""L"":4,""score"":0.3125,""literalWinRate"":0.125,""pooledWilsonWinLower90"":0.038176543007959585,""statuses"":{""baseline_win"":4,""candidate_win"":1,""tick_cap_draw"":3},""ticks"":{""all"":{""n"":8,""min"":10344,""median"":23512,""p90"":24000,""max"":24000,""mean"":21097.5},""W"":{""n"":1,""min"":10344,""median"":10344,""p90"":10344,""max"":10344,""mean"":10344},""D"":{""n"":3,""min"":24000,""median"":24000,""p90"":24000,""max"":24000,""mean"":24000},""L"":{""n"":4,""min"":19409,""median"":23350,""p90"":23512,""max"":23512,""mean"":21609}}},""separated_lanes_unbounded_d1"":{""n"":8,""W"":2,""D"":4,""L"":2,""score"":0.5,""literalWinRate"":0.25,""pooledWilsonWinLower90"":0.10887074683495994,""statuses"":{""baseline_win"":2,""candidate_win"":2,""tick_cap_draw"":4},""ticks"":{""all"":{""n"":8,""min"":11362,""median"":24000,""p90"":24000,""max"":24000,""mean"":20495.125},""W"":{""n"":2,""min"":11362,""median"":13054,""p90"":13054,""max"":13054,""mean"":12208},""D"":{""n"":4,""min"":24000,""median"":24000,""p90"":24000,""max"":24000,""mean"":24000},""L"":{""n"":2,""min"":20021,""median"":23524,""p90"":23524,""max"":23524,""mean"":21772.5}}}}"
"ra2web_advanced__hfo-bvb","ra2web_advanced","hfo-bvb","8","0.125","-0.125","-0.25","{""disabled"":{""n"":8,""W"":3,""D"":4,""L"":1,""score"":0.625,""literalWinRate"":0.375,""pooledWilsonWinLower90"":0.19535795103474965,""statuses"":{""baseline_win"":1,""candidate_win"":3,""tick_cap_draw"":4},""ticks"":{""all"":{""n"":8,""min"":8997,""median"":24000,""p90"":24000,""max"":24000,""mean"":17234.75},""W"":{""n"":3,""min"":8997,""median"":9443,""p90"":10053,""max"":10053,""mean"":9497.666666666666},""D"":{""n"":4,""min"":24000,""median"":24000,""p90"":24000,""max"":24000,""mean"":24000},""L"":{""n"":1,""min"":13385,""median"":13385,""p90"":13385,""max"":13385,""mean"":13385}}},""separated_lanes_v2"":{""n"":8,""W"":1,""D"":4,""L"":3,""score"":0.375,""literalWinRate"":0.125,""pooledWilsonWinLower90"":0.038176543007959585,""statuses"":{""baseline_win"":3,""candidate_win"":1,""tick_cap_draw"":4},""ticks"":{""all"":{""n"":8,""min"":18136,""median"":24000,""p90"":24000,""max"":24000,""mean"":22215.125},""W"":{""n"":1,""min"":18136,""median"":18136,""p90"":18136,""max"":18136,""mean"":18136},""D"":{""n"":4,""min"":24000,""median"":24000,""p90"":24000,""max"":24000,""mean"":24000},""L"":{""n"":3,""min"":19771,""median"":20308,""p90"":23506,""max"":23506,""mean"":21195}}},""separated_lanes_unbounded_d1"":{""n"":8,""W"":3,""D"":2,""L"":3,""score"":0.5,""literalWinRate"":0.375,""pooledWilsonWinLower90"":0.19535795103474965,""statuses"":{""baseline_win"":3,""candidate_win"":3,""tick_cap_draw"":2},""ticks"":{""all"":{""n"":8,""min"":8997,""median"":14401,""p90"":24000,""max"":24000,""mean"":15335.25},""W"":{""n"":3,""min"":8997,""median"":9916,""p90"":10053,""max"":10053,""mean"":9655.333333333334},""D"":{""n"":2,""min"":24000,""median"":24000,""p90"":24000,""max"":24000,""mean"":24000},""L"":{""n"":3,""min"":14390,""median"":14401,""p90"":16925,""max"":16925,""mean"":15238.666666666666}}}}"
"ra2web_advanced__hfo-lvl","ra2web_advanced","hfo-lvl","8","-0.0625","0","0.0625","{""disabled"":{""n"":8,""W"":2,""D"":3,""L"":3,""score"":0.4375,""literalWinRate"":0.25,""pooledWilsonWinLower90"":0.10887074683495994,""statuses"":{""baseline_win"":3,""candidate_win"":2,""tick_cap_draw"":3},""ticks"":{""all"":{""n"":8,""min"":15857,""median"":23870,""p90"":24000,""max"":24000,""mean"":20883.375},""W"":{""n"":2,""min"":18447,""median"":18450,""p90"":18450,""max"":18450,""mean"":18448.5},""D"":{""n"":3,""min"":24000,""median"":24000,""p90"":24000,""max"":24000,""mean"":24000},""L"":{""n"":3,""min"":15857,""median"":18443,""p90"":23870,""max"":23870,""mean"":19390}}},""separated_lanes_v2"":{""n"":8,""W"":2,""D"":4,""L"":2,""score"":0.5,""literalWinRate"":0.25,""pooledWilsonWinLower90"":0.10887074683495994,""statuses"":{""baseline_win"":2,""candidate_win"":2,""tick_cap_draw"":4},""ticks"":{""all"":{""n"":8,""min"":17007,""median"":24000,""p90"":24000,""max"":24000,""mean"":21292.5},""W"":{""n"":2,""min"":18627,""median"":20660,""p90"":20660,""max"":20660,""mean"":19643.5},""D"":{""n"":4,""min"":24000,""median"":24000,""p90"":24000,""max"":24000,""mean"":24000},""L"":{""n"":2,""min"":17007,""median"":18046,""p90"":18046,""max"":18046,""mean"":17526.5}}},""separated_lanes_unbounded_d1"":{""n"":8,""W"":2,""D"":3,""L"":3,""score"":0.4375,""literalWinRate"":0.25,""pooledWilsonWinLower90"":0.10887074683495994,""statuses"":{""baseline_win"":3,""candidate_win"":2,""tick_cap_draw"":3},""ticks"":{""all"":{""n"":8,""min"":18648,""median"":23870,""p90"":24000,""max"":24000,""mean"":22219.25},""W"":{""n"":2,""min"":18648,""median"":20277,""p90"":20277,""max"":20277,""mean"":19462.5},""D"":{""n"":3,""min"":24000,""median"":24000,""p90"":24000,""max"":24000,""mean"":24000},""L"":{""n"":3,""min"":20400,""median"":22559,""p90"":23870,""max"":23870,""mean"":22276.333333333332}}}}"
"ra2web_advanced__hfo-rvr","ra2web_advanced","hfo-rvr","8","-0.0625","-0.125","-0.0625","{""disabled"":{""n"":8,""W"":1,""D"":5,""L"":2,""score"":0.4375,""literalWinRate"":0.125,""pooledWilsonWinLower90"":0.038176543007959585,""statuses"":{""baseline_win"":2,""candidate_win"":1,""tick_cap_draw"":5},""ticks"":{""all"":{""n"":8,""min"":10780,""median"":24000,""p90"":24000,""max"":24000,""mean"":19854.25},""W"":{""n"":1,""min"":10780,""median"":10780,""p90"":10780,""max"":10780,""mean"":10780},""D"":{""n"":5,""min"":24000,""median"":24000,""p90"":24000,""max"":24000,""mean"":24000},""L"":{""n"":2,""min"":12735,""median"":15319,""p90"":15319,""max"":15319,""mean"":14027}}},""separated_lanes_v2"":{""n"":8,""W"":0,""D"":6,""L"":2,""score"":0.375,""literalWinRate"":0,""pooledWilsonWinLower90"":0,""statuses"":{""baseline_win"":2,""tick_cap_draw"":6},""ticks"":{""all"":{""n"":8,""min"":13032,""median"":24000,""p90"":24000,""max"":24000,""mean"":22527.875},""W"":null,""D"":{""n"":6,""min"":24000,""median"":24000,""p90"":24000,""max"":24000,""mean"":24000},""L"":{""n"":2,""min"":13032,""median"":23191,""p90"":23191,""max"":23191,""mean"":18111.5}}},""separated_lanes_unbounded_d1"":{""n"":8,""W"":0,""D"":5,""L"":3,""score"":0.3125,""literalWinRate"":0,""pooledWilsonWinLower90"":0,""statuses"":{""baseline_win"":3,""tick_cap_draw"":5},""ticks"":{""all"":{""n"":8,""min"":13032,""median"":24000,""p90"":24000,""max"":24000,""mean"":22086.875},""W"":null,""D"":{""n"":5,""min"":24000,""median"":24000,""p90"":24000,""max"":24000,""mean"":24000},""L"":{""n"":3,""min"":13032,""median"":21134,""p90"":22529,""max"":22529,""mean"":18898.333333333332}}}}"
"ra2web_advanced__hfo-tvt","ra2web_advanced","hfo-tvt","8","0.375","0.125","-0.25","{""disabled"":{""n"":8,""W"":5,""D"":2,""L"":1,""score"":0.75,""literalWinRate"":0.625,""pooledWilsonWinLower90"":0.4027757419118244,""statuses"":{""baseline_win"":1,""candidate_win"":5,""tick_cap_draw"":2},""ticks"":{""all"":{""n"":8,""min"":7110,""median"":19961,""p90"":24000,""max"":24000,""mean"":15810.625},""W"":{""n"":5,""min"":7110,""median"":11296,""p90"":19961,""max"":19961,""mean"":11475.8},""D"":{""n"":2,""min"":24000,""median"":24000,""p90"":24000,""max"":24000,""mean"":24000},""L"":{""n"":1,""min"":21106,""median"":21106,""p90"":21106,""max"":21106,""mean"":21106}}},""separated_lanes_v2"":{""n"":8,""W"":2,""D"":4,""L"":2,""score"":0.5,""literalWinRate"":0.25,""pooledWilsonWinLower90"":0.10887074683495994,""statuses"":{""baseline_win"":2,""candidate_win"":2,""tick_cap_draw"":4},""ticks"":{""all"":{""n"":8,""min"":11440,""median"":24000,""p90"":24000,""max"":24000,""mean"":20417.375},""W"":{""n"":2,""min"":11440,""median"":17944,""p90"":17944,""max"":17944,""mean"":14692},""D"":{""n"":4,""min"":24000,""median"":24000,""p90"":24000,""max"":24000,""mean"":24000},""L"":{""n"":2,""min"":18003,""median"":19952,""p90"":19952,""max"":19952,""mean"":18977.5}}},""separated_lanes_unbounded_d1"":{""n"":8,""W"":6,""D"":2,""L"":0,""score"":0.875,""literalWinRate"":0.75,""pooledWilsonWinLower90"":0.5237063285891094,""statuses"":{""candidate_win"":6,""tick_cap_draw"":2},""ticks"":{""all"":{""n"":8,""min"":6527,""median"":11938,""p90"":24000,""max"":24000,""mean"":12665.375},""W"":{""n"":6,""min"":6527,""median"":7974,""p90"":12598,""max"":12598,""mean"":8887.166666666666},""D"":{""n"":2,""min"":24000,""median"":24000,""p90"":24000,""max"":24000,""mean"":24000},""L"":null}}}"
