"map_id","stratum_type","stratum","games","wins","draws","losses","winRate","scoreRate","oneSided95WilsonWinLower","medianLiteralWinUpdates","tickCapCount","source_path"
"hfo-original","faction","Allied","80","48","2","30","0.6","0.6125","0.5080618399803539","13600","1","/nfs/roberts/project/pi_jss233/zc362/chrono_divide/research-evidence/multimap-v2/screen-amendment-3/finalizer/screen.json"
"hfo-original","faction","Soviet","64","36","0","28","0.5625","0.5625","0.4600257227603529","18726","0","/nfs/roberts/project/pi_jss233/zc362/chrono_divide/research-evidence/multimap-v2/screen-amendment-3/finalizer/screen.json"
"hfo-original","slot","0","72","39","2","31","0.5416666666666666","0.5555555555555556","0.4453239818017693","14464","1","/nfs/roberts/project/pi_jss233/zc362/chrono_divide/research-evidence/multimap-v2/screen-amendment-3/finalizer/screen.json"
"hfo-original","slot","1","72","45","0","27","0.625","0.625","0.528230685083217","16138","0","/nfs/roberts/project/pi_jss233/zc362/chrono_divide/research-evidence/multimap-v2/screen-amendment-3/finalizer/screen.json"
"hfo-original","start","119,152","18","13","0","5","0.7222222222222222","0.7222222222222222","0.5286938303240728","12616","0","/nfs/roberts/project/pi_jss233/zc362/chrono_divide/research-evidence/multimap-v2/screen-amendment-3/finalizer/screen.json"
"hfo-original","start","120,83","18","13","0","5","0.7222222222222222","0.7222222222222222","0.5286938303240728","15808","0","/nfs/roberts/project/pi_jss233/zc362/chrono_divide/research-evidence/multimap-v2/screen-amendment-3/finalizer/screen.json"
"hfo-original","start","146,76","18","8","1","9","0.4444444444444444","0.4722222222222222","0.2719364054526959","27569","0","/nfs/roberts/project/pi_jss233/zc362/chrono_divide/research-evidence/multimap-v2/screen-amendment-3/finalizer/screen.json"
"hfo-original","start","151,119","18","12","1","5","0.6666666666666666","0.6944444444444444","0.47309956069173476","17666","1","/nfs/roberts/project/pi_jss233/zc362/chrono_divide/research-evidence/multimap-v2/screen-amendment-3/finalizer/screen.json"
"hfo-original","start","39,82","18","4","0","14","0.2222222222222222","0.2222222222222222","0.10391618308455004","8254.5","0","/nfs/roberts/project/pi_jss233/zc362/chrono_divide/research-evidence/multimap-v2/screen-amendment-3/finalizer/screen.json"
"hfo-original","start","50,121","18","7","0","11","0.3888888888888889","0.3888888888888889","0.22658978563143434","19625","0","/nfs/roberts/project/pi_jss233/zc362/chrono_divide/research-evidence/multimap-v2/screen-amendment-3/finalizer/screen.json"
"hfo-original","start","87,157","18","9","0","9","0.5","0.5","0.31926013888728955","12328","0","/nfs/roberts/project/pi_jss233/zc362/chrono_divide/research-evidence/multimap-v2/screen-amendment-3/finalizer/screen.json"
"hfo-original","start","88,34","18","18","0","0","1","1","0.8693324104198326","14898","0","/nfs/roberts/project/pi_jss233/zc362/chrono_divide/research-evidence/multimap-v2/screen-amendment-3/finalizer/screen.json"
"hfo-original","country","0","16","12","1","3","0.75","0.78125","0.5452365088315935","13600","0","/nfs/roberts/project/pi_jss233/zc362/chrono_divide/research-evidence/multimap-v2/screen-amendment-3/finalizer/screen.json"
"hfo-original","country","1","16","8","0","8","0.5","0.5","0.3098430968466183","15448.5","0","/nfs/roberts/project/pi_jss233/zc362/chrono_divide/research-evidence/multimap-v2/screen-amendment-3/finalizer/screen.json"
"hfo-original","country","2","16","10","1","5","0.625","0.65625","0.4219159873257636","15228.5","1","/nfs/roberts/project/pi_jss233/zc362/chrono_divide/research-evidence/multimap-v2/screen-amendment-3/finalizer/screen.json"
"hfo-original","country","3","16","9","0","7","0.5625","0.5625","0.3645781849214037","10270","0","/nfs/roberts/project/pi_jss233/zc362/chrono_divide/research-evidence/multimap-v2/screen-amendment-3/finalizer/screen.json"
"hfo-original","country","4","16","9","0","7","0.5625","0.5625","0.3645781849214037","16882","0","/nfs/roberts/project/pi_jss233/zc362/chrono_divide/research-evidence/multimap-v2/screen-amendment-3/finalizer/screen.json"
"hfo-original","country","5","16","7","0","9","0.4375","0.4375","0.25765800882984596","14012","0","/nfs/roberts/project/pi_jss233/zc362/chrono_divide/research-evidence/multimap-v2/screen-amendment-3/finalizer/screen.json"
"hfo-original","country","6","16","11","0","5","0.6875","0.6875","0.4820261853617284","16432","0","/nfs/roberts/project/pi_jss233/zc362/chrono_divide/research-evidence/multimap-v2/screen-amendment-3/finalizer/screen.json"
"hfo-original","country","7","16","11","0","5","0.6875","0.6875","0.4820261853617284","19862","0","/nfs/roberts/project/pi_jss233/zc362/chrono_divide/research-evidence/multimap-v2/screen-amendment-3/finalizer/screen.json"
"hfo-original","country","8","16","7","0","9","0.4375","0.4375","0.25765800882984596","14155","0","/nfs/roberts/project/pi_jss233/zc362/chrono_divide/research-evidence/multimap-v2/screen-amendment-3/finalizer/screen.json"
"hfo-golden","faction","Allied","60","40","3","17","0.6666666666666666","0.6916666666666667","0.5612925927867602","17022","2","/nfs/roberts/project/pi_jss233/zc362/chrono_divide/research-evidence/multimap-v2/screen-amendment-3/finalizer/screen.json"
"hfo-golden","faction","Soviet","48","24","4","20","0.5","0.5416666666666666","0.38450330941345146","18947","4","/nfs/roberts/project/pi_jss233/zc362/chrono_divide/research-evidence/multimap-v2/screen-amendment-3/finalizer/screen.json"
"hfo-golden","slot","0","54","30","4","20","0.5555555555555556","0.5925925925925926","0.4443332262188587","19243.5","3","/nfs/roberts/project/pi_jss233/zc362/chrono_divide/research-evidence/multimap-v2/screen-amendment-3/finalizer/screen.json"
"hfo-golden","slot","1","54","34","3","17","0.6296296296296297","0.6574074074074074","0.5177823179199696","17744.5","3","/nfs/roberts/project/pi_jss233/zc362/chrono_divide/research-evidence/multimap-v2/screen-amendment-3/finalizer/screen.json"
"hfo-golden","start","119,152","18","17","0","1","0.9444444444444444","0.9444444444444444","0.7852331161361741","15448","0","/nfs/roberts/project/pi_jss233/zc362/chrono_divide/research-evidence/multimap-v2/screen-amendment-3/finalizer/screen.json"
"hfo-golden","start","120,83","18","12","0","6","0.6666666666666666","0.6666666666666666","0.47309956069173476","19838.5","0","/nfs/roberts/project/pi_jss233/zc362/chrono_divide/research-evidence/multimap-v2/screen-amendment-3/finalizer/screen.json"
"hfo-golden","start","151,119","18","10","0","8","0.5555555555555556","0.5555555555555556","0.368528895499344","23139","0","/nfs/roberts/project/pi_jss233/zc362/chrono_divide/research-evidence/multimap-v2/screen-amendment-3/finalizer/screen.json"
"hfo-golden","start","39,82","18","6","7","5","0.3333333333333333","0.5277777777777778","0.18332209055179066","11239","6","/nfs/roberts/project/pi_jss233/zc362/chrono_divide/research-evidence/multimap-v2/screen-amendment-3/finalizer/screen.json"
"hfo-golden","start","50,121","18","1","0","17","0.05555555555555555","0.05555555555555555","0.01249319576298945","53680","0","/nfs/roberts/project/pi_jss233/zc362/chrono_divide/research-evidence/multimap-v2/screen-amendment-3/finalizer/screen.json"
"hfo-golden","start","88,34","18","18","0","0","1","1","0.8693324104198326","18908.5","0","/nfs/roberts/project/pi_jss233/zc362/chrono_divide/research-evidence/multimap-v2/screen-amendment-3/finalizer/screen.json"
"hfo-golden","country","0","12","10","0","2","0.8333333333333334","0.8333333333333334","0.6007930895845338","15433","0","/nfs/roberts/project/pi_jss233/zc362/chrono_divide/research-evidence/multimap-v2/screen-amendment-3/finalizer/screen.json"
"hfo-golden","country","1","12","7","1","4","0.5833333333333334","0.625","0.35598101490059175","13192","0","/nfs/roberts/project/pi_jss233/zc362/chrono_divide/research-evidence/multimap-v2/screen-amendment-3/finalizer/screen.json"
"hfo-golden","country","2","12","7","2","3","0.5833333333333334","0.6666666666666666","0.35598101490059175","18524","2","/nfs/roberts/project/pi_jss233/zc362/chrono_divide/research-evidence/multimap-v2/screen-amendment-3/finalizer/screen.json"
"hfo-golden","country","3","12","8","0","4","0.6666666666666666","0.6666666666666666","0.4314916133434116","16536.5","0","/nfs/roberts/project/pi_jss233/zc362/chrono_divide/research-evidence/multimap-v2/screen-amendment-3/finalizer/screen.json"
"hfo-golden","country","4","12","8","0","4","0.6666666666666666","0.6666666666666666","0.4314916133434116","20027.5","0","/nfs/roberts/project/pi_jss233/zc362/chrono_divide/research-evidence/multimap-v2/screen-amendment-3/finalizer/screen.json"
"hfo-golden","country","5","12","5","2","5","0.4166666666666667","0.5","0.21997788069182345","10453","2","/nfs/roberts/project/pi_jss233/zc362/chrono_divide/research-evidence/multimap-v2/screen-amendment-3/finalizer/screen.json"
"hfo-golden","country","6","12","7","0","5","0.5833333333333334","0.5833333333333334","0.35598101490059175","20320","0","/nfs/roberts/project/pi_jss233/zc362/chrono_divide/research-evidence/multimap-v2/screen-amendment-3/finalizer/screen.json"
"hfo-golden","country","7","12","4","0","8","0.3333333333333333","0.3333333333333333","0.15948534492587516","9985.5","0","/nfs/roberts/project/pi_jss233/zc362/chrono_divide/research-evidence/multimap-v2/screen-amendment-3/finalizer/screen.json"
"hfo-golden","country","8","12","8","2","2","0.6666666666666666","0.75","0.4314916133434116","20102","2","/nfs/roberts/project/pi_jss233/zc362/chrono_divide/research-evidence/multimap-v2/screen-amendment-3/finalizer/screen.json"
"hfo-corners","faction","Allied","40","31","0","9","0.775","0.775","0.6510377124360877","19299","0","/nfs/roberts/project/pi_jss233/zc362/chrono_divide/research-evidence/multimap-v2/screen-amendment-3/finalizer/screen.json"
"hfo-corners","faction","Soviet","32","20","0","12","0.625","0.625","0.47973358290003665","21248.5","0","/nfs/roberts/project/pi_jss233/zc362/chrono_divide/research-evidence/multimap-v2/screen-amendment-3/finalizer/screen.json"
"hfo-corners","slot","0","36","22","0","14","0.6111111111111112","0.6111111111111112","0.47422226202473","19811.5","0","/nfs/roberts/project/pi_jss233/zc362/chrono_divide/research-evidence/multimap-v2/screen-amendment-3/finalizer/screen.json"
"hfo-corners","slot","1","36","29","0","7","0.8055555555555556","0.8055555555555556","0.6774021913497317","20132","0","/nfs/roberts/project/pi_jss233/zc362/chrono_divide/research-evidence/multimap-v2/screen-amendment-3/finalizer/screen.json"
"hfo-corners","start","151,119","18","14","0","4","0.7777777777777778","0.7777777777777778","0.5868786333177903","23058","0","/nfs/roberts/project/pi_jss233/zc362/chrono_divide/research-evidence/multimap-v2/screen-amendment-3/finalizer/screen.json"
"hfo-corners","start","39,82","18","5","0","13","0.2777777777777778","0.2777777777777778","0.14232387013748057","8626","0","/nfs/roberts/project/pi_jss233/zc362/chrono_divide/research-evidence/multimap-v2/screen-amendment-3/finalizer/screen.json"
"hfo-corners","start","87,157","18","17","0","1","0.9444444444444444","0.9444444444444444","0.7852331161361741","16633","0","/nfs/roberts/project/pi_jss233/zc362/chrono_divide/research-evidence/multimap-v2/screen-amendment-3/finalizer/screen.json"
"hfo-corners","start","88,34","18","15","0","3","0.8333333333333334","0.8333333333333334","0.6481957285589761","19675","0","/nfs/roberts/project/pi_jss233/zc362/chrono_divide/research-evidence/multimap-v2/screen-amendment-3/finalizer/screen.json"
"hfo-corners","country","0","8","7","0","1","0.875","0.875","0.5888566256700796","19244","0","/nfs/roberts/project/pi_jss233/zc362/chrono_divide/research-evidence/multimap-v2/screen-amendment-3/finalizer/screen.json"
"hfo-corners","country","1","8","6","0","2","0.75","0.75","0.46015304548726005","19459","0","/nfs/roberts/project/pi_jss233/zc362/chrono_divide/research-evidence/multimap-v2/screen-amendment-3/finalizer/screen.json"
"hfo-corners","country","2","8","7","0","1","0.875","0.875","0.5888566256700796","19580","0","/nfs/roberts/project/pi_jss233/zc362/chrono_divide/research-evidence/multimap-v2/screen-amendment-3/finalizer/screen.json"
"hfo-corners","country","3","8","6","0","2","0.75","0.75","0.46015304548726005","14145.5","0","/nfs/roberts/project/pi_jss233/zc362/chrono_divide/research-evidence/multimap-v2/screen-amendment-3/finalizer/screen.json"
"hfo-corners","country","4","8","5","0","3","0.625","0.625","0.34799143840479974","19516","0","/nfs/roberts/project/pi_jss233/zc362/chrono_divide/research-evidence/multimap-v2/screen-amendment-3/finalizer/screen.json"
"hfo-corners","country","5","8","5","0","3","0.625","0.625","0.34799143840479974","35901","0","/nfs/roberts/project/pi_jss233/zc362/chrono_divide/research-evidence/multimap-v2/screen-amendment-3/finalizer/screen.json"
"hfo-corners","country","6","8","7","0","1","0.875","0.875","0.5888566256700796","11255","0","/nfs/roberts/project/pi_jss233/zc362/chrono_divide/research-evidence/multimap-v2/screen-amendment-3/finalizer/screen.json"
"hfo-corners","country","7","8","6","0","2","0.75","0.75","0.46015304548726005","21681","0","/nfs/roberts/project/pi_jss233/zc362/chrono_divide/research-evidence/multimap-v2/screen-amendment-3/finalizer/screen.json"
"hfo-corners","country","8","8","2","0","6","0.25","0.25","0.08651484419908748","25078","0","/nfs/roberts/project/pi_jss233/zc362/chrono_divide/research-evidence/multimap-v2/screen-amendment-3/finalizer/screen.json"
"hfo-corners-b","faction","Allied","40","22","10","8","0.55","0.675","0.42157254675848177","21372","5","/nfs/roberts/project/pi_jss233/zc362/chrono_divide/research-evidence/multimap-v2/screen-amendment-3/finalizer/screen.json"
"hfo-corners-b","faction","Soviet","32","10","5","17","0.3125","0.390625","0.19687775024982573","11860.5","3","/nfs/roberts/project/pi_jss233/zc362/chrono_divide/research-evidence/multimap-v2/screen-amendment-3/finalizer/screen.json"
"hfo-corners-b","slot","0","36","14","7","15","0.3888888888888889","0.4861111111111111","0.2675335222195834","19438","4","/nfs/roberts/project/pi_jss233/zc362/chrono_divide/research-evidence/multimap-v2/screen-amendment-3/finalizer/screen.json"
"hfo-corners-b","slot","1","36","18","8","10","0.5","0.6111111111111112","0.36780632496518567","20973","4","/nfs/roberts/project/pi_jss233/zc362/chrono_divide/research-evidence/multimap-v2/screen-amendment-3/finalizer/screen.json"
"hfo-corners-b","start","119,152","18","9","4","5","0.5","0.6111111111111112","0.31926013888728955","12484","1","/nfs/roberts/project/pi_jss233/zc362/chrono_divide/research-evidence/multimap-v2/screen-amendment-3/finalizer/screen.json"
"hfo-corners-b","start","151,119","18","6","6","6","0.3333333333333333","0.5","0.18332209055179066","14020.5","2","/nfs/roberts/project/pi_jss233/zc362/chrono_divide/research-evidence/multimap-v2/screen-amendment-3/finalizer/screen.json"
"hfo-corners-b","start","39,82","18","5","5","8","0.2777777777777778","0.4166666666666667","0.14232387013748057","21307","5","/nfs/roberts/project/pi_jss233/zc362/chrono_divide/research-evidence/multimap-v2/screen-amendment-3/finalizer/screen.json"
"hfo-corners-b","start","88,34","18","12","0","6","0.6666666666666666","0.6666666666666666","0.47309956069173476","21605.5","0","/nfs/roberts/project/pi_jss233/zc362/chrono_divide/research-evidence/multimap-v2/screen-amendment-3/finalizer/screen.json"
"hfo-corners-b","country","0","8","5","1","2","0.625","0.6875","0.34799143840479974","19147","0","/nfs/roberts/project/pi_jss233/zc362/chrono_divide/research-evidence/multimap-v2/screen-amendment-3/finalizer/screen.json"
"hfo-corners-b","country","1","8","5","3","0","0.625","0.8125","0.34799143840479974","22867","2","/nfs/roberts/project/pi_jss233/zc362/chrono_divide/research-evidence/multimap-v2/screen-amendment-3/finalizer/screen.json"
"hfo-corners-b","country","2","8","3","1","4","0.375","0.4375","0.16117233776071346","15316","1","/nfs/roberts/project/pi_jss233/zc362/chrono_divide/research-evidence/multimap-v2/screen-amendment-3/finalizer/screen.json"
"hfo-corners-b","country","3","8","6","0","2","0.75","0.75","0.46015304548726005","20604.5","0","/nfs/roberts/project/pi_jss233/zc362/chrono_divide/research-evidence/multimap-v2/screen-amendment-3/finalizer/screen.json"
"hfo-corners-b","country","4","8","3","5","0","0.375","0.6875","0.16117233776071346","22505","2","/nfs/roberts/project/pi_jss233/zc362/chrono_divide/research-evidence/multimap-v2/screen-amendment-3/finalizer/screen.json"
"hfo-corners-b","country","5","8","0","0","8","0","0","0","","0","/nfs/roberts/project/pi_jss233/zc362/chrono_divide/research-evidence/multimap-v2/screen-amendment-3/finalizer/screen.json"
"hfo-corners-b","country","6","8","7","0","1","0.875","0.875","0.5888566256700796","10561","0","/nfs/roberts/project/pi_jss233/zc362/chrono_divide/research-evidence/multimap-v2/screen-amendment-3/finalizer/screen.json"
"hfo-corners-b","country","7","8","1","4","3","0.125","0.375","0.028399323737820666","10996","3","/nfs/roberts/project/pi_jss233/zc362/chrono_divide/research-evidence/multimap-v2/screen-amendment-3/finalizer/screen.json"
"hfo-corners-b","country","8","8","2","1","5","0.25","0.3125","0.08651484419908748","34152.5","0","/nfs/roberts/project/pi_jss233/zc362/chrono_divide/research-evidence/multimap-v2/screen-amendment-3/finalizer/screen.json"
"hfo-corners-b-golden","faction","Allied","40","24","5","11","0.6","0.6625","0.4701941555436342","21463","1","/nfs/roberts/project/pi_jss233/zc362/chrono_divide/research-evidence/multimap-v2/screen-amendment-3/finalizer/screen.json"
"hfo-corners-b-golden","faction","Soviet","32","18","2","12","0.5625","0.59375","0.4190329697544838","25063.5","2","/nfs/roberts/project/pi_jss233/zc362/chrono_divide/research-evidence/multimap-v2/screen-amendment-3/finalizer/screen.json"
"hfo-corners-b-golden","slot","0","36","20","3","13","0.5555555555555556","0.5972222222222222","0.4202396719451361","22834","1","/nfs/roberts/project/pi_jss233/zc362/chrono_divide/research-evidence/multimap-v2/screen-amendment-3/finalizer/screen.json"
"hfo-corners-b-golden","slot","1","36","22","4","10","0.6111111111111112","0.6666666666666666","0.47422226202473","21675","2","/nfs/roberts/project/pi_jss233/zc362/chrono_divide/research-evidence/multimap-v2/screen-amendment-3/finalizer/screen.json"
"hfo-corners-b-golden","start","119,152","18","11","1","6","0.6111111111111112","0.6388888888888888","0.41977476572473044","13228","0","/nfs/roberts/project/pi_jss233/zc362/chrono_divide/research-evidence/multimap-v2/screen-amendment-3/finalizer/screen.json"
"hfo-corners-b-golden","start","151,119","18","9","3","6","0.5","0.5833333333333334","0.31926013888728955","22526","0","/nfs/roberts/project/pi_jss233/zc362/chrono_divide/research-evidence/multimap-v2/screen-amendment-3/finalizer/screen.json"
"hfo-corners-b-golden","start","39,82","18","7","3","8","0.3888888888888889","0.4722222222222222","0.22658978563143434","30092","3","/nfs/roberts/project/pi_jss233/zc362/chrono_divide/research-evidence/multimap-v2/screen-amendment-3/finalizer/screen.json"
"hfo-corners-b-golden","start","88,34","18","15","0","3","0.8333333333333334","0.8333333333333334","0.6481957285589761","21934","0","/nfs/roberts/project/pi_jss233/zc362/chrono_divide/research-evidence/multimap-v2/screen-amendment-3/finalizer/screen.json"
"hfo-corners-b-golden","country","0","8","6","1","1","0.75","0.8125","0.46015304548726005","19308","0","/nfs/roberts/project/pi_jss233/zc362/chrono_divide/research-evidence/multimap-v2/screen-amendment-3/finalizer/screen.json"
"hfo-corners-b-golden","country","1","8","4","2","2","0.5","0.625","0.24864189021256208","22340","0","/nfs/roberts/project/pi_jss233/zc362/chrono_divide/research-evidence/multimap-v2/screen-amendment-3/finalizer/screen.json"
"hfo-corners-b-golden","country","2","8","3","1","4","0.375","0.4375","0.16117233776071346","22526","1","/nfs/roberts/project/pi_jss233/zc362/chrono_divide/research-evidence/multimap-v2/screen-amendment-3/finalizer/screen.json"
"hfo-corners-b-golden","country","3","8","5","1","2","0.625","0.6875","0.34799143840479974","12838","0","/nfs/roberts/project/pi_jss233/zc362/chrono_divide/research-evidence/multimap-v2/screen-amendment-3/finalizer/screen.json"
"hfo-corners-b-golden","country","4","8","6","0","2","0.75","0.75","0.46015304548726005","30329","0","/nfs/roberts/project/pi_jss233/zc362/chrono_divide/research-evidence/multimap-v2/screen-amendment-3/finalizer/screen.json"
"hfo-corners-b-golden","country","5","8","3","0","5","0.375","0.375","0.16117233776071346","44065","0","/nfs/roberts/project/pi_jss233/zc362/chrono_divide/research-evidence/multimap-v2/screen-amendment-3/finalizer/screen.json"
"hfo-corners-b-golden","country","6","8","7","0","1","0.875","0.875","0.5888566256700796","21685","0","/nfs/roberts/project/pi_jss233/zc362/chrono_divide/research-evidence/multimap-v2/screen-amendment-3/finalizer/screen.json"
"hfo-corners-b-golden","country","7","8","4","2","2","0.5","0.625","0.24864189021256208","29433","2","/nfs/roberts/project/pi_jss233/zc362/chrono_divide/research-evidence/multimap-v2/screen-amendment-3/finalizer/screen.json"
"hfo-corners-b-golden","country","8","8","4","0","4","0.5","0.5","0.24864189021256208","38452","0","/nfs/roberts/project/pi_jss233/zc362/chrono_divide/research-evidence/multimap-v2/screen-amendment-3/finalizer/screen.json"
"hfo-bvb","faction","Allied","20","6","0","14","0.3","0.3","0.16385941535197276","13672","0","/nfs/roberts/project/pi_jss233/zc362/chrono_divide/research-evidence/multimap-v2/screen-amendment-3/finalizer/screen.json"
"hfo-bvb","faction","Soviet","16","9","0","7","0.5625","0.5625","0.3645781849214037","11667","0","/nfs/roberts/project/pi_jss233/zc362/chrono_divide/research-evidence/multimap-v2/screen-amendment-3/finalizer/screen.json"
"hfo-bvb","slot","0","18","7","0","11","0.3888888888888889","0.3888888888888889","0.22658978563143434","12522","0","/nfs/roberts/project/pi_jss233/zc362/chrono_divide/research-evidence/multimap-v2/screen-amendment-3/finalizer/screen.json"
"hfo-bvb","slot","1","18","8","0","10","0.4444444444444444","0.4444444444444444","0.2719364054526959","11673.5","0","/nfs/roberts/project/pi_jss233/zc362/chrono_divide/research-evidence/multimap-v2/screen-amendment-3/finalizer/screen.json"
"hfo-bvb","start","151,119","18","1","0","17","0.05555555555555555","0.05555555555555555","0.01249319576298945","27366","0","/nfs/roberts/project/pi_jss233/zc362/chrono_divide/research-evidence/multimap-v2/screen-amendment-3/finalizer/screen.json"
"hfo-bvb","start","87,158","18","14","0","4","0.7777777777777778","0.7777777777777778","0.5868786333177903","12178.5","0","/nfs/roberts/project/pi_jss233/zc362/chrono_divide/research-evidence/multimap-v2/screen-amendment-3/finalizer/screen.json"
"hfo-bvb","country","0","4","2","0","2","0.5","0.5","0.18240016325469935","13831","0","/nfs/roberts/project/pi_jss233/zc362/chrono_divide/research-evidence/multimap-v2/screen-amendment-3/finalizer/screen.json"
"hfo-bvb","country","1","4","1","0","3","0.25","0.25","0.05790732119988024","13007","0","/nfs/roberts/project/pi_jss233/zc362/chrono_divide/research-evidence/multimap-v2/screen-amendment-3/finalizer/screen.json"
"hfo-bvb","country","2","4","0","0","4","0","0","0","","0","/nfs/roberts/project/pi_jss233/zc362/chrono_divide/research-evidence/multimap-v2/screen-amendment-3/finalizer/screen.json"
"hfo-bvb","country","3","4","1","0","3","0.25","0.25","0.05790732119988024","13960","0","/nfs/roberts/project/pi_jss233/zc362/chrono_divide/research-evidence/multimap-v2/screen-amendment-3/finalizer/screen.json"
"hfo-bvb","country","4","4","2","0","2","0.5","0.5","0.18240016325469935","13711.5","0","/nfs/roberts/project/pi_jss233/zc362/chrono_divide/research-evidence/multimap-v2/screen-amendment-3/finalizer/screen.json"
"hfo-bvb","country","5","4","3","0","1","0.75","0.75","0.3561680085985971","12079","0","/nfs/roberts/project/pi_jss233/zc362/chrono_divide/research-evidence/multimap-v2/screen-amendment-3/finalizer/screen.json"
"hfo-bvb","country","6","4","2","0","2","0.5","0.5","0.18240016325469935","10815","0","/nfs/roberts/project/pi_jss233/zc362/chrono_divide/research-evidence/multimap-v2/screen-amendment-3/finalizer/screen.json"
"hfo-bvb","country","7","4","2","0","2","0.5","0.5","0.18240016325469935","12094.5","0","/nfs/roberts/project/pi_jss233/zc362/chrono_divide/research-evidence/multimap-v2/screen-amendment-3/finalizer/screen.json"
"hfo-bvb","country","8","4","2","0","2","0.5","0.5","0.18240016325469935","11686","0","/nfs/roberts/project/pi_jss233/zc362/chrono_divide/research-evidence/multimap-v2/screen-amendment-3/finalizer/screen.json"
"hfo-lvl","faction","Allied","20","14","0","6","0.7","0.7","0.516196280407611","21187","0","/nfs/roberts/project/pi_jss233/zc362/chrono_divide/research-evidence/multimap-v2/screen-amendment-3/finalizer/screen.json"
"hfo-lvl","faction","Soviet","16","12","0","4","0.75","0.75","0.5452365088315935","20301","0","/nfs/roberts/project/pi_jss233/zc362/chrono_divide/research-evidence/multimap-v2/screen-amendment-3/finalizer/screen.json"
"hfo-lvl","slot","0","18","10","0","8","0.5555555555555556","0.5555555555555556","0.368528895499344","22426","0","/nfs/roberts/project/pi_jss233/zc362/chrono_divide/research-evidence/multimap-v2/screen-amendment-3/finalizer/screen.json"
"hfo-lvl","slot","1","18","16","0","2","0.8888888888888888","0.8888888888888888","0.7136244370337652","20876.5","0","/nfs/roberts/project/pi_jss233/zc362/chrono_divide/research-evidence/multimap-v2/screen-amendment-3/finalizer/screen.json"
"hfo-lvl","start","39,82","18","9","0","9","0.5","0.5","0.31926013888728955","20960","0","/nfs/roberts/project/pi_jss233/zc362/chrono_divide/research-evidence/multimap-v2/screen-amendment-3/finalizer/screen.json"
"hfo-lvl","start","87,157","18","17","0","1","0.9444444444444444","0.9444444444444444","0.7852331161361741","21769","0","/nfs/roberts/project/pi_jss233/zc362/chrono_divide/research-evidence/multimap-v2/screen-amendment-3/finalizer/screen.json"
"hfo-lvl","country","0","4","2","0","2","0.5","0.5","0.18240016325469935","19820.5","0","/nfs/roberts/project/pi_jss233/zc362/chrono_divide/research-evidence/multimap-v2/screen-amendment-3/finalizer/screen.json"
"hfo-lvl","country","1","4","3","0","1","0.75","0.75","0.3561680085985971","21815","0","/nfs/roberts/project/pi_jss233/zc362/chrono_divide/research-evidence/multimap-v2/screen-amendment-3/finalizer/screen.json"
"hfo-lvl","country","2","4","3","0","1","0.75","0.75","0.3561680085985971","21787","0","/nfs/roberts/project/pi_jss233/zc362/chrono_divide/research-evidence/multimap-v2/screen-amendment-3/finalizer/screen.json"
"hfo-lvl","country","3","4","3","0","1","0.75","0.75","0.3561680085985971","20960","0","/nfs/roberts/project/pi_jss233/zc362/chrono_divide/research-evidence/multimap-v2/screen-amendment-3/finalizer/screen.json"
"hfo-lvl","country","4","4","3","0","1","0.75","0.75","0.3561680085985971","20928","0","/nfs/roberts/project/pi_jss233/zc362/chrono_divide/research-evidence/multimap-v2/screen-amendment-3/finalizer/screen.json"
"hfo-lvl","country","5","4","3","0","1","0.75","0.75","0.3561680085985971","20257","0","/nfs/roberts/project/pi_jss233/zc362/chrono_divide/research-evidence/multimap-v2/screen-amendment-3/finalizer/screen.json"
"hfo-lvl","country","6","4","4","0","0","1","1","0.5965213747974335","20877","0","/nfs/roberts/project/pi_jss233/zc362/chrono_divide/research-evidence/multimap-v2/screen-amendment-3/finalizer/screen.json"
"hfo-lvl","country","7","4","2","0","2","0.5","0.5","0.18240016325469935","24284.5","0","/nfs/roberts/project/pi_jss233/zc362/chrono_divide/research-evidence/multimap-v2/screen-amendment-3/finalizer/screen.json"
"hfo-lvl","country","8","4","3","0","1","0.75","0.75","0.3561680085985971","19692","0","/nfs/roberts/project/pi_jss233/zc362/chrono_divide/research-evidence/multimap-v2/screen-amendment-3/finalizer/screen.json"
"hfo-rvr","faction","Allied","20","10","8","2","0.5","0.7","0.3274037678851996","9433","7","/nfs/roberts/project/pi_jss233/zc362/chrono_divide/research-evidence/multimap-v2/screen-amendment-3/finalizer/screen.json"
"hfo-rvr","faction","Soviet","16","16","0","0","1","1","0.8553614087324615","21957.5","0","/nfs/roberts/project/pi_jss233/zc362/chrono_divide/research-evidence/multimap-v2/screen-amendment-3/finalizer/screen.json"
"hfo-rvr","slot","0","18","13","5","0","0.7222222222222222","0.8611111111111112","0.5286938303240728","21777","4","/nfs/roberts/project/pi_jss233/zc362/chrono_divide/research-evidence/multimap-v2/screen-amendment-3/finalizer/screen.json"
"hfo-rvr","slot","1","18","13","3","2","0.7222222222222222","0.8055555555555556","0.5286938303240728","21190","3","/nfs/roberts/project/pi_jss233/zc362/chrono_divide/research-evidence/multimap-v2/screen-amendment-3/finalizer/screen.json"
"hfo-rvr","start","151,118","18","17","0","1","0.9444444444444444","0.9444444444444444","0.7852331161361741","9832","0","/nfs/roberts/project/pi_jss233/zc362/chrono_divide/research-evidence/multimap-v2/screen-amendment-3/finalizer/screen.json"
"hfo-rvr","start","88,34","18","9","8","1","0.5","0.7222222222222222","0.31926013888728955","22138","7","/nfs/roberts/project/pi_jss233/zc362/chrono_divide/research-evidence/multimap-v2/screen-amendment-3/finalizer/screen.json"
"hfo-rvr","country","0","4","3","1","0","0.75","0.875","0.3561680085985971","8962","1","/nfs/roberts/project/pi_jss233/zc362/chrono_divide/research-evidence/multimap-v2/screen-amendment-3/finalizer/screen.json"
"hfo-rvr","country","1","4","2","2","0","0.5","0.75","0.18240016325469935","15639.5","2","/nfs/roberts/project/pi_jss233/zc362/chrono_divide/research-evidence/multimap-v2/screen-amendment-3/finalizer/screen.json"
"hfo-rvr","country","2","4","1","1","2","0.25","0.375","0.05790732119988024","8662","1","/nfs/roberts/project/pi_jss233/zc362/chrono_divide/research-evidence/multimap-v2/screen-amendment-3/finalizer/screen.json"
"hfo-rvr","country","3","4","2","2","0","0.5","0.75","0.18240016325469935","16026","1","/nfs/roberts/project/pi_jss233/zc362/chrono_divide/research-evidence/multimap-v2/screen-amendment-3/finalizer/screen.json"
"hfo-rvr","country","4","4","2","2","0","0.5","0.75","0.18240016325469935","9647.5","2","/nfs/roberts/project/pi_jss233/zc362/chrono_divide/research-evidence/multimap-v2/screen-amendment-3/finalizer/screen.json"
"hfo-rvr","country","5","4","4","0","0","1","1","0.5965213747974335","16801","0","/nfs/roberts/project/pi_jss233/zc362/chrono_divide/research-evidence/multimap-v2/screen-amendment-3/finalizer/screen.json"
"hfo-rvr","country","6","4","4","0","0","1","1","0.5965213747974335","21613","0","/nfs/roberts/project/pi_jss233/zc362/chrono_divide/research-evidence/multimap-v2/screen-amendment-3/finalizer/screen.json"
"hfo-rvr","country","7","4","4","0","0","1","1","0.5965213747974335","21664","0","/nfs/roberts/project/pi_jss233/zc362/chrono_divide/research-evidence/multimap-v2/screen-amendment-3/finalizer/screen.json"
"hfo-rvr","country","8","4","4","0","0","1","1","0.5965213747974335","49646","0","/nfs/roberts/project/pi_jss233/zc362/chrono_divide/research-evidence/multimap-v2/screen-amendment-3/finalizer/screen.json"
"hfo-tvt","faction","Allied","20","11","2","7","0.55","0.6","0.3722077075529814","11835","2","/nfs/roberts/project/pi_jss233/zc362/chrono_divide/research-evidence/multimap-v2/screen-amendment-3/finalizer/screen.json"
"hfo-tvt","faction","Soviet","16","8","0","8","0.5","0.5","0.3098430968466183","20567","0","/nfs/roberts/project/pi_jss233/zc362/chrono_divide/research-evidence/multimap-v2/screen-amendment-3/finalizer/screen.json"
"hfo-tvt","slot","0","18","8","0","10","0.4444444444444444","0.4444444444444444","0.2719364054526959","35467","0","/nfs/roberts/project/pi_jss233/zc362/chrono_divide/research-evidence/multimap-v2/screen-amendment-3/finalizer/screen.json"
"hfo-tvt","slot","1","18","11","2","5","0.6111111111111112","0.6666666666666666","0.41977476572473044","9520","2","/nfs/roberts/project/pi_jss233/zc362/chrono_divide/research-evidence/multimap-v2/screen-amendment-3/finalizer/screen.json"
"hfo-tvt","start","39,82","18","6","2","10","0.3333333333333333","0.3888888888888889","0.18332209055179066","24509","2","/nfs/roberts/project/pi_jss233/zc362/chrono_divide/research-evidence/multimap-v2/screen-amendment-3/finalizer/screen.json"
"hfo-tvt","start","88,34","18","13","0","5","0.7222222222222222","0.7222222222222222","0.5286938303240728","20544","0","/nfs/roberts/project/pi_jss233/zc362/chrono_divide/research-evidence/multimap-v2/screen-amendment-3/finalizer/screen.json"
"hfo-tvt","country","0","4","2","0","2","0.5","0.5","0.18240016325469935","17907","0","/nfs/roberts/project/pi_jss233/zc362/chrono_divide/research-evidence/multimap-v2/screen-amendment-3/finalizer/screen.json"
"hfo-tvt","country","1","4","1","1","2","0.25","0.375","0.05790732119988024","11835","1","/nfs/roberts/project/pi_jss233/zc362/chrono_divide/research-evidence/multimap-v2/screen-amendment-3/finalizer/screen.json"
"hfo-tvt","country","2","4","2","1","1","0.5","0.625","0.18240016325469935","20271.5","1","/nfs/roberts/project/pi_jss233/zc362/chrono_divide/research-evidence/multimap-v2/screen-amendment-3/finalizer/screen.json"
"hfo-tvt","country","3","4","3","0","1","0.75","0.75","0.3561680085985971","9454","0","/nfs/roberts/project/pi_jss233/zc362/chrono_divide/research-evidence/multimap-v2/screen-amendment-3/finalizer/screen.json"
"hfo-tvt","country","4","4","3","0","1","0.75","0.75","0.3561680085985971","49580","0","/nfs/roberts/project/pi_jss233/zc362/chrono_divide/research-evidence/multimap-v2/screen-amendment-3/finalizer/screen.json"
"hfo-tvt","country","5","4","2","0","2","0.5","0.5","0.18240016325469935","14661","0","/nfs/roberts/project/pi_jss233/zc362/chrono_divide/research-evidence/multimap-v2/screen-amendment-3/finalizer/screen.json"
"hfo-tvt","country","6","4","1","0","3","0.25","0.25","0.05790732119988024","9107","0","/nfs/roberts/project/pi_jss233/zc362/chrono_divide/research-evidence/multimap-v2/screen-amendment-3/finalizer/screen.json"
"hfo-tvt","country","7","4","3","0","1","0.75","0.75","0.3561680085985971","20590","0","/nfs/roberts/project/pi_jss233/zc362/chrono_divide/research-evidence/multimap-v2/screen-amendment-3/finalizer/screen.json"
"hfo-tvt","country","8","4","2","0","2","0.5","0.5","0.18240016325469935","37410","0","/nfs/roberts/project/pi_jss233/zc362/chrono_divide/research-evidence/multimap-v2/screen-amendment-3/finalizer/screen.json"
"tour-of-egypt","faction","Allied","60","18","0","42","0.3","0.3","0.21305063010930772","17985","0","/nfs/roberts/project/pi_jss233/zc362/chrono_divide/research-evidence/multimap-v2/screen-amendment-3/finalizer/screen.json"
"tour-of-egypt","faction","Soviet","48","20","1","27","0.4166666666666667","0.4270833333333333","0.3071451154863425","17939","1","/nfs/roberts/project/pi_jss233/zc362/chrono_divide/research-evidence/multimap-v2/screen-amendment-3/finalizer/screen.json"
"tour-of-egypt","slot","0","54","16","0","38","0.2962962962962963","0.2962962962962963","0.20580229392018368","15311","0","/nfs/roberts/project/pi_jss233/zc362/chrono_divide/research-evidence/multimap-v2/screen-amendment-3/finalizer/screen.json"
"tour-of-egypt","slot","1","54","22","1","31","0.4074074074074074","0.4166666666666667","0.30440778972841437","20960.5","1","/nfs/roberts/project/pi_jss233/zc362/chrono_divide/research-evidence/multimap-v2/screen-amendment-3/finalizer/screen.json"
"tour-of-egypt","start","111,61","18","7","0","11","0.3888888888888889","0.3888888888888889","0.22658978563143434","9626","0","/nfs/roberts/project/pi_jss233/zc362/chrono_divide/research-evidence/multimap-v2/screen-amendment-3/finalizer/screen.json"
"tour-of-egypt","start","22,72","18","4","0","14","0.2222222222222222","0.2222222222222222","0.10391618308455004","20630.5","0","/nfs/roberts/project/pi_jss233/zc362/chrono_divide/research-evidence/multimap-v2/screen-amendment-3/finalizer/screen.json"
"tour-of-egypt","start","41,91","18","2","1","15","0.1111111111111111","0.1388888888888889","0.03747700670722882","22006","1","/nfs/roberts/project/pi_jss233/zc362/chrono_divide/research-evidence/multimap-v2/screen-amendment-3/finalizer/screen.json"
"tour-of-egypt","start","62,111","18","9","0","9","0.5","0.5","0.31926013888728955","20060","0","/nfs/roberts/project/pi_jss233/zc362/chrono_divide/research-evidence/multimap-v2/screen-amendment-3/finalizer/screen.json"
"tour-of-egypt","start","72,22","18","11","0","7","0.6111111111111112","0.6111111111111112","0.41977476572473044","14253","0","/nfs/roberts/project/pi_jss233/zc362/chrono_divide/research-evidence/multimap-v2/screen-amendment-3/finalizer/screen.json"
"tour-of-egypt","start","91,41","18","5","0","13","0.2777777777777778","0.2777777777777778","0.14232387013748057","36866","0","/nfs/roberts/project/pi_jss233/zc362/chrono_divide/research-evidence/multimap-v2/screen-amendment-3/finalizer/screen.json"
"tour-of-egypt","country","0","12","4","0","8","0.3333333333333333","0.3333333333333333","0.15948534492587516","9820.5","0","/nfs/roberts/project/pi_jss233/zc362/chrono_divide/research-evidence/multimap-v2/screen-amendment-3/finalizer/screen.json"
"tour-of-egypt","country","1","12","6","0","6","0.5","0.5","0.2855348543775757","16017","0","/nfs/roberts/project/pi_jss233/zc362/chrono_divide/research-evidence/multimap-v2/screen-amendment-3/finalizer/screen.json"
"tour-of-egypt","country","2","12","1","0","11","0.08333333333333333","0.08333333333333333","0.018816049516368744","11834","0","/nfs/roberts/project/pi_jss233/zc362/chrono_divide/research-evidence/multimap-v2/screen-amendment-3/finalizer/screen.json"
"tour-of-egypt","country","3","12","5","0","7","0.4166666666666667","0.4166666666666667","0.21997788069182345","32766","0","/nfs/roberts/project/pi_jss233/zc362/chrono_divide/research-evidence/multimap-v2/screen-amendment-3/finalizer/screen.json"
"tour-of-egypt","country","4","12","2","0","10","0.16666666666666666","0.16666666666666666","0.05678055274946089","23862.5","0","/nfs/roberts/project/pi_jss233/zc362/chrono_divide/research-evidence/multimap-v2/screen-amendment-3/finalizer/screen.json"
"tour-of-egypt","country","5","12","5","0","7","0.4166666666666667","0.4166666666666667","0.21997788069182345","9613","0","/nfs/roberts/project/pi_jss233/zc362/chrono_divide/research-evidence/multimap-v2/screen-amendment-3/finalizer/screen.json"
"tour-of-egypt","country","6","12","7","0","5","0.5833333333333334","0.5833333333333334","0.35598101490059175","25351","0","/nfs/roberts/project/pi_jss233/zc362/chrono_divide/research-evidence/multimap-v2/screen-amendment-3/finalizer/screen.json"
"tour-of-egypt","country","7","12","4","1","7","0.3333333333333333","0.375","0.15948534492587516","21173.5","1","/nfs/roberts/project/pi_jss233/zc362/chrono_divide/research-evidence/multimap-v2/screen-amendment-3/finalizer/screen.json"
"tour-of-egypt","country","8","12","4","0","8","0.3333333333333333","0.3333333333333333","0.15948534492587516","27506","0","/nfs/roberts/project/pi_jss233/zc362/chrono_divide/research-evidence/multimap-v2/screen-amendment-3/finalizer/screen.json"
"south-pacific","faction","Allied","40","2","37","1","0.05","0.5125","0.016686282214944323","25151","22","/nfs/roberts/project/pi_jss233/zc362/chrono_divide/research-evidence/multimap-v2/screen-amendment-3/finalizer/screen.json"
"south-pacific","faction","Soviet","32","1","28","3","0.03125","0.46875","0.007002788780187585","28565","18","/nfs/roberts/project/pi_jss233/zc362/chrono_divide/research-evidence/multimap-v2/screen-amendment-3/finalizer/screen.json"
"south-pacific","slot","0","36","1","33","2","0.027777777777777776","0.4861111111111111","0.006221598737045986","30228","21","/nfs/roberts/project/pi_jss233/zc362/chrono_divide/research-evidence/multimap-v2/screen-amendment-3/finalizer/screen.json"
"south-pacific","slot","1","36","2","32","2","0.05555555555555555","0.5","0.018557962087114216","24319.5","19","/nfs/roberts/project/pi_jss233/zc362/chrono_divide/research-evidence/multimap-v2/screen-amendment-3/finalizer/screen.json"
"south-pacific","start","110,55","18","2","16","0","0.1111111111111111","0.5555555555555556","0.03747700670722882","25151","13","/nfs/roberts/project/pi_jss233/zc362/chrono_divide/research-evidence/multimap-v2/screen-amendment-3/finalizer/screen.json"
"south-pacific","start","152,96","18","0","16","2","0","0.4444444444444444","0","","8","/nfs/roberts/project/pi_jss233/zc362/chrono_divide/research-evidence/multimap-v2/screen-amendment-3/finalizer/screen.json"
"south-pacific","start","57,98","18","0","16","2","0","0.4444444444444444","0","","6","/nfs/roberts/project/pi_jss233/zc362/chrono_divide/research-evidence/multimap-v2/screen-amendment-3/finalizer/screen.json"
"south-pacific","start","99,148","18","1","17","0","0.05555555555555555","0.5277777777777778","0.01249319576298945","28565","13","/nfs/roberts/project/pi_jss233/zc362/chrono_divide/research-evidence/multimap-v2/screen-amendment-3/finalizer/screen.json"
"south-pacific","country","0","8","0","8","0","0","0.5","0","","6","/nfs/roberts/project/pi_jss233/zc362/chrono_divide/research-evidence/multimap-v2/screen-amendment-3/finalizer/screen.json"
"south-pacific","country","1","8","0","8","0","0","0.5","0","","3","/nfs/roberts/project/pi_jss233/zc362/chrono_divide/research-evidence/multimap-v2/screen-amendment-3/finalizer/screen.json"
"south-pacific","country","2","8","2","5","1","0.25","0.5625","0.08651484419908748","25151","0","/nfs/roberts/project/pi_jss233/zc362/chrono_divide/research-evidence/multimap-v2/screen-amendment-3/finalizer/screen.json"
"south-pacific","country","3","8","0","8","0","0","0.5","0","","6","/nfs/roberts/project/pi_jss233/zc362/chrono_divide/research-evidence/multimap-v2/screen-amendment-3/finalizer/screen.json"
"south-pacific","country","4","8","0","8","0","0","0.5","0","","7","/nfs/roberts/project/pi_jss233/zc362/chrono_divide/research-evidence/multimap-v2/screen-amendment-3/finalizer/screen.json"
"south-pacific","country","5","8","0","8","0","0","0.5","0","","6","/nfs/roberts/project/pi_jss233/zc362/chrono_divide/research-evidence/multimap-v2/screen-amendment-3/finalizer/screen.json"
"south-pacific","country","6","8","0","8","0","0","0.5","0","","3","/nfs/roberts/project/pi_jss233/zc362/chrono_divide/research-evidence/multimap-v2/screen-amendment-3/finalizer/screen.json"
"south-pacific","country","7","8","1","6","1","0.125","0.5","0.028399323737820666","28565","4","/nfs/roberts/project/pi_jss233/zc362/chrono_divide/research-evidence/multimap-v2/screen-amendment-3/finalizer/screen.json"
"south-pacific","country","8","8","0","6","2","0","0.375","0","","5","/nfs/roberts/project/pi_jss233/zc362/chrono_divide/research-evidence/multimap-v2/screen-amendment-3/finalizer/screen.json"
"south-pacific-2","faction","Allied","20","0","16","4","0","0.4","0","","8","/nfs/roberts/project/pi_jss233/zc362/chrono_divide/research-evidence/multimap-v2/screen-amendment-3/finalizer/screen.json"
"south-pacific-2","faction","Soviet","16","0","16","0","0","0.5","0","","9","/nfs/roberts/project/pi_jss233/zc362/chrono_divide/research-evidence/multimap-v2/screen-amendment-3/finalizer/screen.json"
"south-pacific-2","slot","0","18","0","15","3","0","0.4166666666666667","0","","7","/nfs/roberts/project/pi_jss233/zc362/chrono_divide/research-evidence/multimap-v2/screen-amendment-3/finalizer/screen.json"
"south-pacific-2","slot","1","18","0","17","1","0","0.4722222222222222","0","","10","/nfs/roberts/project/pi_jss233/zc362/chrono_divide/research-evidence/multimap-v2/screen-amendment-3/finalizer/screen.json"
"south-pacific-2","start","152,96","18","0","18","0","0","0.5","0","","6","/nfs/roberts/project/pi_jss233/zc362/chrono_divide/research-evidence/multimap-v2/screen-amendment-3/finalizer/screen.json"
"south-pacific-2","start","57,98","18","0","14","4","0","0.3888888888888889","0","","11","/nfs/roberts/project/pi_jss233/zc362/chrono_divide/research-evidence/multimap-v2/screen-amendment-3/finalizer/screen.json"
"south-pacific-2","country","0","4","0","4","0","0","0.5","0","","2","/nfs/roberts/project/pi_jss233/zc362/chrono_divide/research-evidence/multimap-v2/screen-amendment-3/finalizer/screen.json"
"south-pacific-2","country","1","4","0","3","1","0","0.375","0","","2","/nfs/roberts/project/pi_jss233/zc362/chrono_divide/research-evidence/multimap-v2/screen-amendment-3/finalizer/screen.json"
"south-pacific-2","country","2","4","0","4","0","0","0.5","0","","1","/nfs/roberts/project/pi_jss233/zc362/chrono_divide/research-evidence/multimap-v2/screen-amendment-3/finalizer/screen.json"
"south-pacific-2","country","3","4","0","2","2","0","0.25","0","","0","/nfs/roberts/project/pi_jss233/zc362/chrono_divide/research-evidence/multimap-v2/screen-amendment-3/finalizer/screen.json"
"south-pacific-2","country","4","4","0","3","1","0","0.375","0","","3","/nfs/roberts/project/pi_jss233/zc362/chrono_divide/research-evidence/multimap-v2/screen-amendment-3/finalizer/screen.json"
"south-pacific-2","country","5","4","0","4","0","0","0.5","0","","2","/nfs/roberts/project/pi_jss233/zc362/chrono_divide/research-evidence/multimap-v2/screen-amendment-3/finalizer/screen.json"
"south-pacific-2","country","6","4","0","4","0","0","0.5","0","","2","/nfs/roberts/project/pi_jss233/zc362/chrono_divide/research-evidence/multimap-v2/screen-amendment-3/finalizer/screen.json"
"south-pacific-2","country","7","4","0","4","0","0","0.5","0","","3","/nfs/roberts/project/pi_jss233/zc362/chrono_divide/research-evidence/multimap-v2/screen-amendment-3/finalizer/screen.json"
"south-pacific-2","country","8","4","0","4","0","0","0.5","0","","2","/nfs/roberts/project/pi_jss233/zc362/chrono_divide/research-evidence/multimap-v2/screen-amendment-3/finalizer/screen.json"
"pacific-heights","faction","Allied","40","10","28","2","0.25","0.6","0.15570378386293388","10234","4","/nfs/roberts/project/pi_jss233/zc362/chrono_divide/research-evidence/multimap-v2/screen-amendment-3/finalizer/screen.json"
"pacific-heights","faction","Soviet","32","6","25","1","0.1875","0.578125","0.10019349618868637","10421.5","8","/nfs/roberts/project/pi_jss233/zc362/chrono_divide/research-evidence/multimap-v2/screen-amendment-3/finalizer/screen.json"
"pacific-heights","slot","0","36","8","25","3","0.2222222222222222","0.5694444444444444","0.1300209243148053","9824","6","/nfs/roberts/project/pi_jss233/zc362/chrono_divide/research-evidence/multimap-v2/screen-amendment-3/finalizer/screen.json"
"pacific-heights","slot","1","36","8","28","0","0.2222222222222222","0.6111111111111112","0.1300209243148053","11917","6","/nfs/roberts/project/pi_jss233/zc362/chrono_divide/research-evidence/multimap-v2/screen-amendment-3/finalizer/screen.json"
"pacific-heights","start","109,44","18","0","17","1","0","0.4722222222222222","0","","3","/nfs/roberts/project/pi_jss233/zc362/chrono_divide/research-evidence/multimap-v2/screen-amendment-3/finalizer/screen.json"
"pacific-heights","start","148,108","18","0","18","0","0","0.5","0","","5","/nfs/roberts/project/pi_jss233/zc362/chrono_divide/research-evidence/multimap-v2/screen-amendment-3/finalizer/screen.json"
"pacific-heights","start","43,80","18","5","12","1","0.2777777777777778","0.6111111111111112","0.14232387013748057","10068","0","/nfs/roberts/project/pi_jss233/zc362/chrono_divide/research-evidence/multimap-v2/screen-amendment-3/finalizer/screen.json"
"pacific-heights","start","83,146","18","11","6","1","0.6111111111111112","0.7777777777777778","0.41977476572473044","10888","4","/nfs/roberts/project/pi_jss233/zc362/chrono_divide/research-evidence/multimap-v2/screen-amendment-3/finalizer/screen.json"
"pacific-heights","country","0","8","2","6","0","0.25","0.625","0.08651484419908748","9475","2","/nfs/roberts/project/pi_jss233/zc362/chrono_divide/research-evidence/multimap-v2/screen-amendment-3/finalizer/screen.json"
"pacific-heights","country","1","8","2","5","1","0.25","0.5625","0.08651484419908748","14082.5","0","/nfs/roberts/project/pi_jss233/zc362/chrono_divide/research-evidence/multimap-v2/screen-amendment-3/finalizer/screen.json"
"pacific-heights","country","2","8","2","6","0","0.25","0.625","0.08651484419908748","11992","0","/nfs/roberts/project/pi_jss233/zc362/chrono_divide/research-evidence/multimap-v2/screen-amendment-3/finalizer/screen.json"
"pacific-heights","country","3","8","2","6","0","0.25","0.625","0.08651484419908748","10060","2","/nfs/roberts/project/pi_jss233/zc362/chrono_divide/research-evidence/multimap-v2/screen-amendment-3/finalizer/screen.json"
"pacific-heights","country","4","8","2","5","1","0.25","0.5625","0.08651484419908748","15436.5","0","/nfs/roberts/project/pi_jss233/zc362/chrono_divide/research-evidence/multimap-v2/screen-amendment-3/finalizer/screen.json"
"pacific-heights","country","5","8","2","5","1","0.25","0.5625","0.08651484419908748","10062","0","/nfs/roberts/project/pi_jss233/zc362/chrono_divide/research-evidence/multimap-v2/screen-amendment-3/finalizer/screen.json"
"pacific-heights","country","6","8","0","8","0","0","0.5","0","","3","/nfs/roberts/project/pi_jss233/zc362/chrono_divide/research-evidence/multimap-v2/screen-amendment-3/finalizer/screen.json"
"pacific-heights","country","7","8","2","6","0","0.25","0.625","0.08651484419908748","16828.5","2","/nfs/roberts/project/pi_jss233/zc362/chrono_divide/research-evidence/multimap-v2/screen-amendment-3/finalizer/screen.json"
"pacific-heights","country","8","8","2","6","0","0.25","0.625","0.08651484419908748","9963","3","/nfs/roberts/project/pi_jss233/zc362/chrono_divide/research-evidence/multimap-v2/screen-amendment-3/finalizer/screen.json"
