"taskIndex","scenario","orientation","attackerLabelIndex","repeat","seed","jobId","passed","updates","transitionUpdate","attackerAttributed","ownerAttributed","legacyAttackerAttributed","legacyOwnerAttributed","recordCount","plainBytes","gzipBytes","caseSha256","streamPlainSha256","streamGzipSha256"
"0","physical_no_rubble","0","0","0","3100500000","24647818","true","2045","2045","true","false","true","false","2048","5491230","71191","914dec7e17935bb4d14aa9d931ed5be23b01739025a48d1c6ff1753d55a6b243","fab8e22b83d8fa6b56fa5077961dd36ece63681b559e914d7c969a6f24420ee9","c2afb383d65256f37344181aa20d5747085a10ebe62d725af0b626bc5b33dc36"
"1","physical_no_rubble","0","0","1","3100500000","24647819","true","2045","2045","true","false","true","false","2048","5491230","71191","c4d17880aaa06fe5e171e21690d970a4675dbd211bd761c553f48fdce131033c","fab8e22b83d8fa6b56fa5077961dd36ece63681b559e914d7c969a6f24420ee9","c2afb383d65256f37344181aa20d5747085a10ebe62d725af0b626bc5b33dc36"
"2","physical_no_rubble","0","1","0","3100500000","24647820","true","2045","2045","true","false","true","false","2048","5491230","71191","32a2c527a2439477897a93a797f897de4529465c1a4bf3ba5116c3903660ddc0","fab8e22b83d8fa6b56fa5077961dd36ece63681b559e914d7c969a6f24420ee9","c2afb383d65256f37344181aa20d5747085a10ebe62d725af0b626bc5b33dc36"
"3","physical_no_rubble","0","1","1","3100500000","24647821","true","2045","2045","true","false","true","false","2048","5491230","71191","621c83a2b88deb2134122b4e7119f28d1e8be0d55a959085090267f0dff8658f","fab8e22b83d8fa6b56fa5077961dd36ece63681b559e914d7c969a6f24420ee9","c2afb383d65256f37344181aa20d5747085a10ebe62d725af0b626bc5b33dc36"
"4","physical_no_rubble","1","0","0","3100500001","24647822","true","1977","1977","true","false","true","false","1980","5345229","67944","09f44423a2b5a54648eb0b9226494b97e550a12c5e6ae964a1222e55e077a0b2","bc53acae0a70725a3788ac1f99f4b01dd9e241efd1f48c60e24d7f547ef7d35c","246521649b7b50115321177277ece63098e345dff83f6e591569478df311c8b1"
"5","physical_no_rubble","1","0","1","3100500001","24647823","true","1977","1977","true","false","true","false","1980","5345229","67944","d364a0a8eb7c197a2e8685a4dfbd05c9b47d938956b86e19d10b6a0353643ba1","bc53acae0a70725a3788ac1f99f4b01dd9e241efd1f48c60e24d7f547ef7d35c","246521649b7b50115321177277ece63098e345dff83f6e591569478df311c8b1"
"6","physical_no_rubble","1","1","0","3100500001","24647824","true","1977","1977","true","false","true","false","1980","5345229","67944","6b2498fe6bd906499d77230c12bae97e80ca48f0c9faa144f09a37075200e338","bc53acae0a70725a3788ac1f99f4b01dd9e241efd1f48c60e24d7f547ef7d35c","246521649b7b50115321177277ece63098e345dff83f6e591569478df311c8b1"
"7","physical_no_rubble","1","1","1","3100500001","24647825","true","1977","1977","true","false","true","false","1980","5345229","67944","2ef5f3c9950e93a92b9295ae168714ec16232d0837f27a2347b74674b0df86da","bc53acae0a70725a3788ac1f99f4b01dd9e241efd1f48c60e24d7f547ef7d35c","246521649b7b50115321177277ece63098e345dff83f6e591569478df311c8b1"
"8","physical_rubble","0","0","0","3100500100","24647826","true","2045","2045","true","false","false","false","2048","5491602","71179","0c77efcdb5c6b1c45917f702f6453b1c71e5920e0481bd902ca0e0882ae09f9d","41998a9757c84d8f4d6a1655df81c3a8990f615ee44cfa3af55aa0cf773742d4","e566f91cae96e4d26162f5e103c9f7d8697726a8ec1adf4ba3acbd0d5766612b"
"9","physical_rubble","0","0","1","3100500100","24647827","true","2045","2045","true","false","false","false","2048","5491602","71179","424f4928d511392bf2df5364d3b4adf048b84a4801b01bcee81f9be95a230641","41998a9757c84d8f4d6a1655df81c3a8990f615ee44cfa3af55aa0cf773742d4","e566f91cae96e4d26162f5e103c9f7d8697726a8ec1adf4ba3acbd0d5766612b"
"10","physical_rubble","0","1","0","3100500100","24647828","true","2045","2045","true","false","false","false","2048","5491602","71179","4836e78c37577964d9a78476046716f853dc9098172212bcce35ca04bd71807c","41998a9757c84d8f4d6a1655df81c3a8990f615ee44cfa3af55aa0cf773742d4","e566f91cae96e4d26162f5e103c9f7d8697726a8ec1adf4ba3acbd0d5766612b"
"11","physical_rubble","0","1","1","3100500100","24647829","true","2045","2045","true","false","false","false","2048","5491602","71179","65f1bbf7edafbe88a513c1e92eb854a276d51ffb092d355245830f379c22dcfc","41998a9757c84d8f4d6a1655df81c3a8990f615ee44cfa3af55aa0cf773742d4","e566f91cae96e4d26162f5e103c9f7d8697726a8ec1adf4ba3acbd0d5766612b"
"12","physical_rubble","1","0","0","3100500101","24647830","true","1977","1977","true","false","false","false","1980","5345601","67936","36a05f725f6f83e16839281f4774702f2b6c6f890fd6f706e7b87e10521fd72c","4255eb6611477618936da48e4f39d48d2b0131165c9eed54a2d2133249494157","4ef554252a7d969264fba0c52f5c4d036e968bd3816b380f8ea02f0d3bd7c93f"
"13","physical_rubble","1","0","1","3100500101","24647831","true","1977","1977","true","false","false","false","1980","5345601","67936","bde3f6daca65f658d7908a5a19b8832723c80ddc0b18a13c13c1f29e350a1f0e","4255eb6611477618936da48e4f39d48d2b0131165c9eed54a2d2133249494157","4ef554252a7d969264fba0c52f5c4d036e968bd3816b380f8ea02f0d3bd7c93f"
"14","physical_rubble","1","1","0","3100500101","24647832","true","1977","1977","true","false","false","false","1980","5345601","67936","b828d6a4975bbf18595b558263b54560dfd9353871fd3d1dc008cbf57fdeae5f","4255eb6611477618936da48e4f39d48d2b0131165c9eed54a2d2133249494157","4ef554252a7d969264fba0c52f5c4d036e968bd3816b380f8ea02f0d3bd7c93f"
"15","physical_rubble","1","1","1","3100500101","24647833","true","1977","1977","true","false","false","false","1980","5345601","67936","5a55b10afbb438bbaf307a26639e2f2ac2380fbaa5f877296ad099b26f275dd3","4255eb6611477618936da48e4f39d48d2b0131165c9eed54a2d2133249494157","4ef554252a7d969264fba0c52f5c4d036e968bd3816b380f8ea02f0d3bd7c93f"
"16","capture","0","0","0","3100500200","24647835","true","2146","2146","false","false","false","false","2149","5776954","73443","cb286b575685e9e9e3caa7fe6e8af7eaa1d486a8cd04c528e97846cfad27fd0c","fb1990bb5c095b12ca4f387190cd6c508ac85db48e7959ceeb4ef7c298429494","142bc09c30f19539afc218f7a8d78d38417499d37638a561bdb70b27710606ab"
"17","capture","0","0","1","3100500200","24647836","true","2146","2146","false","false","false","false","2149","5776954","73443","16c6d9f04a109d354fbf032ca1ae9e79e0ef170477834145ae01cce64651de1e","fb1990bb5c095b12ca4f387190cd6c508ac85db48e7959ceeb4ef7c298429494","142bc09c30f19539afc218f7a8d78d38417499d37638a561bdb70b27710606ab"
"18","capture","0","1","0","3100500200","24647837","true","2146","2146","false","false","false","false","2149","5776954","73443","ce282a286b12d33ccd3f0cb525be9611447778cd8133372709a3bfb127fc34c1","fb1990bb5c095b12ca4f387190cd6c508ac85db48e7959ceeb4ef7c298429494","142bc09c30f19539afc218f7a8d78d38417499d37638a561bdb70b27710606ab"
"19","capture","0","1","1","3100500200","24647838","true","2146","2146","false","false","false","false","2149","5776954","73443","6d9080579096d0dfcf0e407ce486fc664a427fc5073a48cf96bb4dd5add8925e","fb1990bb5c095b12ca4f387190cd6c508ac85db48e7959ceeb4ef7c298429494","142bc09c30f19539afc218f7a8d78d38417499d37638a561bdb70b27710606ab"
"20","capture","1","0","0","3100500201","24647839","true","2432","2432","false","false","false","false","2435","6630521","82692","e74430818a89090326612ef8fadbc5d1937db2e4d13104538c03dc91a12fae8b","0a82dc56bde58e4b414ff2691e5aea4740b58022afd69a4c1cd0538c7689381f","f07fd6a621f66f12a78b7d501047c3f3032656f6e5867b811d2afda336fb4615"
"21","capture","1","0","1","3100500201","24647840","true","2432","2432","false","false","false","false","2435","6630521","82692","88b4a7c9747c987422ca0ab9ad1c2a12ccf62bad4750cd198b8e5be0adfcd375","0a82dc56bde58e4b414ff2691e5aea4740b58022afd69a4c1cd0538c7689381f","f07fd6a621f66f12a78b7d501047c3f3032656f6e5867b811d2afda336fb4615"
"22","capture","1","1","0","3100500201","24647841","true","2432","2432","false","false","false","false","2435","6630521","82692","40a616503ee69cce98d0e16656fa7892e99bafc79eb86b3094bf4d8916ba3fac","0a82dc56bde58e4b414ff2691e5aea4740b58022afd69a4c1cd0538c7689381f","f07fd6a621f66f12a78b7d501047c3f3032656f6e5867b811d2afda336fb4615"
"23","capture","1","1","1","3100500201","24647843","true","2432","2432","false","false","false","false","2435","6630521","82692","2821567cc3b0feb33d1a788a6ee5125435c181a464477555224eac4b34e73123","0a82dc56bde58e4b414ff2691e5aea4740b58022afd69a4c1cd0538c7689381f","f07fd6a621f66f12a78b7d501047c3f3032656f6e5867b811d2afda336fb4615"
"24","sale","0","0","0","3100500300","24647844","true","1854","1854","false","false","false","false","1857","4951863","63173","6e3ad771c58627086742644afb08cbd612a4ff9a8028ee871dd92f8aedfd4a57","b95fb94a72be04cd8da94d72a5a5c5f74fdeebd40fc844436943bc55230a7d98","3b092d4743814bbd6540df6eba957e9eab332fc4e0776875819ef28b1732eb55"
"25","sale","0","0","1","3100500300","24647845","true","1854","1854","false","false","false","false","1857","4951863","63173","ff47d321ca8038fe05761bde8ad6117f22ccf644d6c5b97371130885e4e8192f","b95fb94a72be04cd8da94d72a5a5c5f74fdeebd40fc844436943bc55230a7d98","3b092d4743814bbd6540df6eba957e9eab332fc4e0776875819ef28b1732eb55"
"26","sale","0","1","0","3100500300","24647846","true","1854","1854","false","false","false","false","1857","4951863","63173","7279a611a4f8cd0d878931404d072c4f6292079b325ea8c757de49fccf2ae4fa","b95fb94a72be04cd8da94d72a5a5c5f74fdeebd40fc844436943bc55230a7d98","3b092d4743814bbd6540df6eba957e9eab332fc4e0776875819ef28b1732eb55"
"27","sale","0","1","1","3100500300","24647847","true","1854","1854","false","false","false","false","1857","4951863","63173","1b994bf5a39e086553abdb96ca79ca4377642a5f7b51fd7709154296ed19b0a9","b95fb94a72be04cd8da94d72a5a5c5f74fdeebd40fc844436943bc55230a7d98","3b092d4743814bbd6540df6eba957e9eab332fc4e0776875819ef28b1732eb55"
"28","sale","1","0","0","3100500301","24647848","true","1854","1854","false","false","false","false","1857","4997832","62713","a5f149d3cb7439a936397188afa4cac88e8dbee53f3ed396f42386d7a042d1f0","f159d92e004bb767d4535d13a9bdd8d42935d569ff60ea2228e5f0bda66b335d","b693c501ad7ed656327b2c221d2947dbcbc149aef5548468b4b4a0d1f12796c2"
"29","sale","1","0","1","3100500301","24647849","true","1854","1854","false","false","false","false","1857","4997832","62713","524f5d211b6606cc6f2e9e6e7b387c8e5574b64494c40046a2272d76413bec2a","f159d92e004bb767d4535d13a9bdd8d42935d569ff60ea2228e5f0bda66b335d","b693c501ad7ed656327b2c221d2947dbcbc149aef5548468b4b4a0d1f12796c2"
"30","sale","1","1","0","3100500301","24647850","true","1854","1854","false","false","false","false","1857","4997832","62713","ba573539146ab3f546ec7f8488a067c94c25848a4a5e02e86dd8beeadbbeee0f","f159d92e004bb767d4535d13a9bdd8d42935d569ff60ea2228e5f0bda66b335d","b693c501ad7ed656327b2c221d2947dbcbc149aef5548468b4b4a0d1f12796c2"
"31","sale","1","1","1","3100500301","24647853","true","1854","1854","false","false","false","false","1857","4997832","62713","f34d3e9cb83fbd58935087e9790be0cd3ef30e4e52e652cc840beb5343abae08","f159d92e004bb767d4535d13a9bdd8d42935d569ff60ea2228e5f0bda66b335d","b693c501ad7ed656327b2c221d2947dbcbc149aef5548468b4b4a0d1f12796c2"
"32","cleanup","0","0","0","3100500400","24647854","true","1801","1801","false","false","false","false","1804","4803035","61455","9b58e02343b8d3d491b4cd9a73b0899eced1b04dc404b432e7bcc3fa1c9a7725","2a7fe8c32993c7c5b655046beaec65e0343348b6b21f7e8e9d86d9f6970bb69e","5e5e2b703af45758c047202d167f5e5d54a616c742562f2077a6072fb5a670c7"
"33","cleanup","0","0","1","3100500400","24647855","true","1801","1801","false","false","false","false","1804","4803035","61455","9ab21fa79c2c5bd8ecfa6afc7c5aa7c930b1e5566c18e06ab2e400829ea050e5","2a7fe8c32993c7c5b655046beaec65e0343348b6b21f7e8e9d86d9f6970bb69e","5e5e2b703af45758c047202d167f5e5d54a616c742562f2077a6072fb5a670c7"
"34","cleanup","0","1","0","3100500400","24647856","true","1801","1801","false","false","false","false","1804","4803035","61455","ecacc7cb6c9fcf7db42570c4468dd6f29b7975b71951a9feeec1bf0a1cb8aaf4","2a7fe8c32993c7c5b655046beaec65e0343348b6b21f7e8e9d86d9f6970bb69e","5e5e2b703af45758c047202d167f5e5d54a616c742562f2077a6072fb5a670c7"
"35","cleanup","0","1","1","3100500400","24647857","true","1801","1801","false","false","false","false","1804","4803035","61455","44e0fb951bbc8a6c150e58668a3c3593b86f53cfc731a11cf704eed2f49882fd","2a7fe8c32993c7c5b655046beaec65e0343348b6b21f7e8e9d86d9f6970bb69e","5e5e2b703af45758c047202d167f5e5d54a616c742562f2077a6072fb5a670c7"
"36","cleanup","1","0","0","3100500401","24647859","true","1801","1801","false","false","false","false","1804","4849004","61006","478693571530c454572b7e5bd868ff12ad98b7dae807a55d4c88d40f375c1e98","e816029e77e3a6b1d1704bd4425b70ce324e476e4022aebedaca526693365c49","692a3cff77acf4a24e062ee4e8e44fe36b805745f91646249ab7804389df1473"
"37","cleanup","1","0","1","3100500401","24647860","true","1801","1801","false","false","false","false","1804","4849004","61006","8664005ad4b43b8039da06cce9fdc79160f5eaf29a13dea3d9262a8b0abdcdb6","e816029e77e3a6b1d1704bd4425b70ce324e476e4022aebedaca526693365c49","692a3cff77acf4a24e062ee4e8e44fe36b805745f91646249ab7804389df1473"
"38","cleanup","1","1","0","3100500401","24647861","true","1801","1801","false","false","false","false","1804","4849004","61006","bceaec91332f737afbf91772b7267261f34fe934d6a466ab3ceece2a65033be7","e816029e77e3a6b1d1704bd4425b70ce324e476e4022aebedaca526693365c49","692a3cff77acf4a24e062ee4e8e44fe36b805745f91646249ab7804389df1473"
"39","cleanup","1","1","1","3100500401","24647816","true","1801","1801","false","false","false","false","1804","4849004","61006","9161936f530b1bd1dd5740b2749accddd8950cf565064cd9ba17ec35a338282e","e816029e77e3a6b1d1704bd4425b70ce324e476e4022aebedaca526693365c49","692a3cff77acf4a24e062ee4e8e44fe36b805745f91646249ab7804389df1473"
