"label","jobId","account","partition","state","exit","restarts"
"24643667","24643667","pi_jss233","day","COMPLETED","0:0","0"
"24643668","24643668","pi_jss233","day","COMPLETED","0:0","0"
"24643855","24643855","pi_jss233","day","COMPLETED","0:0","0"
"24643854_0","24643856","pi_jss233","day","COMPLETED","0:0","0"
"24643854_1","24643857","pi_jss233","day","COMPLETED","0:0","0"
"24643854_2","24643858","pi_jss233","day","COMPLETED","0:0","0"
"24643854_3","24643859","pi_jss233","day","COMPLETED","0:0","0"
"24643854_4","24643860","pi_jss233","day","COMPLETED","0:0","0"
"24643854_5","24643861","pi_jss233","day","COMPLETED","0:0","0"
"24643854_6","24643862","pi_jss233","day","COMPLETED","0:0","0"
"24643854_7","24643854","pi_jss233","day","COMPLETED","0:0","0"
