"label","jobId","account","partition","state","exit","restarts","elapsedSeconds","cpus"
"24650637","24650637","pi_jss233","day","COMPLETED","0:0","0","180","1"
"24651416","24651416","pi_jss233","day","COMPLETED","0:0","0","3","1"
"24651415_0","24651417","pi_jss233","day","COMPLETED","0:0","0","1519","1"
"24651415_1","24651418","pi_jss233","day","COMPLETED","0:0","0","258","1"
"24651415_2","24651419","pi_jss233","day","COMPLETED","0:0","0","313","1"
"24651415_3","24651420","pi_jss233","day","COMPLETED","0:0","0","221","1"
"24651415_4","24651421","pi_jss233","day","COMPLETED","0:0","0","147","1"
"24651415_5","24651422","pi_jss233","day","COMPLETED","0:0","0","143","1"
"24651415_6","24651423","pi_jss233","day","COMPLETED","0:0","0","147","1"
"24651415_7","24651424","pi_jss233","day","COMPLETED","0:0","0","76","1"
"24651415_8","24651469","pi_jss233","day","COMPLETED","0:0","0","74","1"
"24651415_9","24651484","pi_jss233","day","COMPLETED","0:0","0","76","1"
"24651415_10","24651485","pi_jss233","day","COMPLETED","0:0","0","76","1"
"24651415_11","24651486","pi_jss233","day","COMPLETED","0:0","0","110","1"
"24651415_12","24651489","pi_jss233","day","COMPLETED","0:0","0","145","1"
"24651415_13","24651534","pi_jss233","day","COMPLETED","0:0","0","80","1"
"24651415_14","24651535","pi_jss233","day","COMPLETED","0:0","0","141","1"
"24651415_15","24651415","pi_jss233","day","COMPLETED","0:0","0","695","1"
