"taskIndex","mapId","mapCaseIndex","jobId","country","countryOrdinal","candidateSlot","candidateStart","opponentStart","repeatIndex","requestedEngineSeed","winner","updates","endpointStatus","cellSha256","trajectorySha256","rawPath"
"0","hfo-lvl","1","24634135","Americans","0","0","39,82","87,157","1","3002600001","opponent","13540","baseline_win","7bc453a1ec09cffacf5735edd79b5c16e9afce5c5cba08841efa96858292375a","9a1d239dfe293cc1f3dcd4c6e0728aeed927b7df370c1ff00118f5804df405da","research-evidence/multimap-v2/unchanged-confirmation-v1/cells/task-000/cell.json"
"1","hfo-lvl","2","24634136","Americans","0","0","39,82","87,157","2","3002600002","opponent","8428","baseline_win","70362400b5fba691893461b1f81cc97856790a6cc9e1c08f1f22be8e3c5c88cd","c06c5b8c262fc46f355fe5107785df06d10b2155923b6d0b23f58ae760f8af87","research-evidence/multimap-v2/unchanged-confirmation-v1/cells/task-001/cell.json"
"2","hfo-lvl","3","24634137","Americans","0","0","39,82","87,157","3","3002600003","opponent","8477","baseline_win","f217e88c7672c28b21d2bb06ef34cbe55392ce881a311a485b5439775e2b9171","771bca91fb94a680025d602acd4894b47714b6d44a10e4dc4ce6427216bc08a2","research-evidence/multimap-v2/unchanged-confirmation-v1/cells/task-002/cell.json"
"3","hfo-lvl","4","24634138","Americans","0","0","39,82","87,157","4","3002600004","opponent","8878","baseline_win","9ed26ff0793e255c03b3fff54c577117afcf81fc12c2c800d2a9763d4f94ea2c","dcdcd0f1322487923c440821bdd0d0a10b93f4b7725327e39a92c721c98502bb","research-evidence/multimap-v2/unchanged-confirmation-v1/cells/task-003/cell.json"
"4","hfo-lvl","6","24634139","Americans","0","0","87,157","39,82","1","3002600006","candidate","21091","candidate_win","5e15a69776ea21385341956ca6708b4cc440f856db2e7d11ef95ef677eb5eb2a","c06ace362c0803242aa5e745a0c4acbdc62454be4eba432eff6b41526d6c1db3","research-evidence/multimap-v2/unchanged-confirmation-v1/cells/task-004/cell.json"
"5","hfo-lvl","7","24634140","Americans","0","0","87,157","39,82","2","3002600007","candidate","21140","candidate_win","7c833c468e1d918a09900375e370ac4014b3de5c0fd94b7525cbdedacfc76ad7","62a8d902e6764ed20e8b87b0fc18c5ee08293f90fe524d1ddc5db6b4c0ca9797","research-evidence/multimap-v2/unchanged-confirmation-v1/cells/task-005/cell.json"
"6","hfo-lvl","8","24634141","Americans","0","0","87,157","39,82","3","3002600008","candidate","21140","candidate_win","01c7d98abf0793bdc5cd8ec182a84e8b5e2f82e1360755f119be1d728d883042","d87eb3e34577519ae234b398f123e7a5869dbf1630ad214152e90f801c602159","research-evidence/multimap-v2/unchanged-confirmation-v1/cells/task-006/cell.json"
"7","hfo-lvl","9","24634142","Americans","0","0","87,157","39,82","4","3002600009","candidate","21473","candidate_win","e3f7d0f96e8588d9f62bf1930380783f831c5676b7634ab534e26b6380b0353b","4bde7cff0d8cea37e22a6d8d63a27ec31774bd417da2b500cb44eddd784bfe3c","research-evidence/multimap-v2/unchanged-confirmation-v1/cells/task-007/cell.json"
"8","hfo-lvl","11","24634143","Americans","0","1","39,82","87,157","1","3002600011","candidate","19940","candidate_win","b03026acdafeb6330c82ee7444810bb72adf683cfaa1f501978c004257c6cdb4","08bcaa738ca2b3170feba3bc6a5c4b3d82b09205f2f35b42de74a11c801e8ee7","research-evidence/multimap-v2/unchanged-confirmation-v1/cells/task-008/cell.json"
"9","hfo-lvl","12","24634144","Americans","0","1","39,82","87,157","2","3002600012","candidate","19890","candidate_win","e1476b7f2c13aa5b06ee6a9f70213d68ea8a09c852ff704b8fd0e3db3a35d946","859797951e3391844ed3c099b8458a4925a2f266b19a154b542df0519724980b","research-evidence/multimap-v2/unchanged-confirmation-v1/cells/task-009/cell.json"
"10","hfo-lvl","13","24634145","Americans","0","1","39,82","87,157","3","3002600013","candidate","19627","candidate_win","2e6a47e60048030a33062fd99420a50e0f832532fb9b54ecc7ed865de1af6609","abaddcfcb1e3f6596e7cd660f884477bb9d45f78cc2a3a39264a0a0c2517ffcf","research-evidence/multimap-v2/unchanged-confirmation-v1/cells/task-010/cell.json"
"11","hfo-lvl","14","24634146","Americans","0","1","39,82","87,157","4","3002600014","candidate","19756","candidate_win","e44031a87ca71b89a2d79a68d78d3877eae4a88e17758e6eb51d262d7c212597","cb9cc2ba8aea4dd53c85b3675cc708f71e58400365c00802906834735325e2ce","research-evidence/multimap-v2/unchanged-confirmation-v1/cells/task-011/cell.json"
"12","hfo-lvl","16","24634147","Americans","0","1","87,157","39,82","1","3002600016","candidate","8317","candidate_win","e944fe0fe0f76a0434751ccc73182e6e62063a86ad66e5bc4b59d09636a9e323","345c49864fe95ef4ba7fedb7fb8e72e0f5911b0c3609b4e30f9a6b66ae585264","research-evidence/multimap-v2/unchanged-confirmation-v1/cells/task-012/cell.json"
"13","hfo-lvl","17","24634148","Americans","0","1","87,157","39,82","2","3002600017","candidate","19765","candidate_win","2a9825edf6fcc92bc4626cff02cd75d480f441b2089be5b072370b6a4be83b2d","2a2df3aef58b4ac67da04d875d6b5f9331f6c4a99302b3ac24a38ab9393d68d6","research-evidence/multimap-v2/unchanged-confirmation-v1/cells/task-013/cell.json"
"14","hfo-lvl","18","24634149","Americans","0","1","87,157","39,82","3","3002600018","candidate","20107","candidate_win","e75ca853b6de5882176ad1388484612e82d4caf22d1bfa4019c902cda0d63bf0","72263a5f9be200967841a83ad3748108de0d93161c680ae354046aa9c1cbae0c","research-evidence/multimap-v2/unchanged-confirmation-v1/cells/task-014/cell.json"
"15","hfo-lvl","19","24634150","Americans","0","1","87,157","39,82","4","3002600019","candidate","18437","candidate_win","dcca52ec8d55b84dae4894ea51f4921a66bba3d6b5865554329fd21e43d03236","d96e9fa24a4d37cdd3208e52a13806f7193dfafd2773f95cbb36ea2c403d4af7","research-evidence/multimap-v2/unchanged-confirmation-v1/cells/task-015/cell.json"
"16","hfo-lvl","21","24634151","Alliance","1","0","39,82","87,157","1","3002600021","opponent","8526","baseline_win","64593e82a019066e6c0719e952809a2975c4981eab4c29a4dad2f3b24dc949a3","34f6810d0ccccfc210a8a60cbaacdd5b7f2cd75336c95c8e3202a37a27d34a17","research-evidence/multimap-v2/unchanged-confirmation-v1/cells/task-016/cell.json"
"17","hfo-lvl","22","24634152","Alliance","1","0","39,82","87,157","2","3002600022","opponent","8404","baseline_win","1cf9f50eddca42941f99bfbf47ffc76f97d7403ef79ce615e48be6f289a67302","6b20febf95b02d21c4b8a1fe8f2224a60f2e2fb72efcbd04ab8e116a1d763a9e","research-evidence/multimap-v2/unchanged-confirmation-v1/cells/task-017/cell.json"
"18","hfo-lvl","23","24634153","Alliance","1","0","39,82","87,157","3","3002600023","opponent","9404","baseline_win","0b604aec6be08e07716584239413ef9d48fee0065828d7298a7dfd1595bfcf93","4c62f6ec7596d98ceb7ff9425d97e49a8c3e808544ded11d3882b522e8c5bc3f","research-evidence/multimap-v2/unchanged-confirmation-v1/cells/task-018/cell.json"
"19","hfo-lvl","24","24634154","Alliance","1","0","39,82","87,157","4","3002600024","opponent","11999","baseline_win","5f7ecd69d1d0ff9bcced8f74eacc258619ebbd526c5b7917165e8fac885f2a6c","0d20ca98c6f35e5d7360646b64616de672d9148acd99dfa94cdbfe2a441d416a","research-evidence/multimap-v2/unchanged-confirmation-v1/cells/task-019/cell.json"
"20","hfo-lvl","26","24634155","Alliance","1","0","87,157","39,82","1","3002600026","opponent","33468","baseline_win","c7b904d32e4ca5064bce52918b90ac79bb1f5d44577cf80aa63f3b0008a32c4b","1033b42ca2d85ddbcc78f3268ac611c2b63742b46ceb9a36ae2b45eab5256f64","research-evidence/multimap-v2/unchanged-confirmation-v1/cells/task-020/cell.json"
"21","hfo-lvl","27","24634156","Alliance","1","0","87,157","39,82","2","3002600027","opponent","29772","baseline_win","4e6ff2dabb3e7e8cb165926bf127662761710edd999595f89f513a1bf000630d","bd069a8c7f58ce789f5426b6e4fd21e4ffa18de2f9d7b5907a52402621243bb4","research-evidence/multimap-v2/unchanged-confirmation-v1/cells/task-021/cell.json"
"22","hfo-lvl","28","24634157","Alliance","1","0","87,157","39,82","3","3002600028","candidate","21797","candidate_win","010d040db84518ef242205185bf1c8b591e34fb91a476b95596574443d756037","bad87b73d89aa3cabca11b4cb8167677677c48be03108557df42309d28520ec5","research-evidence/multimap-v2/unchanged-confirmation-v1/cells/task-022/cell.json"
"23","hfo-lvl","29","24634158","Alliance","1","0","87,157","39,82","4","3002600029","candidate","21695","candidate_win","84b55e1a428e4b4ebcde8121daa1f2ad896123f0091e4d41a088d77f1c72a3e7","3cabd64be81ab1941f8be7d0f88146d2079e2bc23c82c5cfb4b6dda3a72f4da8","research-evidence/multimap-v2/unchanged-confirmation-v1/cells/task-023/cell.json"
"24","hfo-lvl","31","24634159","Alliance","1","1","39,82","87,157","1","3002600031","candidate","20495","candidate_win","ca790d6d4866570adcfb69fe99a8d762fc44d90798ea3489a4719a0c48fe4f84","d3d895fe1207e194a78188abca8513b5c210201ddb3d9687a19b29cc0ea77508","research-evidence/multimap-v2/unchanged-confirmation-v1/cells/task-024/cell.json"
"25","hfo-lvl","32","24634160","Alliance","1","1","39,82","87,157","2","3002600032","candidate","20870","candidate_win","7b61dc9a9ad4a3ce6b46a6389b4d29dea99c6888fc3853dc678a8b929637afd4","d8ba2d2fb53155a6457116b94568b47b98690773c6126e50cbb51a092244dddf","research-evidence/multimap-v2/unchanged-confirmation-v1/cells/task-025/cell.json"
"26","hfo-lvl","33","24634161","Alliance","1","1","39,82","87,157","3","3002600033","candidate","21110","candidate_win","932296b9add2559b45d1924608b08eb75359033d0461656258056b7216343322","5e92d53ed60709fa9d0247b7602539055ece4cfec30a6119aa859fa49c3a385c","research-evidence/multimap-v2/unchanged-confirmation-v1/cells/task-026/cell.json"
"27","hfo-lvl","34","24634162","Alliance","1","1","39,82","87,157","4","3002600034","candidate","20993","candidate_win","9661ebaa2a33f14c1e937fd02850caa612357931f5f700382697a343227c1d55","261fa5e4da4a197bd8e1e195e8980731882f5063e6157030945d1ef3c01a94ac","research-evidence/multimap-v2/unchanged-confirmation-v1/cells/task-027/cell.json"
"28","hfo-lvl","36","24634163","Alliance","1","1","87,157","39,82","1","3002600036","candidate","8535","candidate_win","ed16b9332e0352a12610a03fbeab32fa852d29e48b92449ae13dafef0f07610a","744caa8efb13f78ad21a8edf08e97aeae55ec9173488ed411cd3897d166997b4","research-evidence/multimap-v2/unchanged-confirmation-v1/cells/task-028/cell.json"
"29","hfo-lvl","37","24634164","Alliance","1","1","87,157","39,82","2","3002600037","candidate","7599","candidate_win","7900eea2ff36a787dbc725bce4d52770352b0f8909c18b48804d14c392a93a76","12e2b6d582b015511b91ec10f8a06d84b688caae9ab044e9e78d1b39f09f01ea","research-evidence/multimap-v2/unchanged-confirmation-v1/cells/task-029/cell.json"
"30","hfo-lvl","38","24634165","Alliance","1","1","87,157","39,82","3","3002600038","candidate","7942","candidate_win","538e35c6f5fa62ba88db03bdfdadae7484a7c51fb37e2b4281ac8ae9d15ad937","58bbe219358e3fb94e2801373af45742618e869d5ecb75ef3c82100c722f7089","research-evidence/multimap-v2/unchanged-confirmation-v1/cells/task-030/cell.json"
"31","hfo-lvl","39","24634166","Alliance","1","1","87,157","39,82","4","3002600039","candidate","21676","candidate_win","01b4d092f747ff40532f503f23d018baacb12095804f182faaac2209a188efe9","c699a2c76376cf0febfdc673008892057c458d748890c12d20090ff470eb95b8","research-evidence/multimap-v2/unchanged-confirmation-v1/cells/task-031/cell.json"
"32","hfo-lvl","41","24634167","French","2","0","39,82","87,157","1","3002600041","opponent","8524","baseline_win","dda52a65d3aa3602f1ec5a802345fb09b9a47e9a1c4fe343f733ad86cf9ab99b","246de05bdda462a7a6e12332a0a1c07fa8204db4c01f5f57cfeb02aa749364d3","research-evidence/multimap-v2/unchanged-confirmation-v1/cells/task-032/cell.json"
"33","hfo-lvl","42","24634168","French","2","0","39,82","87,157","2","3002600042","opponent","12005","baseline_win","800e1e892e54f119d2f1b03e6b5d05a17567abb53867d3fd747e9619c31807e7","b2bd4e0616e41ea3f6702c725940742ed65d0769fce2b823f8c666c5c148184e","research-evidence/multimap-v2/unchanged-confirmation-v1/cells/task-033/cell.json"
"34","hfo-lvl","43","24634169","French","2","0","39,82","87,157","3","3002600043","opponent","13132","baseline_win","afefd0838c78ca4bc1af25cfe1057aa6a454a8c67bfd0180ff39e17f0f384d8c","ec6fc2e3914d85939c5af47c5f4bd4a78427db36dfe23d5013e96b4416d88818","research-evidence/multimap-v2/unchanged-confirmation-v1/cells/task-034/cell.json"
"35","hfo-lvl","44","24634170","French","2","0","39,82","87,157","4","3002600044","opponent","8152","baseline_win","bcaa6afcf58ef1919a323ead4ebb1ee5ad6b25aaaf73150640fcf7de836c9151","083b00e8dd56f744ada5ad3fe68b54d7ea37bda2548117cc59adbce79102740d","research-evidence/multimap-v2/unchanged-confirmation-v1/cells/task-035/cell.json"
"36","hfo-lvl","46","24634171","French","2","0","87,157","39,82","1","3002600046","candidate","21787","candidate_win","85452bfde4c648a0aa4ea8281742bbe0a4eceb82f42d43f68eacd7722d5d1402","4aaf748cf4fb9660738103c44d575f5e38dd63f7dd5c47c9400ed5efc1a6e9b4","research-evidence/multimap-v2/unchanged-confirmation-v1/cells/task-036/cell.json"
"37","hfo-lvl","47","24634172","French","2","0","87,157","39,82","2","3002600047","candidate","28106","candidate_win","d6ae6f00c38c22f70ff58b578b6d90856432bc5c58791038d72600ac7765c060","cf5f8f51e265fd6eb58a241f9a272f9e868570d5ee3897b6a257705da09c0135","research-evidence/multimap-v2/unchanged-confirmation-v1/cells/task-037/cell.json"
"38","hfo-lvl","48","24634173","French","2","0","87,157","39,82","3","3002600048","candidate","23061","candidate_win","def51bce70d6f873aad0f2cb0655696bc480587f602e7634205e104c05d0b6d4","0c519c04805f84c0ba796ab433ed817115730103b9e3f65c28436589214923a2","research-evidence/multimap-v2/unchanged-confirmation-v1/cells/task-038/cell.json"
"39","hfo-lvl","49","24634174","French","2","0","87,157","39,82","4","3002600049","opponent","28591","baseline_win","14e6bdf596d2a65afc51422c5c7be0bc993d64a81e749ab2609c935eae77414d","63ee6c0769a3b6c1192a8b97238c83d5104482cb731eb298a317e4352f6ca3da","research-evidence/multimap-v2/unchanged-confirmation-v1/cells/task-039/cell.json"
"40","hfo-lvl","51","24634175","French","2","1","39,82","87,157","1","3002600051","candidate","20480","candidate_win","d6429dcc50b81f2e514b7838460ff5b80363faf97c97da49fb0f456ae6f758d0","ed744540339de20f403f1f76c3863baf81a02d35d9a9c3a40bf7966e8b15fb33","research-evidence/multimap-v2/unchanged-confirmation-v1/cells/task-040/cell.json"
"41","hfo-lvl","52","24634176","French","2","1","39,82","87,157","2","3002600052","candidate","45404","candidate_win","5aac838e37752ef52adbd8da91fdab84560222c7d2486ffdd82d66e6c3cfded5","38d2df823c609c725893c8ff42d60a34958cd9c5e9e71d28ee4a30c1d2fff285","research-evidence/multimap-v2/unchanged-confirmation-v1/cells/task-041/cell.json"
"42","hfo-lvl","53","24634185","French","2","1","39,82","87,157","3","3002600053","candidate","21020","candidate_win","a4f58a7fd565468e05fde90028de4640c528aadfafb90e697ca9dc7af69682d0","3d542531183b4f74e7ccaad1d543e223f25f49db23b9ebb815a1a11c22deeb81","research-evidence/multimap-v2/unchanged-confirmation-v1/cells/task-042/cell.json"
"43","hfo-lvl","54","24634186","French","2","1","39,82","87,157","4","3002600054","candidate","20960","candidate_win","c9206e951335813871db6369ecf2d39933e7dc09356b3d0a0b98cd38f8144ad9","fe777abd1b98afcc93dccd1d0f382ee0bdf30c24ed30f955a482ca801ac020d5","research-evidence/multimap-v2/unchanged-confirmation-v1/cells/task-043/cell.json"
"44","hfo-lvl","56","24634187","French","2","1","87,157","39,82","1","3002600056","candidate","7882","candidate_win","7d78ad33620e3d28edafcca696aa36634698d98b546522692d9dc3e7c6840925","02d23f8fe831affba8e400573e0fb31d91048cb530e14cfaace2db57b5010fae","research-evidence/multimap-v2/unchanged-confirmation-v1/cells/task-044/cell.json"
"45","hfo-lvl","57","24634188","French","2","1","87,157","39,82","2","3002600057","candidate","21890","candidate_win","52d0e670777c70ff671fda96dde956f3735f6c9dff878af686f2bf0035155b6f","b97581921053be63bb807a41bc5655d3ea01a44848e83eb824459f403c402993","research-evidence/multimap-v2/unchanged-confirmation-v1/cells/task-045/cell.json"
"46","hfo-lvl","58","24634190","French","2","1","87,157","39,82","3","3002600058","candidate","20245","candidate_win","ffd4be6819c6e9162adfe569c5856936ca8169a0f00395a321267b4971c02a3f","2b001de4ee14dd2f7413ff1835fe093dc462515b061f9a1d54c67f45df4704db","research-evidence/multimap-v2/unchanged-confirmation-v1/cells/task-046/cell.json"
"47","hfo-lvl","59","24634191","French","2","1","87,157","39,82","4","3002600059","candidate","7852","candidate_win","4f4dc7bb9a87530a53a0b5303a315eace09a275258017062be94c1ec489ee944","05d5885fa451c2fd65e45187df0de09fac7f28b1139d54cd3073ba88d139fb03","research-evidence/multimap-v2/unchanged-confirmation-v1/cells/task-047/cell.json"
"48","hfo-lvl","61","24634192","Germans","3","0","39,82","87,157","1","3002600061","opponent","8704","baseline_win","1ce859617cff08fa1821260d4fe989fb78251295cb1cc65905d89e19dc8614e6","ac7654751d3b62abce61cb3ceac7f24d5e8f2d7b0daad3a65580700701a06d2a","research-evidence/multimap-v2/unchanged-confirmation-v1/cells/task-048/cell.json"
"49","hfo-lvl","62","24634193","Germans","3","0","39,82","87,157","2","3002600062","opponent","13532","baseline_win","45dc0431d1357a91e4b88fad8a489ee899134c182c286db5d100c16398eeeb6f","8f785cbb064defba9fe087a14ca22446cd53231dbcd306d09490da3efeefd72e","research-evidence/multimap-v2/unchanged-confirmation-v1/cells/task-049/cell.json"
"50","hfo-lvl","63","24634195","Germans","3","0","39,82","87,157","3","3002600063","opponent","12000","baseline_win","b97605dd15499033a67cec5a04de56f6b2d8ef9be3ad0b3fecc9b912f6c8c835","5e924f3d3888c1a39cc324bbb4107a56a07d0dd86ad53d290d79048fe674f7cd","research-evidence/multimap-v2/unchanged-confirmation-v1/cells/task-050/cell.json"
"51","hfo-lvl","64","24634196","Germans","3","0","39,82","87,157","4","3002600064","opponent","13540","baseline_win","44009deefdd3fd331a4746e87f262ef86f168c9e059c23852d9e6dcc6f12ec7f","b2bef1db9b8eaea874dd817b939799dfb800b6df16344ffe59c70d6b0ac95297","research-evidence/multimap-v2/unchanged-confirmation-v1/cells/task-051/cell.json"
"52","hfo-lvl","66","24634197","Germans","3","0","87,157","39,82","1","3002600066","candidate","22004","candidate_win","5c5bb268f54a1fcd1aa1ac7f8dbabc33e11be8a165ef3dd23cd17cc843001393","0cbaef83c5d81f3b8c5e1843c754913b70c0e2b2ba1345a3b46c8a586841cbe6","research-evidence/multimap-v2/unchanged-confirmation-v1/cells/task-052/cell.json"
"53","hfo-lvl","67","24634198","Germans","3","0","87,157","39,82","2","3002600067","candidate","21833","candidate_win","ef4e6562d4877fffe8f325fd6ab1f6f25242e3d5e3294fb5b67f44dc486a8022","38c1e9a513adae6e370c623a4e3e1676299e468cd57c0c6e25d5ca352c48ef1a","research-evidence/multimap-v2/unchanged-confirmation-v1/cells/task-053/cell.json"
"54","hfo-lvl","68","24634199","Germans","3","0","87,157","39,82","3","3002600068","candidate","24285","candidate_win","64b58bc63be0a2aa958be9656ccb8c64fa2c271900ecdb33e4a705adecec61e6","720f575c9be8e1ece9c499ff5f28195f45bf1b852080bfc3ea3381ce6bcdc2e6","research-evidence/multimap-v2/unchanged-confirmation-v1/cells/task-054/cell.json"
"55","hfo-lvl","69","24634202","Germans","3","0","87,157","39,82","4","3002600069","opponent","17098","baseline_win","20f58f42f7801d165bc7bf24dbd05c733e46cc5e8934e27aea0e4eae3908ba91","e88fb0a032fc472e8a8729abc41424e0edba065741729fdb47826ef846747440","research-evidence/multimap-v2/unchanged-confirmation-v1/cells/task-055/cell.json"
"56","hfo-lvl","71","24634203","Germans","3","1","39,82","87,157","1","3002600071","candidate","20379","candidate_win","598a1c55bbfb0ab2253f548f8c5e6499fe11531796f9b7516d55d782c42ea1b3","1f3c3237a88081f1d74c6fda9d0981c629ff094886c32790b715df16b9cffb0d","research-evidence/multimap-v2/unchanged-confirmation-v1/cells/task-056/cell.json"
"57","hfo-lvl","72","24634204","Germans","3","1","39,82","87,157","2","3002600072","candidate","21155","candidate_win","54f0875ea0088119b55d5c0c8939e054fce431719ff54946870ae9c052217792","e2981de0463a86c12a1ca65b205aaf279e04c7fe3c28c168fdf184fde546dedd","research-evidence/multimap-v2/unchanged-confirmation-v1/cells/task-057/cell.json"
"58","hfo-lvl","73","24634205","Germans","3","1","39,82","87,157","3","3002600073","candidate","21020","candidate_win","0d84ecd459750e952c204ef79b3bec043c2deb9b7e6072d144d8ae204bd1c81b","d065ffb6f0ea6c5d4faa7bda3917736307a4cbd598485334a97a2896e62069b9","research-evidence/multimap-v2/unchanged-confirmation-v1/cells/task-058/cell.json"
"59","hfo-lvl","74","24634206","Germans","3","1","39,82","87,157","4","3002600074","candidate","21113","candidate_win","7f7430ba63167de92701764d24d8059de0f184910d1d5a9bb699cd0fdcf9903c","67b44be5a4c22914213f4613283197f453c94d187ebff551f9037660968ed4a7","research-evidence/multimap-v2/unchanged-confirmation-v1/cells/task-059/cell.json"
"60","hfo-lvl","76","24634207","Germans","3","1","87,157","39,82","1","3002600076","candidate","7774","candidate_win","c942398ffb5adcba7cab2520156ce8d0ab6ac7af261beadecdebf020d452d911","26ac4d3e51ae15ab280532e27181d6e77e8df19a57c0ebaf34bd2b2ec54786f9","research-evidence/multimap-v2/unchanged-confirmation-v1/cells/task-060/cell.json"
"61","hfo-lvl","77","24634208","Germans","3","1","87,157","39,82","2","3002600077","candidate","8110","candidate_win","31fc490afcce3fabf89949ef7d068cdbcd78f669529cf99a89c8eced144eb10c","bc9946c68a3780dc5218256254026f0f085b25db93a2b26869f7758358798481","research-evidence/multimap-v2/unchanged-confirmation-v1/cells/task-061/cell.json"
"62","hfo-lvl","78","24634221","Germans","3","1","87,157","39,82","3","3002600078","candidate","54705","candidate_win","3a53b56aaf8028e5063e2e6710ff14c84e1b6fb2cbd83cb4fe4fd5fcd01adc38","2545d8c987423e4b81d33f101d8528c8713bc6ebab03b77d190ef46a7be0a95d","research-evidence/multimap-v2/unchanged-confirmation-v1/cells/task-062/cell.json"
"63","hfo-lvl","79","24634222","Germans","3","1","87,157","39,82","4","3002600079","candidate","7841","candidate_win","4b0c6ce7f3f5a1a25f993704c368bf57ab03a1095dfe02fccc678e8547c4d882","9bf85bdceecf0231e6b525e51302b7660a0c3311e324f14d2e6fddbf513f8f04","research-evidence/multimap-v2/unchanged-confirmation-v1/cells/task-063/cell.json"
"64","hfo-lvl","81","24634225","British","4","0","39,82","87,157","1","3002600081","opponent","8641","baseline_win","16c69cc0583b77f68b6e412bdd8b5cb997629e9ffacebb6d568eb6cb941c75f8","1639b4d7579f7321d3b7f304dbd168ca7b42ccd7996ee291c4b716bc63366aae","research-evidence/multimap-v2/unchanged-confirmation-v1/cells/task-064/cell.json"
"65","hfo-lvl","82","24634226","British","4","0","39,82","87,157","2","3002600082","opponent","8534","baseline_win","c7ba4bc6fdb9f3106380f241d5f094ad1cc88a1c8152928452cf60ec6fbc0b18","797b540d6c1ec902eb4c131dbe1282f3f8cfc842685be2273a70b4c4fdd7d9a8","research-evidence/multimap-v2/unchanged-confirmation-v1/cells/task-065/cell.json"
"66","hfo-lvl","83","24634229","British","4","0","39,82","87,157","3","3002600083","opponent","13540","baseline_win","cffa73ef611b1cada9147aca99a9bcbca287becaa8931ccaafaef7855c137f5e","98444a151ae784a2565ff00cacfa3c3325aeb96f354fc8cb0b8753b11c9c61b3","research-evidence/multimap-v2/unchanged-confirmation-v1/cells/task-066/cell.json"
"67","hfo-lvl","84","24634230","British","4","0","39,82","87,157","4","3002600084","opponent","13330","baseline_win","ed8ad755f5ef45f5bd90e2c505867201a154891ef0b20374c5cfb5c55b8799d7","92652374f70b7b4f884256fa11b9cc2e4557efaf59d7317b7d476e401ac22fbe","research-evidence/multimap-v2/unchanged-confirmation-v1/cells/task-067/cell.json"
"68","hfo-lvl","86","24634231","British","4","0","87,157","39,82","1","3002600086","candidate","24055","candidate_win","2701bbb7a2365b72dfeea45bde860200c0ba14b57d64652bec45fc6227a2e676","e579ea4f5860437d99eac843710f06355843659f3a6c729ff7dd9783d516ec71","research-evidence/multimap-v2/unchanged-confirmation-v1/cells/task-068/cell.json"
"69","hfo-lvl","87","24634233","British","4","0","87,157","39,82","2","3002600087","candidate","21722","candidate_win","02e9bd00f35a30d01a49af3c7347890ca2b07b804c5cae7ddebde088b84c950d","30bc80d4eda28ec9e839950be38d5a61a0d0a059f03782d720c6f106dabf20a5","research-evidence/multimap-v2/unchanged-confirmation-v1/cells/task-069/cell.json"
"70","hfo-lvl","88","24634234","British","4","0","87,157","39,82","3","3002600088","opponent","14146","baseline_win","06fb302ad83f791ad721894a7cf5a206dc0e167211c3f6e0785ba7b2e47fc2bf","ab8cfaf32a626656a604d5185492cd412f3c6dfea1433600312e4ca0922374bd","research-evidence/multimap-v2/unchanged-confirmation-v1/cells/task-070/cell.json"
"71","hfo-lvl","89","24634235","British","4","0","87,157","39,82","4","3002600089","candidate","23142","candidate_win","624afa4eab6ed59037d2c4f94574fcf95aa0984df5be323004933735ba9cd753","d9ab20126fda8acfb83ae32c746996e7ba82ef229678f472fdf9899460678275","research-evidence/multimap-v2/unchanged-confirmation-v1/cells/task-071/cell.json"
"72","hfo-lvl","91","24634236","British","4","1","39,82","87,157","1","3002600091","candidate","21110","candidate_win","2ea67cb500359d9b81bd9629427022575497c49cbb4880d65e400e4a4c98f2fa","ee5642ec8e3b85a2e5447ca17d027aff555d26bef39391d43f3c251f5bdaa7db","research-evidence/multimap-v2/unchanged-confirmation-v1/cells/task-072/cell.json"
"73","hfo-lvl","92","24634237","British","4","1","39,82","87,157","2","3002600092","candidate","21035","candidate_win","90f492622d97d0e6ffa3deb13aa5e85078372c3a648309295a17291b700283ee","4959e5d855b58e7ef78301e83887482325e12ad1c235a4543a95258ac7dc920c","research-evidence/multimap-v2/unchanged-confirmation-v1/cells/task-073/cell.json"
"74","hfo-lvl","93","24634238","British","4","1","39,82","87,157","3","3002600093","candidate","21002","candidate_win","f67f9eaabcf94ca51d0f98bd84bb2ea91e7e9c693ecba1ae97158fd6f4fb51dc","d5f68edcd728a8cfb1693a5d3f7716100d265d7ae0fdc9493d933072f70b6ed7","research-evidence/multimap-v2/unchanged-confirmation-v1/cells/task-074/cell.json"
"75","hfo-lvl","94","24634241","British","4","1","39,82","87,157","4","3002600094","candidate","21122","candidate_win","01f4edf3f126324aaa2857f6e580b0dae52a7365457fbcb82ed9e84e8f328598","2d52ae81c06009ef40751c824b9d73cb38aecd72770f0a53c34c564d7f099244","research-evidence/multimap-v2/unchanged-confirmation-v1/cells/task-075/cell.json"
"76","hfo-lvl","96","24634242","British","4","1","87,157","39,82","1","3002600096","candidate","26176","candidate_win","3be8fb5065de5b862bd4df0f706f4eb112c27203caec2a1ece84dd74085df23d","57da3e2d55fb1299de92c30c9ad24facaf4d55799ce8c2bd75a4582ac3748612","research-evidence/multimap-v2/unchanged-confirmation-v1/cells/task-076/cell.json"
"77","hfo-lvl","97","24634243","British","4","1","87,157","39,82","2","3002600097","opponent","42190","baseline_win","90969da4489d9eb48450c1bbc64f1170cccc087ea05c61f102180bdb0721c86f","cc795c07a126ad888f0cb77c55d83773da07b847f28a66dabfeb109b0dba856a","research-evidence/multimap-v2/unchanged-confirmation-v1/cells/task-077/cell.json"
"78","hfo-lvl","98","24634249","British","4","1","87,157","39,82","3","3002600098","candidate","7733","candidate_win","fa3d44aa6d696f99b13c95194e7e09f6506caa8d76f5cddd275ff7c665f0b0ef","fbcd794ff364d9b1f05e60657e27a4519b49f4408e7f769538b8d3cb582ef990","research-evidence/multimap-v2/unchanged-confirmation-v1/cells/task-078/cell.json"
"79","hfo-lvl","99","24634250","British","4","1","87,157","39,82","4","3002600099","candidate","7961","candidate_win","faa82be20de3de9ce8fd1c54c2147903f7d1cd50d2e454e9c80f15d63aea654d","5e5eea4d91cf9cfc9b7d9ea31b4de884f7f7c816ea96104513ca623fc3434069","research-evidence/multimap-v2/unchanged-confirmation-v1/cells/task-079/cell.json"
"80","hfo-lvl","101","24634251","Africans","5","0","39,82","87,157","1","3002600101","opponent","23535","baseline_win","f98e186ac81f14629bfb9b07628dad7d670fe8cb131f616af8aafd5810ef7c42","a4a0b17e9a360f5fda96625a54285aa305e42678423f6954854b0dc1146f2fc6","research-evidence/multimap-v2/unchanged-confirmation-v1/cells/task-080/cell.json"
"81","hfo-lvl","102","24634253","Africans","5","0","39,82","87,157","2","3002600102","opponent","31552","baseline_win","49a7cd2c636e7c85f8291211baa9fc63de0c2a1ca6989f46b6b45189edf82558","62039d66a726187623302b2263b8604f59726b3c6553c236830e63df677054cf","research-evidence/multimap-v2/unchanged-confirmation-v1/cells/task-081/cell.json"
"82","hfo-lvl","103","24634256","Africans","5","0","39,82","87,157","3","3002600103","opponent","62132","baseline_win","3e359b8119c52d8d63f9cbec7ad944182a1cd9d6f6eb055ad4b1b86c1ed69806","971664a9554508a30ae971c2024d6b86f9a0dd1642e557227a1b73f1eeabd99e","research-evidence/multimap-v2/unchanged-confirmation-v1/cells/task-082/cell.json"
"83","hfo-lvl","104","24634257","Africans","5","0","39,82","87,157","4","3002600104","opponent","23200","baseline_win","0150d48f4465cc7f6bb2f2e88486918da51875d4ee6c7e22d32d94faf3d90ee2","b48ba537456cfe7ef1ef65c7b63f901fcb6fc1893a81d098482c5320bb4c628c","research-evidence/multimap-v2/unchanged-confirmation-v1/cells/task-083/cell.json"
"84","hfo-lvl","106","24634258","Africans","5","0","87,157","39,82","1","3002600106","candidate","20131","candidate_win","cb976b8b8b911d119649755617844eb59407039163090792813a01c804070be1","05d8378ba8f771ceae890d7fe310190f29c140449c5b228014a342be126063c9","research-evidence/multimap-v2/unchanged-confirmation-v1/cells/task-084/cell.json"
"85","hfo-lvl","107","24634261","Africans","5","0","87,157","39,82","2","3002600107","candidate","31924","candidate_win","28384a60718dc131450ff759ac2be4cc856e10e7aed7e34f372300ef8f148ffa","4ee767026680f518ac69fd66312e3797d742231ba823b4a3f7306ecbff02f787","research-evidence/multimap-v2/unchanged-confirmation-v1/cells/task-085/cell.json"
"86","hfo-lvl","108","24634262","Africans","5","0","87,157","39,82","3","3002600108","candidate","15475","candidate_win","8f78bf8219724f2262cc180c841a21b6ce0c0096c8b605c2d7d12d7e3ea556ab","78e3530079f4167165740b716ee4578694099b8e2fd3f37b6996ae296e26a0d6","research-evidence/multimap-v2/unchanged-confirmation-v1/cells/task-086/cell.json"
"87","hfo-lvl","109","24634263","Africans","5","0","87,157","39,82","4","3002600109","candidate","22910","candidate_win","bad2f59f46888738ea40a6a6ee681d2677c1478afaef97d42478ee4d18fdf8da","ddd55c0214879d00eeb2b5e7c1fea193389ad3fa5224c5f684c594f99a173182","research-evidence/multimap-v2/unchanged-confirmation-v1/cells/task-087/cell.json"
"88","hfo-lvl","111","24634265","Africans","5","1","39,82","87,157","1","3002600111","candidate","9248","candidate_win","ef3fb01429f27ea90b23e4f5e2f3086a7ace59f48f4ed68874ce07ab74092dff","17a630eeeb646bafb21490dc121db314415f57b6f3eeb83c52c8a0f601e9537c","research-evidence/multimap-v2/unchanged-confirmation-v1/cells/task-088/cell.json"
"89","hfo-lvl","112","24634269","Africans","5","1","39,82","87,157","2","3002600112","opponent","27776","baseline_win","ca1b497475f2dc5d70e7e440b55839f8d54104332598316aea74950771559e40","f0d1e646e243d0e2ca3a2b5b8a05af134037d55986b7d03820c9d639ad3aca7a","research-evidence/multimap-v2/unchanged-confirmation-v1/cells/task-089/cell.json"
"90","hfo-lvl","113","24634271","Africans","5","1","39,82","87,157","3","3002600113","candidate","8820","candidate_win","d538d3c2ba8a581be898b55f65ab244b5442922d1e8968db6d658649531e6881","21f1a293c9fc981015129d9b901c0506e40728205f912be930c9e7f626fb27ee","research-evidence/multimap-v2/unchanged-confirmation-v1/cells/task-090/cell.json"
"91","hfo-lvl","114","24634272","Africans","5","1","39,82","87,157","4","3002600114","draw","90000","tick_cap_draw","c7ac9c1a21a0ae5f52366c8b24a6055bb54ed3b0a2586bec9fbaceb303ea174b","2c66b5bf767ceea7a43bf6191b0a3311211a045b966b4dd9ac9347cad58c6ff2","research-evidence/multimap-v2/unchanged-confirmation-v1/cells/task-091/cell.json"
"92","hfo-lvl","116","24634273","Africans","5","1","87,157","39,82","1","3002600116","candidate","46388","candidate_win","5a289993cd57e4514817a5ddb91d340d282bd6626204112b3ad8d8d884ee9192","9192c5e99ed8fd18e7a77b0e68d266404219cb137cb72086a356cff76ea9f5de","research-evidence/multimap-v2/unchanged-confirmation-v1/cells/task-092/cell.json"
"93","hfo-lvl","117","24634274","Africans","5","1","87,157","39,82","2","3002600117","candidate","44410","candidate_win","0789b0dc9757bbc22b56a3d010db7b53dedbbe06b44610b05cd284def6340adb","1ee9756d9481006446e6dce09de79afba944bb243b658929703f33f36bdc41dd","research-evidence/multimap-v2/unchanged-confirmation-v1/cells/task-093/cell.json"
"94","hfo-lvl","118","24634275","Africans","5","1","87,157","39,82","3","3002600118","candidate","20381","candidate_win","99cd1f685d1af12b59d5317fb5a33574fdead15f9e0883fa437c1bd0104264ea","3beef6a9256fd0c3c6f2f554cdb7e4043c5babb811cb02a8c6df0f972529dd25","research-evidence/multimap-v2/unchanged-confirmation-v1/cells/task-094/cell.json"
"95","hfo-lvl","119","24634278","Africans","5","1","87,157","39,82","4","3002600119","candidate","40504","candidate_win","f850674fffaed260aaf9b87d687e188a5c7a0c1ed519bf706abf0b79d393f2d0","3be1990f3efb6f4f87edba57812bfb029b9056ed88d1d583917b92b46b81fdbb","research-evidence/multimap-v2/unchanged-confirmation-v1/cells/task-095/cell.json"
"96","hfo-lvl","121","24634279","Arabs","6","0","39,82","87,157","1","3002600121","opponent","43051","baseline_win","21a1cc83762e153e97d0659867ecb038c9da453b1059cf5c5e261d0eecd0fac7","1503ac7b465c5d38906b0299694250bf147139479ecf91ee11d5442efc7f2a4a","research-evidence/multimap-v2/unchanged-confirmation-v1/cells/task-096/cell.json"
"97","hfo-lvl","122","24634280","Arabs","6","0","39,82","87,157","2","3002600122","opponent","22047","baseline_win","c9f69ba3e6c6c4e4ae4399752b353d12579a409ee707a3846a0d123a7623c22b","ae154e733ba2c003ee2ecadf304b009a74b12bcfb2b2d4e8300d10417a375d3f","research-evidence/multimap-v2/unchanged-confirmation-v1/cells/task-097/cell.json"
"98","hfo-lvl","123","24634282","Arabs","6","0","39,82","87,157","3","3002600123","opponent","22455","baseline_win","16d813066af9a632b850ad3f472cdf4d10993156aa26ede789061d5f282b95ee","4d65a34b0e301648a7c7a3301dd98ced64a912a94866c92ee13594aa2f37d6be","research-evidence/multimap-v2/unchanged-confirmation-v1/cells/task-098/cell.json"
"99","hfo-lvl","124","24634283","Arabs","6","0","39,82","87,157","4","3002600124","opponent","26840","baseline_win","2bb9d8dd00991efa6d77a165e06a137d7ff8a3e515b24e94a5d39bfd04f93884","da213c2b8509f377858dc752ff958ad77b7a61cb3eaea2f4152479058f3095b2","research-evidence/multimap-v2/unchanged-confirmation-v1/cells/task-099/cell.json"
"100","hfo-lvl","126","24634284","Arabs","6","0","87,157","39,82","1","3002600126","candidate","38023","candidate_win","12181862baadc87fa1c4915d3a78dfd17d479fa1ec68fea4ecc4163fcd6e265b","9956111eb06149da1eac241c02aa2a91445bb7d73e3cf2473e9ca16d07b81043","research-evidence/multimap-v2/unchanged-confirmation-v1/cells/task-100/cell.json"
"101","hfo-lvl","127","24634285","Arabs","6","0","87,157","39,82","2","3002600127","candidate","45089","candidate_win","9c2d7d69238c04a79e02ad390ae2f06c99ab8ffb99ea4a6eca3bee471338eb77","a96db5cb5871d8876aac61b62b04b69b19b5f2a933cb0e4f904a6ca9968762a7","research-evidence/multimap-v2/unchanged-confirmation-v1/cells/task-101/cell.json"
"102","hfo-lvl","128","24634286","Arabs","6","0","87,157","39,82","3","3002600128","candidate","41079","candidate_win","0ff59c836aa86f0fa60536fbbfc889c8c444ec232e093fd65a4205d71941a333","45ea2b11a00db73bbf1f228cf25816265fb65cad1caef4b23bdec8a6dcca5019","research-evidence/multimap-v2/unchanged-confirmation-v1/cells/task-102/cell.json"
"103","hfo-lvl","129","24634287","Arabs","6","0","87,157","39,82","4","3002600129","candidate","20274","candidate_win","333c1d5b97bca38d4e94c54c77d5d5c339d18e10a53a822d25f8b74485d5b91a","17ad0a547d717bdfe5c71027495665c044a1c2db1c44179bda817ef92ca49864","research-evidence/multimap-v2/unchanged-confirmation-v1/cells/task-103/cell.json"
"104","hfo-lvl","131","24634295","Arabs","6","1","39,82","87,157","1","3002600131","draw","71368","engine_nonliteral_termination_draw","03962565d8f04757b9beafdb9954ed98f70037a2f40fa3f4ead50d4974a71d7f","7c9ffe9f74101544025717a75cfdd763cbe95ba1a056638b8c55ab0b41786752","research-evidence/multimap-v2/unchanged-confirmation-v1/cells/task-104/cell.json"
"105","hfo-lvl","132","24634296","Arabs","6","1","39,82","87,157","2","3002600132","opponent","27515","baseline_win","7b2071b3330a0095655112c37eff978d94003592dd4fafeca686d0dc0396edeb","8d42970fb1ac7e946aface9227ffec305219aac210a58b89e88800b7ebbc4c4a","research-evidence/multimap-v2/unchanged-confirmation-v1/cells/task-105/cell.json"
"106","hfo-lvl","133","24634297","Arabs","6","1","39,82","87,157","3","3002600133","candidate","49050","candidate_win","654276c43f4c84a66241bb10a7b32b05ef8dcc3d20d668464190f68870c00c09","7d68287e33d9876f66fe532d0ccba75e5d2c77ab917536458f5d8febe3119fa9","research-evidence/multimap-v2/unchanged-confirmation-v1/cells/task-106/cell.json"
"107","hfo-lvl","134","24634298","Arabs","6","1","39,82","87,157","4","3002600134","candidate","28034","candidate_win","743cb98f9941818668cdea9c044f764de2c5cc6df2e2364bd5e31ba80c635409","08c231f2c134cb362c41128829c54cb79258e6a06850028b6ef4cb7cc4c6d223","research-evidence/multimap-v2/unchanged-confirmation-v1/cells/task-107/cell.json"
"108","hfo-lvl","136","24634299","Arabs","6","1","87,157","39,82","1","3002600136","candidate","38532","candidate_win","e941e2e7213114081c6caafe5065fa03c894b7e389ef93ea960c5852b1f350e2","9fff1558d06fd74573f1d77e2ead7663c35b4efa48040aacae7720ff8da5f336","research-evidence/multimap-v2/unchanged-confirmation-v1/cells/task-108/cell.json"
"109","hfo-lvl","137","24634300","Arabs","6","1","87,157","39,82","2","3002600137","candidate","20251","candidate_win","dec7122fee56aaeda83bcc345ccd7a0fc9c9406b275bb9be336c54e871e0329b","c0715a8c53d66df7de06ab87f9379eb8d81e19f0c11fde664a0048a83a554aa7","research-evidence/multimap-v2/unchanged-confirmation-v1/cells/task-109/cell.json"
"110","hfo-lvl","138","24634301","Arabs","6","1","87,157","39,82","3","3002600138","candidate","14750","candidate_win","b3d330a5150dce6bedc0b317c803cce18a9a2e46b05aa8a55265677dc91a3bfd","043951bd95a3f3f745f98571f77a567ec180511e96a4d42da6b58bf665291117","research-evidence/multimap-v2/unchanged-confirmation-v1/cells/task-110/cell.json"
"111","hfo-lvl","139","24634303","Arabs","6","1","87,157","39,82","4","3002600139","candidate","52588","candidate_win","48168c67c310bf81a353f1f53f20a6570a49f6022efb07a41502a71a1c59cdf8","0915fd5f3bbf8660dda4ee6dda6618831d9524d537df7ee10d9c28aa806b2e05","research-evidence/multimap-v2/unchanged-confirmation-v1/cells/task-111/cell.json"
"112","hfo-lvl","141","24634305","Confederation","7","0","39,82","87,157","1","3002600141","candidate","10312","candidate_win","55791bb3285ce3785be1f83ed7d6a8063d67781be954c3e3cac0d864aa4b641e","68b269933efae8fef7f2ab178dbed3e989be7f2a16b67f98abfb14c1c6598e3f","research-evidence/multimap-v2/unchanged-confirmation-v1/cells/task-112/cell.json"
"113","hfo-lvl","142","24634306","Confederation","7","0","39,82","87,157","2","3002600142","opponent","27054","baseline_win","167ed3168933846b3e2f1ce1dd41870367d9e32c5024b11435ce6f5f37b4e142","39baa3eb955fbc020ea5dae2f4a5e8de5ed067c057195b1e312483cb31fc8fd3","research-evidence/multimap-v2/unchanged-confirmation-v1/cells/task-113/cell.json"
"114","hfo-lvl","143","24634307","Confederation","7","0","39,82","87,157","3","3002600143","candidate","41616","candidate_win","7cf7623578dbbc50d499aa656dfbdab1afe1e466c29275140c803bed20d7c9d4","5469a0e93123b73e00793e9faff46db507b1931b90f0d16b3c64a3e40d613853","research-evidence/multimap-v2/unchanged-confirmation-v1/cells/task-114/cell.json"
"115","hfo-lvl","144","24634309","Confederation","7","0","39,82","87,157","4","3002600144","candidate","9372","candidate_win","96478238518d214fba6003e8d7ee91a72867a36a3915e7e24bdffd5dc35b0e42","809872d5351febac97289eb988e45aa0c75a9c748a56f5c2fb65d3853ec3644d","research-evidence/multimap-v2/unchanged-confirmation-v1/cells/task-115/cell.json"
"116","hfo-lvl","146","24634310","Confederation","7","0","87,157","39,82","1","3002600146","candidate","12518","candidate_win","f20f5f5110021b351d0f4b7a5f74d5623d50c60222c2c93bed98cac92b6d22d1","7e1643c6ba6e4594b0e0d443915b4caae6aff1340caf35c36e60e3117119734a","research-evidence/multimap-v2/unchanged-confirmation-v1/cells/task-116/cell.json"
"117","hfo-lvl","147","24634311","Confederation","7","0","87,157","39,82","2","3002600147","candidate","13608","candidate_win","8684ead22cc4f86f2e1e47c0652e3fd08869e0091caf2f23b5251c3e4852ea39","cc393f80f50bbc1f9b87746c887b8f8ead426c9fabcb84025cd8104fc65628f2","research-evidence/multimap-v2/unchanged-confirmation-v1/cells/task-117/cell.json"
"118","hfo-lvl","148","24634312","Confederation","7","0","87,157","39,82","3","3002600148","candidate","46233","candidate_win","bb555dd1c89e0c4a7b1f22e3c07bc1c34aba0421817873d0d2ceccc811c17067","a8281d20f29f78456775f7d8fcb03facef71c78bbae03ce4fd8c44275a7f4597","research-evidence/multimap-v2/unchanged-confirmation-v1/cells/task-118/cell.json"
"119","hfo-lvl","149","24634313","Confederation","7","0","87,157","39,82","4","3002600149","candidate","20498","candidate_win","98d42fc66748afb7e68fa084fc3f6db7fff75e8967041bd75ea22899d951b2dc","4c15026dcee4f3fc76f1bb9dfe356eca659ea0739bd400d96e4b78f1908e3a89","research-evidence/multimap-v2/unchanged-confirmation-v1/cells/task-119/cell.json"
"120","hfo-lvl","151","24634314","Confederation","7","1","39,82","87,157","1","3002600151","opponent","22974","baseline_win","0de0dd9fa26581b7a6d983029480d19a02d0fdf662c8fb8a06685f1379fe2cf3","6152a58bb251c1cc5585fc32f1375ebbab74957a314b226e7fef92b978e540b5","research-evidence/multimap-v2/unchanged-confirmation-v1/cells/task-120/cell.json"
"121","hfo-lvl","152","24634315","Confederation","7","1","39,82","87,157","2","3002600152","candidate","9252","candidate_win","06e07ae8c6d5aeb6dcfd40615633efb093dcba176433a90a0491d034fc4b63dd","d87c5e0baae7dca5dd1844243750788082eab7798edbbd6c5f35da4f6274906e","research-evidence/multimap-v2/unchanged-confirmation-v1/cells/task-121/cell.json"
"122","hfo-lvl","153","24634316","Confederation","7","1","39,82","87,157","3","3002600153","opponent","31266","baseline_win","6f61223b0cfd91939191bc3c80ec71f096ebdbcf63cfa7f9285c8b010c71a6a3","3066867a6496c47c0e085bc5e21f41577f947dcf58d9de3bce7eab73bf3bf852","research-evidence/multimap-v2/unchanged-confirmation-v1/cells/task-122/cell.json"
"123","hfo-lvl","154","24634317","Confederation","7","1","39,82","87,157","4","3002600154","candidate","66720","candidate_win","4545a7fbe9fe1f41cd0a096e06f79bba83a8b16498ba0309fdfe567ca65f159b","3930ee10369975ea5295ed96ac98a5ea6df65a90034abc393e79121ac5a9344f","research-evidence/multimap-v2/unchanged-confirmation-v1/cells/task-123/cell.json"
"124","hfo-lvl","156","24634318","Confederation","7","1","87,157","39,82","1","3002600156","candidate","33580","candidate_win","39b7366395e04087cf10f514c2bca730e435d19f5b1fddb7c92e5d69a7cdb9f4","19ae455b200ccefc03fcf84f2e9dfd16c101ecfa16ec5c0f0e8ab334c7bb3645","research-evidence/multimap-v2/unchanged-confirmation-v1/cells/task-124/cell.json"
"125","hfo-lvl","157","24634319","Confederation","7","1","87,157","39,82","2","3002600157","candidate","20164","candidate_win","63b293368427626d4e6d0966c8bbaf6882b6cb01c599e424aac558f361e895a6","f964e1281d8c6e7ccb69e0b6942fcb11670ca40280bd6664faf7bba9da397678","research-evidence/multimap-v2/unchanged-confirmation-v1/cells/task-125/cell.json"
"126","hfo-lvl","158","24634324","Confederation","7","1","87,157","39,82","3","3002600158","candidate","46081","candidate_win","5315f143454c1916a347bd2cc4f87c855eef6e2ed9bb416b5f30a24817d8749a","1c2b0af856f646d04602d9ed6913f1f4e86a8ecf1dc4b4f734a64f2335effa90","research-evidence/multimap-v2/unchanged-confirmation-v1/cells/task-126/cell.json"
"127","hfo-lvl","159","24634325","Confederation","7","1","87,157","39,82","4","3002600159","candidate","33287","candidate_win","b87b2e3704f0cc74135a0c04f0259634fafcacd5495e60fe8a1b2020dfdc4566","287730615e7317000dfc8313646bc3573fa4ac4a985440972442892fb16bf5ef","research-evidence/multimap-v2/unchanged-confirmation-v1/cells/task-127/cell.json"
"128","hfo-lvl","161","24634327","Russians","8","0","39,82","87,157","1","3002600161","opponent","24883","baseline_win","4030bf7a7464b64f0d1fd7d2cb68c2414cf9820d682eb5276545b3cb52943eac","922682ff9edbf6ce999354c66c08a48e9d3e0be3cc42f4fdee911cb23c7e5311","research-evidence/multimap-v2/unchanged-confirmation-v1/cells/task-128/cell.json"
"129","hfo-lvl","162","24634331","Russians","8","0","39,82","87,157","2","3002600162","candidate","50321","candidate_win","3151b2a2e589f0f2c2ca942d69b624e621deb30de75b8c69576c157490de6943","165f537e21059b9fa0a8ca803ca0a20c2e396c0d5a96d2f1da54c0b4ddcee72c","research-evidence/multimap-v2/unchanged-confirmation-v1/cells/task-129/cell.json"
"130","hfo-lvl","163","24634334","Russians","8","0","39,82","87,157","3","3002600163","opponent","31480","baseline_win","f7392b8a6be68638780f65cd71d50f2b3d2e040af9d504a1319b708a14cf3cc0","b1273134ff4808da5225f1aa042463e6fef2138575d9e1f6cce37b2621fff3fe","research-evidence/multimap-v2/unchanged-confirmation-v1/cells/task-130/cell.json"
"131","hfo-lvl","164","24634335","Russians","8","0","39,82","87,157","4","3002600164","candidate","9314","candidate_win","3ef33ee1054d4815c7316714e4fbc776aafbfdee29e498af670151dce224247a","f1cf758136a97105eea662d77bb951b8c59e042c68fa1d520f61999442ad337d","research-evidence/multimap-v2/unchanged-confirmation-v1/cells/task-131/cell.json"
"132","hfo-lvl","166","24634372","Russians","8","0","87,157","39,82","1","3002600166","candidate","20230","candidate_win","93116264561de804af98cbd0b107b4ab37454b912709604d71b952ea4af6eaa2","06d2fba668a26d743dcf75ed71ff459a3d729c65fd012311da7bf6eabf88ba41","research-evidence/multimap-v2/unchanged-confirmation-v1/cells/task-132/cell.json"
"133","hfo-lvl","167","24634519","Russians","8","0","87,157","39,82","2","3002600167","candidate","15445","candidate_win","f9d2ea5b0be509d7fdc4161eec3aea785adab9ad509892e664d98d76f3f8cae2","0ff0d539c324ed52a0f39db98feaad46a76812a8e4ba227aa8eeaa6ee2f49e35","research-evidence/multimap-v2/unchanged-confirmation-v1/cells/task-133/cell.json"
"134","hfo-lvl","168","24634520","Russians","8","0","87,157","39,82","3","3002600168","candidate","44537","candidate_win","624972a161a136ee5aa4ef30464625956c2894f92898604441a42d098841e69e","674c932cf210caafc2a577280e599215c3aedbaa861510b27b3394ecb4c794b8","research-evidence/multimap-v2/unchanged-confirmation-v1/cells/task-134/cell.json"
"135","hfo-lvl","169","24634535","Russians","8","0","87,157","39,82","4","3002600169","candidate","23218","candidate_win","f20e18150303f59655637a43dd4f43feb03eea918aa6a20617ecc8bf01077363","cd951775321e45bb34ec040ccb4fd39c744251c80fbb1335898c774193ee0ed0","research-evidence/multimap-v2/unchanged-confirmation-v1/cells/task-135/cell.json"
"136","hfo-lvl","171","24634536","Russians","8","1","39,82","87,157","1","3002600171","candidate","20514","candidate_win","2396173b32cb984a2f7f96aaca721f5f89becdf083affbecf6ac82ef4486c814","9ccc42882531a32927df898deb655a3ae066a4b47e02b7b3d8f2929154a2487f","research-evidence/multimap-v2/unchanged-confirmation-v1/cells/task-136/cell.json"
"137","hfo-lvl","172","24634538","Russians","8","1","39,82","87,157","2","3002600172","opponent","22842","baseline_win","642d3cd1298f9d63ccf56c368dcf23f3b2704be80322662ff6aac6cacb70081c","9313e64121c6d1a096b55fafacae852efbd3b32f1c81b41c8e9fa9d5af499b3c","research-evidence/multimap-v2/unchanged-confirmation-v1/cells/task-137/cell.json"
"138","hfo-lvl","173","24634539","Russians","8","1","39,82","87,157","3","3002600173","draw","90000","tick_cap_draw","fa58dc75e20d5fa4e749c4993bdd9642ff79a0a0d974cee3c6efef4f2bd9652e","50051a3ce64306a6fd16a614364045fe5d63691563d7fba7b5b6c10a6478c1a3","research-evidence/multimap-v2/unchanged-confirmation-v1/cells/task-138/cell.json"
"139","hfo-lvl","174","24634542","Russians","8","1","39,82","87,157","4","3002600174","candidate","44669","candidate_win","8a8aaf871b1923ac7f094060b7a91495af0adf25c880c1005d3ee5f1a15892e8","390381129e9e179c4bff892b039f2ce6e4171b78b5032ed01135244036d78f7a","research-evidence/multimap-v2/unchanged-confirmation-v1/cells/task-139/cell.json"
"140","hfo-lvl","176","24634543","Russians","8","1","87,157","39,82","1","3002600176","candidate","34819","candidate_win","377ddd6ed518bf30d9caee003c54222570532e8f82a51a87a9dccbdd843b8fea","c264cf74f8dea0419ba23ff48588956fafdc7839d7eb1f08749020892e659128","research-evidence/multimap-v2/unchanged-confirmation-v1/cells/task-140/cell.json"
"141","hfo-lvl","177","24634550","Russians","8","1","87,157","39,82","2","3002600177","candidate","40711","candidate_win","99dab84f8b1de4bcae9e8935bf63cfa1d76449a965e418f477566b4d07d5575c","ef6e632ea5d7bcf048b60e27b359a23b51136fd9165d5f38cc76af2b97006747","research-evidence/multimap-v2/unchanged-confirmation-v1/cells/task-141/cell.json"
"142","hfo-lvl","178","24634560","Russians","8","1","87,157","39,82","3","3002600178","candidate","45669","candidate_win","f5b6b52725c207f44feff951c04da69b21cb81e670919f67eafb5ad118836e95","42e17372d668c3fc31d7f6c0af84790dca9b44dc8a93eaf3a9970dbd4f85d007","research-evidence/multimap-v2/unchanged-confirmation-v1/cells/task-142/cell.json"
"143","hfo-lvl","179","24634562","Russians","8","1","87,157","39,82","4","3002600179","candidate","40926","candidate_win","80df7fdef72e5a840b327d62e90c7294ef19d7ea0b56b4738fa5eec135fde32b","e7765eb83a0aaeb586961b45cbc536ce34829370d815fc1b2c5c980484eaec67","research-evidence/multimap-v2/unchanged-confirmation-v1/cells/task-143/cell.json"
"144","hfo-rvr","1","24634564","Americans","0","0","151,118","88,34","1","3002700001","candidate","8434","candidate_win","9a0e08936f7ab389b7fbd0ba4bd6c8853aabab2156257b6bd04fc73cc98071b1","ec4829eb27608710f574c71c5f0c6ef4946ce9d628dfc3b9e9b4001ef8ea9185","research-evidence/multimap-v2/unchanged-confirmation-v1/cells/task-144/cell.json"
"145","hfo-rvr","2","24634566","Americans","0","0","151,118","88,34","2","3002700002","opponent","22109","baseline_win","b006a540fdb91cdbf0e00befa5c7db83e7222c95ae2090b51e0e270937e3bd4e","86bf1f5afd2a8ce604f9e7867b914bccf8d606e32935f2fdcf8f81674f42e7d2","research-evidence/multimap-v2/unchanged-confirmation-v1/cells/task-145/cell.json"
"146","hfo-rvr","3","24634568","Americans","0","0","151,118","88,34","3","3002700003","candidate","22069","candidate_win","65dfa49ce0cb8742b38a477ef82b6c9fe6faaeae30262cec0921b15fb23c4109","647a3b2c8bda814a83214a1197f4a9bde4fe01792834c4108aec7f8a93e436e0","research-evidence/multimap-v2/unchanged-confirmation-v1/cells/task-146/cell.json"
"147","hfo-rvr","4","24634569","Americans","0","0","151,118","88,34","4","3002700004","candidate","21065","candidate_win","b6dc2f2918d50cb58833cf8eda7e1547f1a26b87fd504356570f582eae961356","e8355e0da2eb66bcce4be873edc215aca4863e4a3ed5c857086c56bcca2cf688","research-evidence/multimap-v2/unchanged-confirmation-v1/cells/task-147/cell.json"
"148","hfo-rvr","6","24634571","Americans","0","0","88,34","151,118","1","3002700006","candidate","51052","candidate_win","94fb8f02f7d8c27ad6038787428188d2ebc673e6ca7562b9e757206c7c1c7331","b60d3091021005094741917a02a218296dc8410750678548741185a84472efbc","research-evidence/multimap-v2/unchanged-confirmation-v1/cells/task-148/cell.json"
"149","hfo-rvr","7","24634572","Americans","0","0","88,34","151,118","2","3002700007","candidate","29384","candidate_win","2c8eff5fa04dd6b3716ab455c659ba50afd503e7f6ab5d0ffb80108c741cca8c","6cbec0af87a22afc37ccb92353fddb80c4946e7d609ec263663951284a3a7f5b","research-evidence/multimap-v2/unchanged-confirmation-v1/cells/task-149/cell.json"
"150","hfo-rvr","8","24634578","Americans","0","0","88,34","151,118","3","3002700008","draw","90000","tick_cap_draw","424be72bb8044f92d94dc29c4653d884153b924ca70b6c26021d906e4e7f4fb7","7ba9d065448e02cec28775b0817e44b45edca3d7cb4085b2779b967757188f47","research-evidence/multimap-v2/unchanged-confirmation-v1/cells/task-150/cell.json"
"151","hfo-rvr","9","24634579","Americans","0","0","88,34","151,118","4","3002700009","draw","79888","engine_nonliteral_termination_draw","119cc80fdb268bf9468555128f9e71dc004aaf58722f95deae7833f15da20ced","d47959c5396e1fabc0c6a1d44f7b8ba35df9603fa1533f39fd6539795078ca99","research-evidence/multimap-v2/unchanged-confirmation-v1/cells/task-151/cell.json"
"152","hfo-rvr","11","24634580","Americans","0","1","151,118","88,34","1","3002700011","candidate","8512","candidate_win","e117e481bba6902b5772d798fadaeeeddfbfd375bfd7e67e5f4e60802334c2ec","2d65d494bba7ec77edadf6d47143bac291dfbbcca58ef5ac3269cd9b24a924e7","research-evidence/multimap-v2/unchanged-confirmation-v1/cells/task-152/cell.json"
"153","hfo-rvr","12","24634581","Americans","0","1","151,118","88,34","2","3002700012","candidate","9988","candidate_win","7fe47001803b59bbefb5b666e040a1a69af00f0ef88ad3aba3f520b04c6ee804","5946c42c1dfe784ceb5efbd163ecc7e21fa95a981cad262dfabaed611164e01c","research-evidence/multimap-v2/unchanged-confirmation-v1/cells/task-153/cell.json"
"154","hfo-rvr","13","24634586","Americans","0","1","151,118","88,34","3","3002700013","candidate","20915","candidate_win","4fd28d1fbb2c8c67bf792ef66fbe989fc2c931b6250e70c9431f4e47eceb2dc7","142d3368b2da009e61af1b827531a61cb441b08858c10a91a26cb115e31b8fbe","research-evidence/multimap-v2/unchanged-confirmation-v1/cells/task-154/cell.json"
"155","hfo-rvr","14","24634587","Americans","0","1","151,118","88,34","4","3002700014","candidate","9094","candidate_win","fe5676e29ea9297f9c95c48ee313d3b978881a5f9760e0a8a2084cd8cbc10edf","8f62ffd0ad40d0104dc39429164b4316b6b7af0c0dadea3e294df763af4b3c77","research-evidence/multimap-v2/unchanged-confirmation-v1/cells/task-155/cell.json"
"156","hfo-rvr","16","24634589","Americans","0","1","88,34","151,118","1","3002700016","candidate","33251","candidate_win","fb25de947c41f2d2811aea94babdd78ffb5e80dc53141b25134f9c538bf57dea","10d805e4f30d17dd6e57ae414c4f98fb472725b24db9fd8fd75dc48e8305dc16","research-evidence/multimap-v2/unchanged-confirmation-v1/cells/task-156/cell.json"
"157","hfo-rvr","17","24634590","Americans","0","1","88,34","151,118","2","3002700017","draw","90000","tick_cap_draw","4979816c448344eb15db5e66112730b79403b9f8af5eec41e37adfc2177f7b5b","defe820c3d1e129898e0148c1dff878991586b9e26c8de6c562d36ed99c6886a","research-evidence/multimap-v2/unchanged-confirmation-v1/cells/task-157/cell.json"
"158","hfo-rvr","18","24634591","Americans","0","1","88,34","151,118","3","3002700018","draw","90000","tick_cap_draw","a3e3a60736d9ee861f986baf7851b10729fe309ef50348fd8d6f1e511d317302","e7f71df65f889d80dde6f175ad770c4e1727f135ea5d9e6c7f888620a7342521","research-evidence/multimap-v2/unchanged-confirmation-v1/cells/task-158/cell.json"
"159","hfo-rvr","19","24634592","Americans","0","1","88,34","151,118","4","3002700019","candidate","24310","candidate_win","6619fa815db33aba3c5578b5d1ff238b830e164347c9038dbb0a0d10d3205264","f7ebc772d4401681d691c153db9ed6d651ecd8c0053496449de0bbcf91c31469","research-evidence/multimap-v2/unchanged-confirmation-v1/cells/task-159/cell.json"
"160","hfo-rvr","21","24634596","Alliance","1","0","151,118","88,34","1","3002700021","opponent","19373","baseline_win","71796a8e40dd512474c897084c512b2fbcfa6568e54ae550d2a3b2f3ce9c714d","3c2c73bcfecb829db586669daf27a998e21b2b38fdaf12ce25992e886a784d61","research-evidence/multimap-v2/unchanged-confirmation-v1/cells/task-160/cell.json"
"161","hfo-rvr","22","24634598","Alliance","1","0","151,118","88,34","2","3002700022","candidate","9208","candidate_win","2bcd59a30eb7b4596ad7fe4a960c2789dd5353d3697bc1a13457cb8a8c88c3c0","3ca421c16107214efdb749a5d39817b53ccceab6965940c0323f349d706b3a57","research-evidence/multimap-v2/unchanged-confirmation-v1/cells/task-161/cell.json"
"162","hfo-rvr","23","24634599","Alliance","1","0","151,118","88,34","3","3002700023","candidate","22280","candidate_win","3d910b0459c1e8b24a604c4f898b514b202c13993cc8b704f9054b784ec0ded5","3a35ced0d61a87597b39dce8a05b7b5609cf7d4831ba30cb83c834a8aedfc87f","research-evidence/multimap-v2/unchanged-confirmation-v1/cells/task-162/cell.json"
"163","hfo-rvr","24","24634600","Alliance","1","0","151,118","88,34","4","3002700024","candidate","8410","candidate_win","f9660fbc6efb4c512ed89af219e333639efd1c10425137d2cc43264aba54233a","eb0c6b720bd704ee1b4bd4e84b9d37c7a173885030f63f7534dbf277d251e2a9","research-evidence/multimap-v2/unchanged-confirmation-v1/cells/task-163/cell.json"
"164","hfo-rvr","26","24634618","Alliance","1","0","88,34","151,118","1","3002700026","draw","90000","tick_cap_draw","532ca0aca8b4c6bd40fd71f43c9714034b35c397b4355721a48c31ef3f3e4f88","7cc6d9d1fe2a58b4a6add3c4ac8400ca1fa8bed54ee3745f3c99ff11b622ee13","research-evidence/multimap-v2/unchanged-confirmation-v1/cells/task-164/cell.json"
"165","hfo-rvr","27","24634619","Alliance","1","0","88,34","151,118","2","3002700027","draw","90000","tick_cap_draw","fd07ffd7f92a4319a5f364f42978ffaff3fb48641ca962fa2a8934a92ed15f20","9324426daa349863cb3e34f075a03649a3cba8d7c5a810de79586d02a7c96dd2","research-evidence/multimap-v2/unchanged-confirmation-v1/cells/task-165/cell.json"
"166","hfo-rvr","28","24634621","Alliance","1","0","88,34","151,118","3","3002700028","draw","90000","tick_cap_draw","66ec379d6cdc78337e40e38e97b9e40578da1d0d3e72e40f3b7221f88db373ae","f2682d07be690a0bc84422224aa781caa981778a03f065d160a24a2d0d85b504","research-evidence/multimap-v2/unchanged-confirmation-v1/cells/task-166/cell.json"
"167","hfo-rvr","29","24634623","Alliance","1","0","88,34","151,118","4","3002700029","draw","90000","tick_cap_draw","26cbf370bd14366dc14d35a7fe327667d6683123923c144a2c539a118b2a0994","dd5f3d8383b70dbe8ba1803622c70e53a48a53325021b81df9f3ff319073fa07","research-evidence/multimap-v2/unchanged-confirmation-v1/cells/task-167/cell.json"
"168","hfo-rvr","31","24634624","Alliance","1","1","151,118","88,34","1","3002700031","candidate","8584","candidate_win","ce00d63656738fe102340ad61b98e8e67b7a25b6135a35257c389f7963827f24","344616b9ce772d1701396ce2aca61fe547b69626ac5ca8f711aa926a1c38a756","research-evidence/multimap-v2/unchanged-confirmation-v1/cells/task-168/cell.json"
"169","hfo-rvr","32","24634625","Alliance","1","1","151,118","88,34","2","3002700032","candidate","22298","candidate_win","cf59b28e04bea18c3993f3bf6170c11615f0d89e1da8b97771e49775ba571e99","0a274e66554ec1ac201d48d613b9b2b3ddba323d4bfa63eece05b26fb7ef320e","research-evidence/multimap-v2/unchanged-confirmation-v1/cells/task-169/cell.json"
"170","hfo-rvr","33","24634627","Alliance","1","1","151,118","88,34","3","3002700033","candidate","8734","candidate_win","9a0898e9f46f46db3057631d35df3ee280187eba81cbee8faf660c80e348ff5c","78d7688b6854071bb5dafa32547f55b547ea3480de2dfc93c2cf01d3af157ced","research-evidence/multimap-v2/unchanged-confirmation-v1/cells/task-170/cell.json"
"171","hfo-rvr","34","24634628","Alliance","1","1","151,118","88,34","4","3002700034","candidate","9580","candidate_win","1fee721fb70a3bcdc43ed5ce70d729a2cf5ccff155480f7b641360404a6e6c8e","e02b2e8afc6715b37c35962442602bc87dbe451116abcf4941de3a43155db29d","research-evidence/multimap-v2/unchanged-confirmation-v1/cells/task-171/cell.json"
"172","hfo-rvr","36","24634630","Alliance","1","1","88,34","151,118","1","3002700036","draw","90000","tick_cap_draw","b5d56734b60fd5d62203cd6d93156fbaf0b270f653c4c3d73cd3c7bd27fde31b","05c9e5a13d7077c1e4dd747a0447e37b343cd265910e7a51a1e60bdb830f7952","research-evidence/multimap-v2/unchanged-confirmation-v1/cells/task-172/cell.json"
"173","hfo-rvr","37","24634633","Alliance","1","1","88,34","151,118","2","3002700037","draw","90000","tick_cap_draw","4d306e17c87251b701fe86c928de3efe892c7d7215ba30798acba915b9501f4d","ae31e6856c608297740eeeb006db1c24f89fbc839e0bb59cf234e3798f285149","research-evidence/multimap-v2/unchanged-confirmation-v1/cells/task-173/cell.json"
"174","hfo-rvr","38","24634636","Alliance","1","1","88,34","151,118","3","3002700038","draw","90000","tick_cap_draw","b2e3a9d29400a1faf129f6d05dad2d8d3716aa3418e975ccf7de7c6ecfda7f49","611a167daf7eb3d0389028ee97ad5e4f48956d3c05b735f1d257448b7d7e7ccf","research-evidence/multimap-v2/unchanged-confirmation-v1/cells/task-174/cell.json"
"175","hfo-rvr","39","24634637","Alliance","1","1","88,34","151,118","4","3002700039","draw","90000","tick_cap_draw","7a9fcfb694bedb50a1e50eea157ef1829f1f913efd8af227cb2d741e708283ce","8e6aac3b394784f8eb4990f1aed2301cb27a6a249f33ce6418e1d82a1a37fd7f","research-evidence/multimap-v2/unchanged-confirmation-v1/cells/task-175/cell.json"
"176","hfo-rvr","41","24634638","French","2","0","151,118","88,34","1","3002700041","candidate","8932","candidate_win","66a3b9c6a1da8d1c1777b9435839fe0b5c1373a783162541e31df22670f38d92","a436a94fb9fd7e3e136c2d05a32e0de8b5fa8e25f7b96b7d5139d9fb9cf08783","research-evidence/multimap-v2/unchanged-confirmation-v1/cells/task-176/cell.json"
"177","hfo-rvr","42","24634639","French","2","0","151,118","88,34","2","3002700042","candidate","66797","candidate_win","305b96c8370f30ca35db734321479f92e0ec71d57eb1003df279b423b4bf14d7","6a0dc4fcda738cc3bec689c0556030773e2c0ea1ddd92c16241b61306feb82f8","research-evidence/multimap-v2/unchanged-confirmation-v1/cells/task-177/cell.json"
"178","hfo-rvr","43","24634640","French","2","0","151,118","88,34","3","3002700043","candidate","8932","candidate_win","69ae209d1bf9efcce96bf4cbe16b6691c271b213336330509d680a6d2b8564ba","42524ebb2f3b4461df67496d49742b78111e7952258c3773b724364cf29b9475","research-evidence/multimap-v2/unchanged-confirmation-v1/cells/task-178/cell.json"
"179","hfo-rvr","44","24634644","French","2","0","151,118","88,34","4","3002700044","candidate","45524","candidate_win","eef95c6a9bcf95290cc00cc4b862b14d26e4b54e47f39c1c23e8e2eea46f4eee","93ce191a5c7b5df9f2f84ebc92ed92ad9885b40f78490688c6e4ec5d32d3ba3b","research-evidence/multimap-v2/unchanged-confirmation-v1/cells/task-179/cell.json"
"180","hfo-rvr","46","24634645","French","2","0","88,34","151,118","1","3002700046","draw","90000","tick_cap_draw","4ea65e54a59a708ebdd97683bd133e12f8ff16fb769b7411eb9422b5f5a391bd","5d6daaf80057c4e189b3fab19b6acb2024d3845fe99085ea17bd27a7b4efc873","research-evidence/multimap-v2/unchanged-confirmation-v1/cells/task-180/cell.json"
"181","hfo-rvr","47","24634647","French","2","0","88,34","151,118","2","3002700047","draw","90000","tick_cap_draw","79e31e3b93145b4930b9312dbdbbfc5b6576b2a5df5db656735b43a553787721","fb3cd80579e56949c3e38c55a3c02f1404105c9da31136d206e1de29553778ec","research-evidence/multimap-v2/unchanged-confirmation-v1/cells/task-181/cell.json"
"182","hfo-rvr","48","24634649","French","2","0","88,34","151,118","3","3002700048","candidate","37133","candidate_win","60548cd4fb9b3b76cd2c285741f3b7498ed1d9521348839b2156966c712603e6","ff268ac24224b1d0fe7f8d5c1d703e371deae28f9df4f56806fdb8050bf3d13f","research-evidence/multimap-v2/unchanged-confirmation-v1/cells/task-182/cell.json"
"183","hfo-rvr","49","24634798","French","2","0","88,34","151,118","4","3002700049","candidate","24830","candidate_win","355120cb440e3ce81418581872cd1ed6e2c959d0c1a4623ea95803ab4b82762e","db82989d228500e886d4556dd82f408be8ddf6a68fcdedd69349cb394694c10e","research-evidence/multimap-v2/unchanged-confirmation-v1/cells/task-183/cell.json"
"184","hfo-rvr","51","24634799","French","2","1","151,118","88,34","1","3002700051","candidate","9286","candidate_win","5f93cd5933f1064faa54d08d5fd8848b182a6ed53eb7c1865a89abc6e48e322a","456af9ad4f456d9d87844bc33040bebc784bf463625ea769eb88266092d5fb96","research-evidence/multimap-v2/unchanged-confirmation-v1/cells/task-184/cell.json"
"185","hfo-rvr","52","24634800","French","2","1","151,118","88,34","2","3002700052","candidate","22309","candidate_win","5a9647fff922dfec5c19404a32c8f56b2c3e4d0ac9978374cf6d40131a027fcf","8034c3cb4dfea31ccc2cebc32eab394d1b1b842004a11d85b7a6f5e3cee6b932","research-evidence/multimap-v2/unchanged-confirmation-v1/cells/task-185/cell.json"
"186","hfo-rvr","53","24634802","French","2","1","151,118","88,34","3","3002700053","candidate","8722","candidate_win","8f6eb814b45b209b93eebd301a34b23c0129cd4a8cbb70efa16c35c847f8efe0","9a65d181610799703405a13a960f910778a39877de7e214568f61b2bd79643d7","research-evidence/multimap-v2/unchanged-confirmation-v1/cells/task-186/cell.json"
"187","hfo-rvr","54","24634812","French","2","1","151,118","88,34","4","3002700054","candidate","8452","candidate_win","e1889593f1ddb94dced421d0084f6ac526aaa46d6c01e303f66af6355e790bfd","e0d5886b8e186e5e633546d658c7d656de24e739681f0d999372f34ace8c3471","research-evidence/multimap-v2/unchanged-confirmation-v1/cells/task-187/cell.json"
"188","hfo-rvr","56","24634823","French","2","1","88,34","151,118","1","3002700056","draw","90000","tick_cap_draw","31eb5b674a185be138899efe8dc673403dabec5cf20ddf9cc4fd605db33be23f","a9cb497aae1b2cc63c2b5bdcc1275a1451abf9a47fc74ecce2a70f94340987de","research-evidence/multimap-v2/unchanged-confirmation-v1/cells/task-188/cell.json"
"189","hfo-rvr","57","24634825","French","2","1","88,34","151,118","2","3002700057","opponent","53241","baseline_win","68482c974ab4f06c76d98a6ba458d7f0021cd6e5180018616fec5ec7041689d8","d7749ffeb6e99016064ccc15395500348d37c8c04911096f97294a4651e9cd65","research-evidence/multimap-v2/unchanged-confirmation-v1/cells/task-189/cell.json"
"190","hfo-rvr","58","24634826","French","2","1","88,34","151,118","3","3002700058","draw","90000","tick_cap_draw","01ef0a34744f1b05a46ed90535fc3bb035feef5543f40497a883324372b04bb9","ae778d667882f8ee140bb8bf77131045b3de144395e1005874cefd43a6c3f0cb","research-evidence/multimap-v2/unchanged-confirmation-v1/cells/task-190/cell.json"
"191","hfo-rvr","59","24634827","French","2","1","88,34","151,118","4","3002700059","opponent","85180","baseline_win","f783a3befb2aabbaaa31e0ad8aefd58a50e5fbdec469552653cfb03504d9c480","516e5125c21488ae4fe4fb9f1b815fe960cf1e3ad79aab1d012cc3af99719276","research-evidence/multimap-v2/unchanged-confirmation-v1/cells/task-191/cell.json"
"192","hfo-rvr","61","24634828","Germans","3","0","151,118","88,34","1","3002700061","candidate","33530","candidate_win","e4f28db8c815ed401a1538af923274302286bf95b731d9893dd04745d52b2a8b","839987834299e4935aa54303ac33319027c004f0ad8c06ef84f04a55ea28a137","research-evidence/multimap-v2/unchanged-confirmation-v1/cells/task-192/cell.json"
"193","hfo-rvr","62","24634829","Germans","3","0","151,118","88,34","2","3002700062","candidate","8759","candidate_win","cbac49823e44763c323c3e1109836973b5cc295c7de32119b8c6017391ab608e","32466248999215dd4dd7a7390b0ec5912a6d56582cbe100fa799de8c0ba7eb20","research-evidence/multimap-v2/unchanged-confirmation-v1/cells/task-193/cell.json"
"194","hfo-rvr","63","24634835","Germans","3","0","151,118","88,34","3","3002700063","candidate","22295","candidate_win","6e9f680b0158e56ce0d771ffc0ee933f2f6bb76783061d19ec4bd6b11c274c58","925e4bbb101655a2fead191193e371ed274a232812c861731fbd1231605b362f","research-evidence/multimap-v2/unchanged-confirmation-v1/cells/task-194/cell.json"
"195","hfo-rvr","64","24634844","Germans","3","0","151,118","88,34","4","3002700064","candidate","8950","candidate_win","1dcab500cc38b7be9e0313e2f489feb93a38dcceeb570f908664dc0313ab17bf","4c6f7a3bd79852bbcbdce0efcaf67608deb524f50ee1d37efb4dd4a9f5883af2","research-evidence/multimap-v2/unchanged-confirmation-v1/cells/task-195/cell.json"
"196","hfo-rvr","66","24634847","Germans","3","0","88,34","151,118","1","3002700066","draw","90000","tick_cap_draw","1cf69802eb1de8c71b27c07082895cf0c98e29fc76e55f3e913588d7f17e5e81","9a0db8881e2ad2328ed07b2fb5fd3157fb8a3344be4b62f99369dc1c8ce4420c","research-evidence/multimap-v2/unchanged-confirmation-v1/cells/task-196/cell.json"
"197","hfo-rvr","67","24634848","Germans","3","0","88,34","151,118","2","3002700067","candidate","44791","candidate_win","3c3efc7324e28f17eca37bd206d8578a7c47230c620776bf6add3237f33a8a6e","4715f1c2c0a450e942bbada8e141f53474c599d7a505f691acee5f6479e185be","research-evidence/multimap-v2/unchanged-confirmation-v1/cells/task-197/cell.json"
"198","hfo-rvr","68","24634850","Germans","3","0","88,34","151,118","3","3002700068","draw","90000","tick_cap_draw","cfa5377e2a8f54c4d11b77022c50e4e03f709f0c8f32a9e8715094855ef1d287","9a82d761389c5f05e18ea247dc74432218a3302e11ccf31346bcabacb8488fc8","research-evidence/multimap-v2/unchanged-confirmation-v1/cells/task-198/cell.json"
"199","hfo-rvr","69","24634855","Germans","3","0","88,34","151,118","4","3002700069","draw","90000","tick_cap_draw","50cfe70e0e9cd0ceb47a2bd5d921dacd5c5700cced971d9c9b5057a4a927437c","eaae9c706bba86114c092a8e825529b1e925fc908a9b774948428704ef8277aa","research-evidence/multimap-v2/unchanged-confirmation-v1/cells/task-199/cell.json"
"200","hfo-rvr","71","24634856","Germans","3","1","151,118","88,34","1","3002700071","candidate","8971","candidate_win","6aa715cb613cfcc9efbba2befb5f532bf3ee6b0cc5104323a6b96f89d7b3602e","8b916b76342b94e62b13fe845814bf0f3558a5ebeb42e8c251d6c4237228466d","research-evidence/multimap-v2/unchanged-confirmation-v1/cells/task-200/cell.json"
"201","hfo-rvr","72","24634857","Germans","3","1","151,118","88,34","2","3002700072","candidate","8748","candidate_win","efadf2b79a5f3f24c13aa1e1e58c268b71ff3aacbcc797c5d9698dfbdbde2ad0","fc2109a1a225eb265b448cdc19f211a65354005db26146b6d32f0cf3014ff5cc","research-evidence/multimap-v2/unchanged-confirmation-v1/cells/task-201/cell.json"
"202","hfo-rvr","73","24634859","Germans","3","1","151,118","88,34","3","3002700073","opponent","19814","baseline_win","509690521b4c7a232d0568597c09f62ac5a60dc3b7c7338c3c3af84cc731973c","20ee138e0a9b53354cb08492c663aa2fd61abc65902b285e90c9861728c56ab0","research-evidence/multimap-v2/unchanged-confirmation-v1/cells/task-202/cell.json"
"203","hfo-rvr","74","24634861","Germans","3","1","151,118","88,34","4","3002700074","opponent","46070","baseline_win","c802bb63770e56dc9b6318bee96b1ca1c60b8723daa453a500c6c7e1b08dd6b8","948e69d312ad0ca8198eb5651917f825d1d62e6edecebda77f22b6747338466a","research-evidence/multimap-v2/unchanged-confirmation-v1/cells/task-203/cell.json"
"204","hfo-rvr","76","24634863","Germans","3","1","88,34","151,118","1","3002700076","draw","90000","tick_cap_draw","fa2648e0928f3ff9c7038228c0412b0f2edf1cec558604e506a03e573e961f66","7ce08487c77ab1f2728bde41813d4facef18188a1f62b5481d8be9a1a44fdf00","research-evidence/multimap-v2/unchanged-confirmation-v1/cells/task-204/cell.json"
"205","hfo-rvr","77","24634870","Germans","3","1","88,34","151,118","2","3002700077","draw","90000","tick_cap_draw","bcadb605a742eb1cf1487d1f4bd94f7c7458050b76b5b598ff81e46b230b515a","3bf9818002b4f200a0ec4898a01af7f60a592bf45589531b6c15437693f0d676","research-evidence/multimap-v2/unchanged-confirmation-v1/cells/task-205/cell.json"
"206","hfo-rvr","78","24634872","Germans","3","1","88,34","151,118","3","3002700078","opponent","73034","baseline_win","44dfdb46e09dc3e7a9acaab868cb6942f1f9479fa58a0aff27635af4585d75c9","8d3285e62f21b658bed565f22032d7c76433b3f2aa98e1042e0382f43176474f","research-evidence/multimap-v2/unchanged-confirmation-v1/cells/task-206/cell.json"
"207","hfo-rvr","79","24634873","Germans","3","1","88,34","151,118","4","3002700079","draw","90000","tick_cap_draw","01ce8c12fe52bf82aac0e9b94fd69e3d6f53a7819dfca8ac29fc0d7a2c6184bc","e10eed2ae0be5e9a7baaac87d8b63b3e9dd39df85d7201310ef8fdab16618fc6","research-evidence/multimap-v2/unchanged-confirmation-v1/cells/task-207/cell.json"
"208","hfo-rvr","81","24634875","British","4","0","151,118","88,34","1","3002700081","candidate","22010","candidate_win","94c7e49de3b275a11bad2da8e0cf0babf8e89887561de9395c2e8265ea12f5a2","19a79576653dfee2c14f22f65b5d2b1cd83b1dec2118db022ad0a679e3906c34","research-evidence/multimap-v2/unchanged-confirmation-v1/cells/task-208/cell.json"
"209","hfo-rvr","82","24634876","British","4","0","151,118","88,34","2","3002700082","candidate","8410","candidate_win","801593b573f99e34a3c58e78f232f71d7f0a20a69f9e579a27f2c27f1c794f45","6c4140a4e6a0b89005dadd6a47ec76c233a0ff92306af0e365746867a67f68ad","research-evidence/multimap-v2/unchanged-confirmation-v1/cells/task-209/cell.json"
"210","hfo-rvr","83","24634879","British","4","0","151,118","88,34","3","3002700083","candidate","9970","candidate_win","171b3207a15e7ac27db50e45af2dd57310f8c6b3d7dfce84b73fcd50625a87f0","0a156d6b6907e79718bd9f050ccdfa58951649fa27e4aff7e54b25bb115a5843","research-evidence/multimap-v2/unchanged-confirmation-v1/cells/task-210/cell.json"
"211","hfo-rvr","84","24634884","British","4","0","151,118","88,34","4","3002700084","candidate","8764","candidate_win","8c4057d8ad3c4fbd435b8d2ec24d8253adc772a7597b9bc52918146b83144590","95679d2a69866e636761c88f91808240e659bd731f12da35de0f068150532ae6","research-evidence/multimap-v2/unchanged-confirmation-v1/cells/task-211/cell.json"
"212","hfo-rvr","86","24634885","British","4","0","88,34","151,118","1","3002700086","draw","90000","tick_cap_draw","81a6ecd308ea9058aafb55a4051b6f6cc303bf2047b39c028b9c93d67f9bf394","7a3366840d0aa563592378f5e3baecec61ee80d3e0ef63c49e3d080e06e52331","research-evidence/multimap-v2/unchanged-confirmation-v1/cells/task-212/cell.json"
"213","hfo-rvr","87","24634886","British","4","0","88,34","151,118","2","3002700087","draw","90000","tick_cap_draw","d73aaee1a230b04de66601213c6631c231a427f4034da5b10dc3912b8125cae7","963cf539f0182cffe032e45a064a393aefe93378e2797d01a68fbfc7c89cabcf","research-evidence/multimap-v2/unchanged-confirmation-v1/cells/task-213/cell.json"
"214","hfo-rvr","88","24634889","British","4","0","88,34","151,118","3","3002700088","draw","90000","tick_cap_draw","0191d63e2b700b1efaf5c8b3722c919b506c05fabdbbd98d437f3e1b9316c7b3","8957fd50e6d3e55dbd473e221e09579ff31e23a0bfb19782960b345fd2819ffe","research-evidence/multimap-v2/unchanged-confirmation-v1/cells/task-214/cell.json"
"215","hfo-rvr","89","24634890","British","4","0","88,34","151,118","4","3002700089","draw","90000","tick_cap_draw","e7499353ca4cec622f8a503430f2b01d253bd8df588c6b39711d4fd204f4e0b5","75a0b9b97bbc70a498778d3bd8f23559fef40cc6b4457c326c13952a59572b3a","research-evidence/multimap-v2/unchanged-confirmation-v1/cells/task-215/cell.json"
"216","hfo-rvr","91","24634897","British","4","1","151,118","88,34","1","3002700091","candidate","8908","candidate_win","32c22e627ce0ea863e519397584ea9d78bc5a621a123772591bc36dba0fe538e","0b002df26fddc8fcaadd776b37c2d2f45813b33b57adc5cfa66c9e6b9fe3d786","research-evidence/multimap-v2/unchanged-confirmation-v1/cells/task-216/cell.json"
"217","hfo-rvr","92","24634898","British","4","1","151,118","88,34","2","3002700092","candidate","8860","candidate_win","a7852539dcf023be6a3e1efe0693a8e222cafa41ade1948516d03d0eae8cedf6","6a54ecc0d97b0a3aa0994838f6c2191274c7998d9a6c0c9ac4e40f87b25b73f4","research-evidence/multimap-v2/unchanged-confirmation-v1/cells/task-217/cell.json"
"218","hfo-rvr","93","24635081","British","4","1","151,118","88,34","3","3002700093","candidate","9136","candidate_win","47d91742a2875a76f7ef1dec761460091a10b50e32c547414c261e0a43a5fb24","e71c240aeaa56a61ca367f67b297d908ce180524c086d1a61e9f85d957ad8d48","research-evidence/multimap-v2/unchanged-confirmation-v1/cells/task-218/cell.json"
"219","hfo-rvr","94","24635082","British","4","1","151,118","88,34","4","3002700094","candidate","9346","candidate_win","45a1ba2d804d0da565a38885c456a5e26ebad5bc9d41e51ec6f6508ebdd563b9","25a3fa4141ccabc4761adc4882f393159c94e36d2dbdb22c3267bf96207086f8","research-evidence/multimap-v2/unchanged-confirmation-v1/cells/task-219/cell.json"
"220","hfo-rvr","96","24635083","British","4","1","88,34","151,118","1","3002700096","opponent","54864","baseline_win","8a6b6da21e0727966e8ac626a00518f1a870072483ac66f35fef621359a149af","65d1c7b0c9c7295c1b35fa06b49af4459866d123e016c7d24d05c4477a95828f","research-evidence/multimap-v2/unchanged-confirmation-v1/cells/task-220/cell.json"
"221","hfo-rvr","97","24635086","British","4","1","88,34","151,118","2","3002700097","draw","90000","tick_cap_draw","9a032089f8a5d6aadf79f4048d581e8e69a56bb8b4f0dd64b6b6779b6eb70faa","dea8e5e8db40924c2b27b836e6c8f32dd23d50d82e8d16db6ab6b3ad0bf6f4b9","research-evidence/multimap-v2/unchanged-confirmation-v1/cells/task-221/cell.json"
"222","hfo-rvr","98","24635087","British","4","1","88,34","151,118","3","3002700098","draw","90000","tick_cap_draw","dae552a59342c943b075b867acb8bb6f1d182a6996a9330848e850a892488f96","7d04b90b5172d4637eb7b1321a28b6772a21e4645a48e8deb5e16d1c0c539fee","research-evidence/multimap-v2/unchanged-confirmation-v1/cells/task-222/cell.json"
"223","hfo-rvr","99","24635093","British","4","1","88,34","151,118","4","3002700099","opponent","87216","baseline_win","51796e669480d89ae57b1980ac52b3c05fdf5e78ed9757815b5364bd0b90d2c5","2e1deb1b77019f4ebcfdd02bad051920b6775132dc74b63ce48f6cb76905ed8a","research-evidence/multimap-v2/unchanged-confirmation-v1/cells/task-223/cell.json"
"224","hfo-rvr","101","24635094","Africans","5","0","151,118","88,34","1","3002700101","opponent","19142","baseline_win","2b80aef267b3622b77fc890e786fcaef55e365d69d8f28ed2238ddc92d66fb4e","729a8fd44e10dc54bd31b117317ad8fa2abd06709b98fc11954c5f75f3626106","research-evidence/multimap-v2/unchanged-confirmation-v1/cells/task-224/cell.json"
"225","hfo-rvr","102","24635100","Africans","5","0","151,118","88,34","2","3002700102","candidate","22409","candidate_win","5c2bece5dff6974de9b55ba6be6e0d837d48084979178c328b024e954e5b5a9d","41d47dd9e6f2c0f1e8dc9cc4a073018e22e7a7865504010b407c64e5ae91f4fb","research-evidence/multimap-v2/unchanged-confirmation-v1/cells/task-225/cell.json"
"226","hfo-rvr","103","24635101","Africans","5","0","151,118","88,34","3","3002700103","candidate","22284","candidate_win","fd8f92efb57bf0488a1c84070989f5844a1b7e8ac874bacbf7ad19d2372ff200","da42845d3e080593fce1bba5070d4caf342f4b1f826042eb6eb4ba38abdfec1c","research-evidence/multimap-v2/unchanged-confirmation-v1/cells/task-226/cell.json"
"227","hfo-rvr","104","24635103","Africans","5","0","151,118","88,34","4","3002700104","opponent","23487","baseline_win","2eb8089e47fb5ec66531aec68987ca2f1c542ef58664db517f6adfff637bcdcc","2689fe21997591a2f721d21fbfb3fd53731fc47f8dea6f8895446ffcf20be9f4","research-evidence/multimap-v2/unchanged-confirmation-v1/cells/task-227/cell.json"
"228","hfo-rvr","106","24635105","Africans","5","0","88,34","151,118","1","3002700106","candidate","29390","candidate_win","7f77cf3e9279b800e4310462a9795e09adc525731d9d4228113fc87bb53a2337","59fe36c36a6894a7aec9c2eb6eeb69b6a730ce3ae4261424b25ec3a583cef7a8","research-evidence/multimap-v2/unchanged-confirmation-v1/cells/task-228/cell.json"
"229","hfo-rvr","107","24635106","Africans","5","0","88,34","151,118","2","3002700107","candidate","21744","candidate_win","35fcee230efd41a4a6762c553a24a5ed2c229adb11fdbaf17db269a515ccef39","12b042297847c3ee5f928d42733d3537e1f12407fa781119ca946ca3fbe15578","research-evidence/multimap-v2/unchanged-confirmation-v1/cells/task-229/cell.json"
"230","hfo-rvr","108","24635107","Africans","5","0","88,34","151,118","3","3002700108","candidate","24477","candidate_win","91db3b024d5508b06ec5ee3c789798bda9b57a0cec609dde0c88c5f4a33a20b0","59201fdd9492cf2e311d1586512494c8135e8a4f45f5aa20139f6cc9865ddbb4","research-evidence/multimap-v2/unchanged-confirmation-v1/cells/task-230/cell.json"
"231","hfo-rvr","109","24635109","Africans","5","0","88,34","151,118","4","3002700109","candidate","43167","candidate_win","5ee4399beb777d4c0791c1fbf4b1ae01bb34a9352d312c6cdc7a6516ada31488","79c64143884a3d35892210d32fd373b71f0c3fd093f7ebd958a7dfecee8ff7e4","research-evidence/multimap-v2/unchanged-confirmation-v1/cells/task-231/cell.json"
"232","hfo-rvr","111","24635110","Africans","5","1","151,118","88,34","1","3002700111","candidate","22600","candidate_win","6acc12341658c8bf363e0f89ccdc70eba5b5d6ea8ee37896bbf723b136025fe1","3397e76fcdcb0738c34faf9f5e64c2358ad5314291e28b37229f872196e39043","research-evidence/multimap-v2/unchanged-confirmation-v1/cells/task-232/cell.json"
"233","hfo-rvr","112","24635114","Africans","5","1","151,118","88,34","2","3002700112","opponent","52550","baseline_win","ec7358a08c2f78acee775b4b50a581a2bb779a38de2d2f4a11aa305617e83086","41a56e0a157ffdd44333f2553839234f0dd2b60c45071c9a3bfa21b3088131eb","research-evidence/multimap-v2/unchanged-confirmation-v1/cells/task-233/cell.json"
"234","hfo-rvr","113","24635115","Africans","5","1","151,118","88,34","3","3002700113","opponent","62298","baseline_win","6493636aacb1bb5e0f89ccb63ec9c567d007156691839815207a0e9681757ace","d5175e3b248b10744a75918e52fb776f7256a40e20c55e0ec72b26049876d17d","research-evidence/multimap-v2/unchanged-confirmation-v1/cells/task-234/cell.json"
"235","hfo-rvr","114","24635117","Africans","5","1","151,118","88,34","4","3002700114","candidate","66302","candidate_win","5012c85d7ad93a6fe2455b77becfc80729f3444061d7d4b38eb905dcb1bd9865","80e317a64d59e723929b1ce7f7a9e63c97d1e95efc8e229d18db951e7786eec0","research-evidence/multimap-v2/unchanged-confirmation-v1/cells/task-235/cell.json"
"236","hfo-rvr","116","24635122","Africans","5","1","88,34","151,118","1","3002700116","candidate","49986","candidate_win","66696a66ca7414762ed3193e4cd20a872fbffda63a00475e68e485effe96e971","4d6886fec24ccd20866aa8261d8092795edd94642737ccf474ba2932113bb885","research-evidence/multimap-v2/unchanged-confirmation-v1/cells/task-236/cell.json"
"237","hfo-rvr","117","24635126","Africans","5","1","88,34","151,118","2","3002700117","candidate","57822","candidate_win","7496c124b9cce3ee5b5c5bea0ae0f95376b55cb9c4c1d6955125a240e91651ca","b9748157b0cad694167ee77279b8ffe197fdc7006539436c5ab2363a9293074c","research-evidence/multimap-v2/unchanged-confirmation-v1/cells/task-237/cell.json"
"238","hfo-rvr","118","24635129","Africans","5","1","88,34","151,118","3","3002700118","candidate","21780","candidate_win","b8aebb932f87727aeb129be0535c2bcb98360a68fa879fdb7f5ac2cc7b42cadc","50ae10da2f5f2935a29b461580aae05aef86aeb76cf8fe7285362923133cdfe8","research-evidence/multimap-v2/unchanged-confirmation-v1/cells/task-238/cell.json"
"239","hfo-rvr","119","24635130","Africans","5","1","88,34","151,118","4","3002700119","candidate","21516","candidate_win","45de87f8f1fbf8edcae8cbc81e57a034cbca07652efd7cb84317275f226368a1","2a36efcffb4c1ab6ce1bd825bf69348b4d5ea0c5055e9c8a2f5cbf759e15a893","research-evidence/multimap-v2/unchanged-confirmation-v1/cells/task-239/cell.json"
"240","hfo-rvr","121","24635138","Arabs","6","0","151,118","88,34","1","3002700121","candidate","54841","candidate_win","c22aff978e40266177a98977d81ed03465562d3ecd19b55e006c002ba997e9d3","5fd0e87cde40648dd3922bfd957583b5bd039a158a216f572946107ddff1ca73","research-evidence/multimap-v2/unchanged-confirmation-v1/cells/task-240/cell.json"
"241","hfo-rvr","122","24635307","Arabs","6","0","151,118","88,34","2","3002700122","opponent","58048","baseline_win","c51fbc327aaca39cc2412367aa482447fcb49822956f6378505606b9f79cc7c8","3be0608e4e91ec0c0331bb0f73bd4df5a9226ccd8dc2a5521d435f785db70d2a","research-evidence/multimap-v2/unchanged-confirmation-v1/cells/task-241/cell.json"
"242","hfo-rvr","123","24635330","Arabs","6","0","151,118","88,34","3","3002700123","candidate","22303","candidate_win","24a2ddc88416410548b1ec77cd52852a3e19486baafdc78de96f151154a21292","be585aefb7477e659473fc58b29d8aef665f3b0e6b727985c49f63938a31febf","research-evidence/multimap-v2/unchanged-confirmation-v1/cells/task-242/cell.json"
"243","hfo-rvr","124","24635331","Arabs","6","0","151,118","88,34","4","3002700124","opponent","52726","baseline_win","cff087cfad63542adffd2f8c6be5e7de3d162f12c61ede440e20c9616bce069f","47ea6f813755de1d8301722145ce9ff3b55337b5aeecc9a5dcb6132e003965c4","research-evidence/multimap-v2/unchanged-confirmation-v1/cells/task-243/cell.json"
"244","hfo-rvr","126","24635333","Arabs","6","0","88,34","151,118","1","3002700126","candidate","59678","candidate_win","1b810d09bb11b40e51c77e6e3912b3bdfbda43b51063c0febfdaf2dc6e874d6f","49a566aa3e32ff866974b791e7527726630cebca90a14eeaf70447462fd6800b","research-evidence/multimap-v2/unchanged-confirmation-v1/cells/task-244/cell.json"
"245","hfo-rvr","127","24635334","Arabs","6","0","88,34","151,118","2","3002700127","candidate","21288","candidate_win","dc5a9d0db66f853f42bdebdbbb5fa29d21d8fa914f942189bfe319f75d75ed17","88528543f63c78dab070d4e58dc272d3cd0be56370c7d3c2ee0f2b7b7a13b049","research-evidence/multimap-v2/unchanged-confirmation-v1/cells/task-245/cell.json"
"246","hfo-rvr","128","24635335","Arabs","6","0","88,34","151,118","3","3002700128","candidate","21241","candidate_win","cfb90fd53b156db3c20ce17bb1fe1f498afbe65a6c61887fcc3674cc99f7a754","7078d99f3a546e5626cdd0fa8e1b806bbb3eaaac1eeb6ee0dc26800d2e4f55ab","research-evidence/multimap-v2/unchanged-confirmation-v1/cells/task-246/cell.json"
"247","hfo-rvr","129","24635337","Arabs","6","0","88,34","151,118","4","3002700129","draw","90000","tick_cap_draw","df468cb7db8236d76ff9559699f38368bd6b1e30430f965fa7bae090fdb46fe2","9477d6827ad3885ce87c7d1983892d8eb0634b08f40f5dddf57a680d6b9bbb62","research-evidence/multimap-v2/unchanged-confirmation-v1/cells/task-247/cell.json"
"248","hfo-rvr","131","24635343","Arabs","6","1","151,118","88,34","1","3002700131","candidate","9311","candidate_win","04dc383296a1efa1ca9229a6bcd6f3f415648951ad56985a4c0e83a0436afcd4","dccc1e26c98269e7f425f7a03ddaa957698026bba610ad805f8b646c59a8d639","research-evidence/multimap-v2/unchanged-confirmation-v1/cells/task-248/cell.json"
"249","hfo-rvr","132","24635346","Arabs","6","1","151,118","88,34","2","3002700132","candidate","51657","candidate_win","357b816486702fd5f4dd7991737f726700ee276edba98de7f8883bd70b0e2f81","1a646da2572866348c0e187492d2e65e10ff7ea62c1a0eff714885fb7db35319","research-evidence/multimap-v2/unchanged-confirmation-v1/cells/task-249/cell.json"
"250","hfo-rvr","133","24635348","Arabs","6","1","151,118","88,34","3","3002700133","candidate","22465","candidate_win","dea5d1e25edb908df843ded814ff594f0f319941a49ec43aef4723b4ba0ca7e7","9f8812f2229008e06d878f79a5a8a4b3849fb53a3953ef5d403c18ec3d33e024","research-evidence/multimap-v2/unchanged-confirmation-v1/cells/task-250/cell.json"
"251","hfo-rvr","134","24635354","Arabs","6","1","151,118","88,34","4","3002700134","opponent","52404","baseline_win","34cfbe7b9fb59be29dc528d85bfd9db06a4762141e07eacc861fce5aeeede837","cda7f647cd1c4aec2e69b0e0de543c2005d946811eae06ffd84b185165492609","research-evidence/multimap-v2/unchanged-confirmation-v1/cells/task-251/cell.json"
"252","hfo-rvr","136","24635357","Arabs","6","1","88,34","151,118","1","3002700136","candidate","52617","candidate_win","d1e4c1b0fc76bc3b9893572760dc7fddeaa58ceb6398e7d33afc269523f583b0","721639e1670fd0538161f45e4e70f206ba5522131972c6e89c462995425b1d3c","research-evidence/multimap-v2/unchanged-confirmation-v1/cells/task-252/cell.json"
"253","hfo-rvr","137","24635360","Arabs","6","1","88,34","151,118","2","3002700137","draw","79993","engine_nonliteral_termination_draw","2167c406756e60d049ef5f5942c974ae8671c3fe93a9d7d72490eee4cd9449a8","679d043444224bf6b513e798a4141e636d839c95c5303017c63b03ca1077435c","research-evidence/multimap-v2/unchanged-confirmation-v1/cells/task-253/cell.json"
"254","hfo-rvr","138","24635361","Arabs","6","1","88,34","151,118","3","3002700138","candidate","59124","candidate_win","8a3702d6ccad5a74e2948f8315bfe7e867500c132b807fb05d3864a9cb11aee6","5f5a359719bd155769fe66f62b9c980aedce92f7365f3544096c84d004010f19","research-evidence/multimap-v2/unchanged-confirmation-v1/cells/task-254/cell.json"
"255","hfo-rvr","139","24635362","Arabs","6","1","88,34","151,118","4","3002700139","candidate","37874","candidate_win","1e45733dff984824e21266f03c8549f6c2bc2ebdaa1cc83b4d460de541c407b2","691a88301bc845b1fce7b2696fcc90102153bf64c15ae4a5780bdda32b253262","research-evidence/multimap-v2/unchanged-confirmation-v1/cells/task-255/cell.json"
"256","hfo-rvr","141","24635364","Confederation","7","0","151,118","88,34","1","3002700141","draw","90000","tick_cap_draw","6b92878df2d23cbf605319d0785436b50ac9dbce74e395a48df1f9d354ea1935","b978ddfba7149ff693398aca174f2e72a9301c362c52c6bbb6ecdbe62686e19b","research-evidence/multimap-v2/unchanged-confirmation-v1/cells/task-256/cell.json"
"257","hfo-rvr","142","24635365","Confederation","7","0","151,118","88,34","2","3002700142","candidate","22349","candidate_win","daa41c52299cc897afee65cde11f1fc7f12a3ecff6122ac58dc9a933bc5238c6","3a708bef37ec76494059aed814f96be1bf6360ff35e1d973d39d1ea42f9c74a2","research-evidence/multimap-v2/unchanged-confirmation-v1/cells/task-257/cell.json"
"258","hfo-rvr","143","24635369","Confederation","7","0","151,118","88,34","3","3002700143","opponent","55586","baseline_win","face381d97ad0c06f23c9ab1212f561dde1829c93db3579c8cd655f70bb296b0","021dca23941a414dea19ea057fee64fd9ef6af597ee4b1ae856a7f35628909fd","research-evidence/multimap-v2/unchanged-confirmation-v1/cells/task-258/cell.json"
"259","hfo-rvr","144","24635371","Confederation","7","0","151,118","88,34","4","3002700144","opponent","19571","baseline_win","ef16ce3058383741c70859357e441797df995302aebf090e6800d947fe3cb653","a18dea995825e9dc6e79d412cae2a6fc3677f34d4df0b4e98ed583ebfda74d34","research-evidence/multimap-v2/unchanged-confirmation-v1/cells/task-259/cell.json"
"260","hfo-rvr","146","24635557","Confederation","7","0","88,34","151,118","1","3002700146","candidate","37310","candidate_win","e080b2160c635f39c0ffb53e81eb55be50a0e5af65aad7eaccd45060766a5b4c","304825c65e2e5a5c45a77bcaa00e8e85db8c785c80a6e540389be320765146bd","research-evidence/multimap-v2/unchanged-confirmation-v1/cells/task-260/cell.json"
"261","hfo-rvr","147","24635568","Confederation","7","0","88,34","151,118","2","3002700147","candidate","20673","candidate_win","9ddbbef53da73d407188f8b798020f3bbbc95aae8d201ed85b442a9adebb234d","68cad412caf60d412e8a00061983ae6c8880939858a3f7adba19b0a5bd276423","research-evidence/multimap-v2/unchanged-confirmation-v1/cells/task-261/cell.json"
"262","hfo-rvr","148","24635573","Confederation","7","0","88,34","151,118","3","3002700148","candidate","21572","candidate_win","9305c35e1104ec2815f12a6890bcc3364995ccb772c113b181bd86dd877f51e4","d125046315cfa7da16b2862c7a1b295de786d1814e4e3f2a11dac21980437fc6","research-evidence/multimap-v2/unchanged-confirmation-v1/cells/task-262/cell.json"
"263","hfo-rvr","149","24635577","Confederation","7","0","88,34","151,118","4","3002700149","candidate","55931","candidate_win","574195966007f91aad8bc5f9dfa7cafb599395581da8316acca92ad8d2400c2d","aec073da9cb16e8bd21f181a4b1d0261c7176fcd3da6b3709dd3488b266c39d1","research-evidence/multimap-v2/unchanged-confirmation-v1/cells/task-263/cell.json"
"264","hfo-rvr","151","24635580","Confederation","7","1","151,118","88,34","1","3002700151","opponent","66913","baseline_win","526ef2e46656ecfb65b8b145c178d427eeffb66a698b2310222d1abb0c44e384","3c8869369fa3187313506ea714408b8abc4db55057da0acd16ac065afc977b8b","research-evidence/multimap-v2/unchanged-confirmation-v1/cells/task-264/cell.json"
"265","hfo-rvr","152","24635583","Confederation","7","1","151,118","88,34","2","3002700152","candidate","10966","candidate_win","d8db77caad4d8de6d7bd2d7ea531f009d956f6e54c4bbdb2059407affbb13f80","4e87e6f6e8fb2981bd23f7d99e1ddf673474ce327a998fc651f3806e1e388416","research-evidence/multimap-v2/unchanged-confirmation-v1/cells/task-265/cell.json"
"266","hfo-rvr","153","24635584","Confederation","7","1","151,118","88,34","3","3002700153","candidate","42634","candidate_win","ef5fea8530d55940cd7149c8352c9f7229fd8d436c5a3dadf2c6d5b28ee6259b","da735e8f8c0eda0f55e60e25e3f68edbbb19fc93ed01e9c9a7a48d033f8caadf","research-evidence/multimap-v2/unchanged-confirmation-v1/cells/task-266/cell.json"
"267","hfo-rvr","154","24635586","Confederation","7","1","151,118","88,34","4","3002700154","candidate","21191","candidate_win","a9aac2c2cc7c12e59467bc319e50ecf737073edc3572ea233728ccee0d733a9a","e04cf60c8b8767af64b17b44c0214577fc0e50856ad91c8c09047738a90fc236","research-evidence/multimap-v2/unchanged-confirmation-v1/cells/task-267/cell.json"
"268","hfo-rvr","156","24635587","Confederation","7","1","88,34","151,118","1","3002700156","candidate","32667","candidate_win","28143ab170a0d04cb0efb8f910e078e9506a09e04a8d5343885a3f1f985379fd","ff7bf675fb1a32d21813bfc0320c0f63976ff1cc8a49814d49f4174b87b68244","research-evidence/multimap-v2/unchanged-confirmation-v1/cells/task-268/cell.json"
"269","hfo-rvr","157","24635598","Confederation","7","1","88,34","151,118","2","3002700157","candidate","23884","candidate_win","b600c55cf4f582aa214798e0e92f34204468fe7ffb81dcff364c8d4163591354","ca2207be1243e03e21f32ed7273a1bbe347927841db936bbe50a0d9ed37c0842","research-evidence/multimap-v2/unchanged-confirmation-v1/cells/task-269/cell.json"
"270","hfo-rvr","158","24635599","Confederation","7","1","88,34","151,118","3","3002700158","candidate","21452","candidate_win","86499aea3fe99f93bd42d0db661403f2a4488de836c7b553a9e96b616f23cb8c","e82c15da66a4c8a0f0b010d7cb51fc2080e2088e71b15f9a5d9fceac8b223371","research-evidence/multimap-v2/unchanged-confirmation-v1/cells/task-270/cell.json"
"271","hfo-rvr","159","24635601","Confederation","7","1","88,34","151,118","4","3002700159","candidate","61556","candidate_win","dc827fcfa3fe5cf587a3f9307220b6ce9db97cdf2c4b55adf391d1213986d999","8df94525764733f3d9e4ffce7e0aeee4c56c8f0e2df8ca14fb4e686dbca0cc8e","research-evidence/multimap-v2/unchanged-confirmation-v1/cells/task-271/cell.json"
"272","hfo-rvr","161","24635603","Russians","8","0","151,118","88,34","1","3002700161","opponent","18354","baseline_win","2c6422ab554825e4bff3eee1c399ce7c5a01c865ced87f603914816816060ab3","71db282796fde5d8c158770da7eae4a4a5353bcf006dce7e197934705ca222c4","research-evidence/multimap-v2/unchanged-confirmation-v1/cells/task-272/cell.json"
"273","hfo-rvr","162","24635608","Russians","8","0","151,118","88,34","2","3002700162","opponent","19231","baseline_win","eae77292da1755ea3248a8df390a944b68d8f50afb0546a9bc338db62b6f442d","6ac71fbb02df46810ddb05ea2ad8edbc5a1440dec912a7e67710e82b3c5d09ce","research-evidence/multimap-v2/unchanged-confirmation-v1/cells/task-273/cell.json"
"274","hfo-rvr","163","24635609","Russians","8","0","151,118","88,34","3","3002700163","draw","90000","tick_cap_draw","69db7a99695513880fd48a2aada0c27e7f445dd0b61a598795d393d049104554","c9d7b5622b052c38838c2a06000ccf872135568e41435e898611bd02202ed04b","research-evidence/multimap-v2/unchanged-confirmation-v1/cells/task-274/cell.json"
"275","hfo-rvr","164","24635618","Russians","8","0","151,118","88,34","4","3002700164","candidate","39085","candidate_win","5868dd700b84741fb72b46d6aa9ebf4a31a6c0d85e3a83e705c7b38e2e0f42e4","4098f44376ad44173e1f164b1a7871beb219be129bb1645a6338cefc3157039b","research-evidence/multimap-v2/unchanged-confirmation-v1/cells/task-275/cell.json"
"276","hfo-rvr","166","24635789","Russians","8","0","88,34","151,118","1","3002700166","candidate","22194","candidate_win","2e5b8e29340a39fd2f6e1ce274b1221b76085889f6e736b75458b78b7198f2ad","b4386314ab018972e64ae62d3029f73aa2dcaeeba65ea9fe3714696025524479","research-evidence/multimap-v2/unchanged-confirmation-v1/cells/task-276/cell.json"
"277","hfo-rvr","167","24635790","Russians","8","0","88,34","151,118","2","3002700167","candidate","28854","candidate_win","b62b06e75c321da93eec57b5213658278f9d8d100ff54ee631420b106465df84","edba16b9fc04dca0f4deb6b6e1ea95ed7d0b5c0cf882c26d33a731507be9c83a","research-evidence/multimap-v2/unchanged-confirmation-v1/cells/task-277/cell.json"
"278","hfo-rvr","168","24635791","Russians","8","0","88,34","151,118","3","3002700168","candidate","57730","candidate_win","076cb8b23c78532217431be57a9ac8ab7d87ef1ecaf7fb6d0dd6b0252ea3f721","78564848c5dd7471063a8e5668df4226c54bd6413d60aa7050f3ceeac31f1c6a","research-evidence/multimap-v2/unchanged-confirmation-v1/cells/task-278/cell.json"
"279","hfo-rvr","169","24635796","Russians","8","0","88,34","151,118","4","3002700169","candidate","20664","candidate_win","248d316c34581e8d2d4d932084bcb21961052f78452997fe5b04dcb5409fc4c8","d9e119f4933f3419f5ac74d20a9418436b151f86fe97bcaf677c537e4ecb0933","research-evidence/multimap-v2/unchanged-confirmation-v1/cells/task-279/cell.json"
"280","hfo-rvr","171","24635798","Russians","8","1","151,118","88,34","1","3002700171","opponent","20745","baseline_win","637832d3db8c453bc18b899f0935145ec7df83f7467032cccf8cecb821ab473f","3b9ac9a0a74f672906b3d56aa1f7bd872d03ec4934383e9b3d8cb78dd2bd26fc","research-evidence/multimap-v2/unchanged-confirmation-v1/cells/task-280/cell.json"
"281","hfo-rvr","172","24635799","Russians","8","1","151,118","88,34","2","3002700172","draw","70618","engine_nonliteral_termination_draw","9da7ca71469d32578c3115ffea5bdde9fe792bcf0ec906f06b060198315a4d7e","5fee7f92c70dece51b14c54a70e72f9b9e869e569d84bc120b345e1a346b677a","research-evidence/multimap-v2/unchanged-confirmation-v1/cells/task-281/cell.json"
"282","hfo-rvr","173","24635801","Russians","8","1","151,118","88,34","3","3002700173","candidate","21633","candidate_win","0fe40edee57a7a17f9b939c78115eab6b3ee6f67b209b732aaa00050e302011d","79e69c39b7718e7ef9e53b04496c946780b43be92bd0f1334324da6fc62865d2","research-evidence/multimap-v2/unchanged-confirmation-v1/cells/task-282/cell.json"
"283","hfo-rvr","174","24635803","Russians","8","1","151,118","88,34","4","3002700174","candidate","30481","candidate_win","93bb761cd9b9af187c739295524ed8e51fa492aebbae4434e1d000c756b12f15","b79187d68524d6ec41423f430db54e2f819a43389bc4f52fe56471f10799bc04","research-evidence/multimap-v2/unchanged-confirmation-v1/cells/task-283/cell.json"
"284","hfo-rvr","176","24635805","Russians","8","1","88,34","151,118","1","3002700176","candidate","40881","candidate_win","c64be60a1750cd255f693034a4b7ad2f481a89f7fe30822fd629139da4ee0820","b2183323cc57b5d55bab5f797d11256e626c377c7a7de73147dc1320d6e850be","research-evidence/multimap-v2/unchanged-confirmation-v1/cells/task-284/cell.json"
"285","hfo-rvr","177","24635810","Russians","8","1","88,34","151,118","2","3002700177","candidate","40733","candidate_win","37bbb74ea8e4c4dcc58727edb1b237ff546e915baed79206973e57ddbd6af1a4","7dedad9b70000be4f091b3ed3a4258564d858db549f6b5534ca95bf2df232355","research-evidence/multimap-v2/unchanged-confirmation-v1/cells/task-285/cell.json"
"286","hfo-rvr","178","24635812","Russians","8","1","88,34","151,118","3","3002700178","candidate","22030","candidate_win","fc3c4b5faa2bb978e82a798084f7f813d31c857bbd2f92f4c6d9f0b40aa94017","641bad38786e15dfe659cb94fcd98ed1a0d8263e2b6589975a94666294df98cf","research-evidence/multimap-v2/unchanged-confirmation-v1/cells/task-286/cell.json"
"287","hfo-rvr","179","24634133","Russians","8","1","88,34","151,118","4","3002700179","candidate","52789","candidate_win","e2207662cc19b6b6cfa99a86a65c7830dc7944638da94819088ca9edaea28fcf","cfaab3c5582f8b648aa1410924da6f4b3ded7369698d9e4680c0c3180d88cd62","research-evidence/multimap-v2/unchanged-confirmation-v1/cells/task-287/cell.json"
