"label","jobId","account","partition","state","exitCode","restarts"
"24634133_287","24634133","pi_jss233","day","COMPLETED","0:0","0"
"24634134","24634134","pi_jss233","day","COMPLETED","0:0","0"
"24634133_0","24634135","pi_jss233","day","COMPLETED","0:0","0"
"24634133_1","24634136","pi_jss233","day","COMPLETED","0:0","0"
"24634133_2","24634137","pi_jss233","day","COMPLETED","0:0","0"
"24634133_3","24634138","pi_jss233","day","COMPLETED","0:0","0"
"24634133_4","24634139","pi_jss233","day","COMPLETED","0:0","0"
"24634133_5","24634140","pi_jss233","day","COMPLETED","0:0","0"
"24634133_6","24634141","pi_jss233","day","COMPLETED","0:0","0"
"24634133_7","24634142","pi_jss233","day","COMPLETED","0:0","0"
"24634133_8","24634143","pi_jss233","day","COMPLETED","0:0","0"
"24634133_9","24634144","pi_jss233","day","COMPLETED","0:0","0"
"24634133_10","24634145","pi_jss233","day","COMPLETED","0:0","0"
"24634133_11","24634146","pi_jss233","day","COMPLETED","0:0","0"
"24634133_12","24634147","pi_jss233","day","COMPLETED","0:0","0"
"24634133_13","24634148","pi_jss233","day","COMPLETED","0:0","0"
"24634133_14","24634149","pi_jss233","day","COMPLETED","0:0","0"
"24634133_15","24634150","pi_jss233","day","COMPLETED","0:0","0"
"24634133_16","24634151","pi_jss233","day","COMPLETED","0:0","0"
"24634133_17","24634152","pi_jss233","day","COMPLETED","0:0","0"
"24634133_18","24634153","pi_jss233","day","COMPLETED","0:0","0"
"24634133_19","24634154","pi_jss233","day","COMPLETED","0:0","0"
"24634133_20","24634155","pi_jss233","day","COMPLETED","0:0","0"
"24634133_21","24634156","pi_jss233","day","COMPLETED","0:0","0"
"24634133_22","24634157","pi_jss233","day","COMPLETED","0:0","0"
"24634133_23","24634158","pi_jss233","day","COMPLETED","0:0","0"
"24634133_24","24634159","pi_jss233","day","COMPLETED","0:0","0"
"24634133_25","24634160","pi_jss233","day","COMPLETED","0:0","0"
"24634133_26","24634161","pi_jss233","day","COMPLETED","0:0","0"
"24634133_27","24634162","pi_jss233","day","COMPLETED","0:0","0"
"24634133_28","24634163","pi_jss233","day","COMPLETED","0:0","0"
"24634133_29","24634164","pi_jss233","day","COMPLETED","0:0","0"
"24634133_30","24634165","pi_jss233","day","COMPLETED","0:0","0"
"24634133_31","24634166","pi_jss233","day","COMPLETED","0:0","0"
"24634133_32","24634167","pi_jss233","day","COMPLETED","0:0","0"
"24634133_33","24634168","pi_jss233","day","COMPLETED","0:0","0"
"24634133_34","24634169","pi_jss233","day","COMPLETED","0:0","0"
"24634133_35","24634170","pi_jss233","day","COMPLETED","0:0","0"
"24634133_36","24634171","pi_jss233","day","COMPLETED","0:0","0"
"24634133_37","24634172","pi_jss233","day","COMPLETED","0:0","0"
"24634133_38","24634173","pi_jss233","day","COMPLETED","0:0","0"
"24634133_39","24634174","pi_jss233","day","COMPLETED","0:0","0"
"24634133_40","24634175","pi_jss233","day","COMPLETED","0:0","0"
"24634133_41","24634176","pi_jss233","day","COMPLETED","0:0","0"
"24634133_42","24634185","pi_jss233","day","COMPLETED","0:0","0"
"24634133_43","24634186","pi_jss233","day","COMPLETED","0:0","0"
"24634133_44","24634187","pi_jss233","day","COMPLETED","0:0","0"
"24634133_45","24634188","pi_jss233","day","COMPLETED","0:0","0"
"24634133_46","24634190","pi_jss233","day","COMPLETED","0:0","0"
"24634133_47","24634191","pi_jss233","day","COMPLETED","0:0","0"
"24634133_48","24634192","pi_jss233","day","COMPLETED","0:0","0"
"24634133_49","24634193","pi_jss233","day","COMPLETED","0:0","0"
"24634133_50","24634195","pi_jss233","day","COMPLETED","0:0","0"
"24634133_51","24634196","pi_jss233","day","COMPLETED","0:0","0"
"24634133_52","24634197","pi_jss233","day","COMPLETED","0:0","0"
"24634133_53","24634198","pi_jss233","day","COMPLETED","0:0","0"
"24634133_54","24634199","pi_jss233","day","COMPLETED","0:0","0"
"24634133_55","24634202","pi_jss233","day","COMPLETED","0:0","0"
"24634133_56","24634203","pi_jss233","day","COMPLETED","0:0","0"
"24634133_57","24634204","pi_jss233","day","COMPLETED","0:0","0"
"24634133_58","24634205","pi_jss233","day","COMPLETED","0:0","0"
"24634133_59","24634206","pi_jss233","day","COMPLETED","0:0","0"
"24634133_60","24634207","pi_jss233","day","COMPLETED","0:0","0"
"24634133_61","24634208","pi_jss233","day","COMPLETED","0:0","0"
"24634133_62","24634221","pi_jss233","day","COMPLETED","0:0","0"
"24634133_63","24634222","pi_jss233","day","COMPLETED","0:0","0"
"24634133_64","24634225","pi_jss233","day","COMPLETED","0:0","0"
"24634133_65","24634226","pi_jss233","day","COMPLETED","0:0","0"
"24634133_66","24634229","pi_jss233","day","COMPLETED","0:0","0"
"24634133_67","24634230","pi_jss233","day","COMPLETED","0:0","0"
"24634133_68","24634231","pi_jss233","day","COMPLETED","0:0","0"
"24634133_69","24634233","pi_jss233","day","COMPLETED","0:0","0"
"24634133_70","24634234","pi_jss233","day","COMPLETED","0:0","0"
"24634133_71","24634235","pi_jss233","day","COMPLETED","0:0","0"
"24634133_72","24634236","pi_jss233","day","COMPLETED","0:0","0"
"24634133_73","24634237","pi_jss233","day","COMPLETED","0:0","0"
"24634133_74","24634238","pi_jss233","day","COMPLETED","0:0","0"
"24634133_75","24634241","pi_jss233","day","COMPLETED","0:0","0"
"24634133_76","24634242","pi_jss233","day","COMPLETED","0:0","0"
"24634133_77","24634243","pi_jss233","day","COMPLETED","0:0","0"
"24634133_78","24634249","pi_jss233","day","COMPLETED","0:0","0"
"24634133_79","24634250","pi_jss233","day","COMPLETED","0:0","0"
"24634133_80","24634251","pi_jss233","day","COMPLETED","0:0","0"
"24634133_81","24634253","pi_jss233","day","COMPLETED","0:0","0"
"24634133_82","24634256","pi_jss233","day","COMPLETED","0:0","0"
"24634133_83","24634257","pi_jss233","day","COMPLETED","0:0","0"
"24634133_84","24634258","pi_jss233","day","COMPLETED","0:0","0"
"24634133_85","24634261","pi_jss233","day","COMPLETED","0:0","0"
"24634133_86","24634262","pi_jss233","day","COMPLETED","0:0","0"
"24634133_87","24634263","pi_jss233","day","COMPLETED","0:0","0"
"24634133_88","24634265","pi_jss233","day","COMPLETED","0:0","0"
"24634133_89","24634269","pi_jss233","day","COMPLETED","0:0","0"
"24634133_90","24634271","pi_jss233","day","COMPLETED","0:0","0"
"24634133_91","24634272","pi_jss233","day","COMPLETED","0:0","0"
"24634133_92","24634273","pi_jss233","day","COMPLETED","0:0","0"
"24634133_93","24634274","pi_jss233","day","COMPLETED","0:0","0"
"24634133_94","24634275","pi_jss233","day","COMPLETED","0:0","0"
"24634133_95","24634278","pi_jss233","day","COMPLETED","0:0","0"
"24634133_96","24634279","pi_jss233","day","COMPLETED","0:0","0"
"24634133_97","24634280","pi_jss233","day","COMPLETED","0:0","0"
"24634133_98","24634282","pi_jss233","day","COMPLETED","0:0","0"
"24634133_99","24634283","pi_jss233","day","COMPLETED","0:0","0"
"24634133_100","24634284","pi_jss233","day","COMPLETED","0:0","0"
"24634133_101","24634285","pi_jss233","day","COMPLETED","0:0","0"
"24634133_102","24634286","pi_jss233","day","COMPLETED","0:0","0"
"24634133_103","24634287","pi_jss233","day","COMPLETED","0:0","0"
"24634133_104","24634295","pi_jss233","day","COMPLETED","0:0","0"
"24634133_105","24634296","pi_jss233","day","COMPLETED","0:0","0"
"24634133_106","24634297","pi_jss233","day","COMPLETED","0:0","0"
"24634133_107","24634298","pi_jss233","day","COMPLETED","0:0","0"
"24634133_108","24634299","pi_jss233","day","COMPLETED","0:0","0"
"24634133_109","24634300","pi_jss233","day","COMPLETED","0:0","0"
"24634133_110","24634301","pi_jss233","day","COMPLETED","0:0","0"
"24634133_111","24634303","pi_jss233","day","COMPLETED","0:0","0"
"24634133_112","24634305","pi_jss233","day","COMPLETED","0:0","0"
"24634133_113","24634306","pi_jss233","day","COMPLETED","0:0","0"
"24634133_114","24634307","pi_jss233","day","COMPLETED","0:0","0"
"24634133_115","24634309","pi_jss233","day","COMPLETED","0:0","0"
"24634133_116","24634310","pi_jss233","day","COMPLETED","0:0","0"
"24634133_117","24634311","pi_jss233","day","COMPLETED","0:0","0"
"24634133_118","24634312","pi_jss233","day","COMPLETED","0:0","0"
"24634133_119","24634313","pi_jss233","day","COMPLETED","0:0","0"
"24634133_120","24634314","pi_jss233","day","COMPLETED","0:0","0"
"24634133_121","24634315","pi_jss233","day","COMPLETED","0:0","0"
"24634133_122","24634316","pi_jss233","day","COMPLETED","0:0","0"
"24634133_123","24634317","pi_jss233","day","COMPLETED","0:0","0"
"24634133_124","24634318","pi_jss233","day","COMPLETED","0:0","0"
"24634133_125","24634319","pi_jss233","day","COMPLETED","0:0","0"
"24634133_126","24634324","pi_jss233","day","COMPLETED","0:0","0"
"24634133_127","24634325","pi_jss233","day","COMPLETED","0:0","0"
"24634133_128","24634327","pi_jss233","day","COMPLETED","0:0","0"
"24634133_129","24634331","pi_jss233","day","COMPLETED","0:0","0"
"24634133_130","24634334","pi_jss233","day","COMPLETED","0:0","0"
"24634133_131","24634335","pi_jss233","day","COMPLETED","0:0","0"
"24634133_132","24634372","pi_jss233","day","COMPLETED","0:0","0"
"24634133_133","24634519","pi_jss233","day","COMPLETED","0:0","0"
"24634133_134","24634520","pi_jss233","day","COMPLETED","0:0","0"
"24634133_135","24634535","pi_jss233","day","COMPLETED","0:0","0"
"24634133_136","24634536","pi_jss233","day","COMPLETED","0:0","0"
"24634133_137","24634538","pi_jss233","day","COMPLETED","0:0","0"
"24634133_138","24634539","pi_jss233","day","COMPLETED","0:0","0"
"24634133_139","24634542","pi_jss233","day","COMPLETED","0:0","0"
"24634133_140","24634543","pi_jss233","day","COMPLETED","0:0","0"
"24634133_141","24634550","pi_jss233","day","COMPLETED","0:0","0"
"24634133_142","24634560","pi_jss233","day","COMPLETED","0:0","0"
"24634133_143","24634562","pi_jss233","day","COMPLETED","0:0","0"
"24634133_144","24634564","pi_jss233","day","COMPLETED","0:0","0"
"24634133_145","24634566","pi_jss233","day","COMPLETED","0:0","0"
"24634133_146","24634568","pi_jss233","day","COMPLETED","0:0","0"
"24634133_147","24634569","pi_jss233","day","COMPLETED","0:0","0"
"24634133_148","24634571","pi_jss233","day","COMPLETED","0:0","0"
"24634133_149","24634572","pi_jss233","day","COMPLETED","0:0","0"
"24634133_150","24634578","pi_jss233","day","COMPLETED","0:0","0"
"24634133_151","24634579","pi_jss233","day","COMPLETED","0:0","0"
"24634133_152","24634580","pi_jss233","day","COMPLETED","0:0","0"
"24634133_153","24634581","pi_jss233","day","COMPLETED","0:0","0"
"24634133_154","24634586","pi_jss233","day","COMPLETED","0:0","0"
"24634133_155","24634587","pi_jss233","day","COMPLETED","0:0","0"
"24634133_156","24634589","pi_jss233","day","COMPLETED","0:0","0"
"24634133_157","24634590","pi_jss233","day","COMPLETED","0:0","0"
"24634133_158","24634591","pi_jss233","day","COMPLETED","0:0","0"
"24634133_159","24634592","pi_jss233","day","COMPLETED","0:0","0"
"24634133_160","24634596","pi_jss233","day","COMPLETED","0:0","0"
"24634133_161","24634598","pi_jss233","day","COMPLETED","0:0","0"
"24634133_162","24634599","pi_jss233","day","COMPLETED","0:0","0"
"24634133_163","24634600","pi_jss233","day","COMPLETED","0:0","0"
"24634133_164","24634618","pi_jss233","day","COMPLETED","0:0","0"
"24634133_165","24634619","pi_jss233","day","COMPLETED","0:0","0"
"24634133_166","24634621","pi_jss233","day","COMPLETED","0:0","0"
"24634133_167","24634623","pi_jss233","day","COMPLETED","0:0","0"
"24634133_168","24634624","pi_jss233","day","COMPLETED","0:0","0"
"24634133_169","24634625","pi_jss233","day","COMPLETED","0:0","0"
"24634133_170","24634627","pi_jss233","day","COMPLETED","0:0","0"
"24634133_171","24634628","pi_jss233","day","COMPLETED","0:0","0"
"24634133_172","24634630","pi_jss233","day","COMPLETED","0:0","0"
"24634133_173","24634633","pi_jss233","day","COMPLETED","0:0","0"
"24634133_174","24634636","pi_jss233","day","COMPLETED","0:0","0"
"24634133_175","24634637","pi_jss233","day","COMPLETED","0:0","0"
"24634133_176","24634638","pi_jss233","day","COMPLETED","0:0","0"
"24634133_177","24634639","pi_jss233","day","COMPLETED","0:0","0"
"24634133_178","24634640","pi_jss233","day","COMPLETED","0:0","0"
"24634133_179","24634644","pi_jss233","day","COMPLETED","0:0","0"
"24634133_180","24634645","pi_jss233","day","COMPLETED","0:0","0"
"24634133_181","24634647","pi_jss233","day","COMPLETED","0:0","0"
"24634133_182","24634649","pi_jss233","day","COMPLETED","0:0","0"
"24634133_183","24634798","pi_jss233","day","COMPLETED","0:0","0"
"24634133_184","24634799","pi_jss233","day","COMPLETED","0:0","0"
"24634133_185","24634800","pi_jss233","day","COMPLETED","0:0","0"
"24634133_186","24634802","pi_jss233","day","COMPLETED","0:0","0"
"24634133_187","24634812","pi_jss233","day","COMPLETED","0:0","0"
"24634133_188","24634823","pi_jss233","day","COMPLETED","0:0","0"
"24634133_189","24634825","pi_jss233","day","COMPLETED","0:0","0"
"24634133_190","24634826","pi_jss233","day","COMPLETED","0:0","0"
"24634133_191","24634827","pi_jss233","day","COMPLETED","0:0","0"
"24634133_192","24634828","pi_jss233","day","COMPLETED","0:0","0"
"24634133_193","24634829","pi_jss233","day","COMPLETED","0:0","0"
"24634133_194","24634835","pi_jss233","day","COMPLETED","0:0","0"
"24634133_195","24634844","pi_jss233","day","COMPLETED","0:0","0"
"24634133_196","24634847","pi_jss233","day","COMPLETED","0:0","0"
"24634133_197","24634848","pi_jss233","day","COMPLETED","0:0","0"
"24634133_198","24634850","pi_jss233","day","COMPLETED","0:0","0"
"24634133_199","24634855","pi_jss233","day","COMPLETED","0:0","0"
"24634133_200","24634856","pi_jss233","day","COMPLETED","0:0","0"
"24634133_201","24634857","pi_jss233","day","COMPLETED","0:0","0"
"24634133_202","24634859","pi_jss233","day","COMPLETED","0:0","0"
"24634133_203","24634861","pi_jss233","day","COMPLETED","0:0","0"
"24634133_204","24634863","pi_jss233","day","COMPLETED","0:0","0"
"24634133_205","24634870","pi_jss233","day","COMPLETED","0:0","0"
"24634133_206","24634872","pi_jss233","day","COMPLETED","0:0","0"
"24634133_207","24634873","pi_jss233","day","COMPLETED","0:0","0"
"24634133_208","24634875","pi_jss233","day","COMPLETED","0:0","0"
"24634133_209","24634876","pi_jss233","day","COMPLETED","0:0","0"
"24634133_210","24634879","pi_jss233","day","COMPLETED","0:0","0"
"24634133_211","24634884","pi_jss233","day","COMPLETED","0:0","0"
"24634133_212","24634885","pi_jss233","day","COMPLETED","0:0","0"
"24634133_213","24634886","pi_jss233","day","COMPLETED","0:0","0"
"24634133_214","24634889","pi_jss233","day","COMPLETED","0:0","0"
"24634133_215","24634890","pi_jss233","day","COMPLETED","0:0","0"
"24634133_216","24634897","pi_jss233","day","COMPLETED","0:0","0"
"24634133_217","24634898","pi_jss233","day","COMPLETED","0:0","0"
"24634133_218","24635081","pi_jss233","day","COMPLETED","0:0","0"
"24634133_219","24635082","pi_jss233","day","COMPLETED","0:0","0"
"24634133_220","24635083","pi_jss233","day","COMPLETED","0:0","0"
"24634133_221","24635086","pi_jss233","day","COMPLETED","0:0","0"
"24634133_222","24635087","pi_jss233","day","COMPLETED","0:0","0"
"24634133_223","24635093","pi_jss233","day","COMPLETED","0:0","0"
"24634133_224","24635094","pi_jss233","day","COMPLETED","0:0","0"
"24634133_225","24635100","pi_jss233","day","COMPLETED","0:0","0"
"24634133_226","24635101","pi_jss233","day","COMPLETED","0:0","0"
"24634133_227","24635103","pi_jss233","day","COMPLETED","0:0","0"
"24634133_228","24635105","pi_jss233","day","COMPLETED","0:0","0"
"24634133_229","24635106","pi_jss233","day","COMPLETED","0:0","0"
"24634133_230","24635107","pi_jss233","day","COMPLETED","0:0","0"
"24634133_231","24635109","pi_jss233","day","COMPLETED","0:0","0"
"24634133_232","24635110","pi_jss233","day","COMPLETED","0:0","0"
"24634133_233","24635114","pi_jss233","day","COMPLETED","0:0","0"
"24634133_234","24635115","pi_jss233","day","COMPLETED","0:0","0"
"24634133_235","24635117","pi_jss233","day","COMPLETED","0:0","0"
"24634133_236","24635122","pi_jss233","day","COMPLETED","0:0","0"
"24634133_237","24635126","pi_jss233","day","COMPLETED","0:0","0"
"24634133_238","24635129","pi_jss233","day","COMPLETED","0:0","0"
"24634133_239","24635130","pi_jss233","day","COMPLETED","0:0","0"
"24634133_240","24635138","pi_jss233","day","COMPLETED","0:0","0"
"24634133_241","24635307","pi_jss233","day","COMPLETED","0:0","0"
"24634133_242","24635330","pi_jss233","day","COMPLETED","0:0","0"
"24634133_243","24635331","pi_jss233","day","COMPLETED","0:0","0"
"24634133_244","24635333","pi_jss233","day","COMPLETED","0:0","0"
"24634133_245","24635334","pi_jss233","day","COMPLETED","0:0","0"
"24634133_246","24635335","pi_jss233","day","COMPLETED","0:0","0"
"24634133_247","24635337","pi_jss233","day","COMPLETED","0:0","0"
"24634133_248","24635343","pi_jss233","day","COMPLETED","0:0","0"
"24634133_249","24635346","pi_jss233","day","COMPLETED","0:0","0"
"24634133_250","24635348","pi_jss233","day","COMPLETED","0:0","0"
"24634133_251","24635354","pi_jss233","day","COMPLETED","0:0","0"
"24634133_252","24635357","pi_jss233","day","COMPLETED","0:0","0"
"24634133_253","24635360","pi_jss233","day","COMPLETED","0:0","0"
"24634133_254","24635361","pi_jss233","day","COMPLETED","0:0","0"
"24634133_255","24635362","pi_jss233","day","COMPLETED","0:0","0"
"24634133_256","24635364","pi_jss233","day","COMPLETED","0:0","0"
"24634133_257","24635365","pi_jss233","day","COMPLETED","0:0","0"
"24634133_258","24635369","pi_jss233","day","COMPLETED","0:0","0"
"24634133_259","24635371","pi_jss233","day","COMPLETED","0:0","0"
"24634133_260","24635557","pi_jss233","day","COMPLETED","0:0","0"
"24634133_261","24635568","pi_jss233","day","COMPLETED","0:0","0"
"24634133_262","24635573","pi_jss233","day","COMPLETED","0:0","0"
"24634133_263","24635577","pi_jss233","day","COMPLETED","0:0","0"
"24634133_264","24635580","pi_jss233","day","COMPLETED","0:0","0"
"24634133_265","24635583","pi_jss233","day","COMPLETED","0:0","0"
"24634133_266","24635584","pi_jss233","day","COMPLETED","0:0","0"
"24634133_267","24635586","pi_jss233","day","COMPLETED","0:0","0"
"24634133_268","24635587","pi_jss233","day","COMPLETED","0:0","0"
"24634133_269","24635598","pi_jss233","day","COMPLETED","0:0","0"
"24634133_270","24635599","pi_jss233","day","COMPLETED","0:0","0"
"24634133_271","24635601","pi_jss233","day","COMPLETED","0:0","0"
"24634133_272","24635603","pi_jss233","day","COMPLETED","0:0","0"
"24634133_273","24635608","pi_jss233","day","COMPLETED","0:0","0"
"24634133_274","24635609","pi_jss233","day","COMPLETED","0:0","0"
"24634133_275","24635618","pi_jss233","day","COMPLETED","0:0","0"
"24634133_276","24635789","pi_jss233","day","COMPLETED","0:0","0"
"24634133_277","24635790","pi_jss233","day","COMPLETED","0:0","0"
"24634133_278","24635791","pi_jss233","day","COMPLETED","0:0","0"
"24634133_279","24635796","pi_jss233","day","COMPLETED","0:0","0"
"24634133_280","24635798","pi_jss233","day","COMPLETED","0:0","0"
"24634133_281","24635799","pi_jss233","day","COMPLETED","0:0","0"
"24634133_282","24635801","pi_jss233","day","COMPLETED","0:0","0"
"24634133_283","24635803","pi_jss233","day","COMPLETED","0:0","0"
"24634133_284","24635805","pi_jss233","day","COMPLETED","0:0","0"
"24634133_285","24635810","pi_jss233","day","COMPLETED","0:0","0"
"24634133_286","24635812","pi_jss233","day","COMPLETED","0:0","0"
