"label","jobId","state","exitCode","account","partition","cpus","restarts","elapsedSeconds"
"27061644_0","27061648","COMPLETED","0:0","pi_jss233","day","1","0","571"
"27061644_1","27061649","COMPLETED","0:0","pi_jss233","day","1","0","807"
"27061644_2","27061650","COMPLETED","0:0","pi_jss233","day","1","0","802"
"27061644_3","27061651","COMPLETED","0:0","pi_jss233","day","1","0","543"
"27061644_4","27061652","COMPLETED","0:0","pi_jss233","day","1","0","1037"
"27061644_5","27061653","COMPLETED","0:0","pi_jss233","day","1","0","767"
"27061644_6","27061654","COMPLETED","0:0","pi_jss233","day","1","0","638"
"27061644_7","27061655","COMPLETED","0:0","pi_jss233","day","1","0","815"
"27061644_8","27061656","COMPLETED","0:0","pi_jss233","day","1","0","331"
"27061644_9","27061657","COMPLETED","0:0","pi_jss233","day","1","0","378"
"27061644_10","27061658","COMPLETED","0:0","pi_jss233","day","1","0","1382"
"27061644_11","27061659","COMPLETED","0:0","pi_jss233","day","1","0","1100"
"27061644_12","27061660","COMPLETED","0:0","pi_jss233","day","1","0","1652"
"27061644_13","27061661","COMPLETED","0:0","pi_jss233","day","1","0","1475"
"27061644_14","27061662","COMPLETED","0:0","pi_jss233","day","1","0","1459"
"27061644_15","27061663","COMPLETED","0:0","pi_jss233","day","1","0","1527"
"27061644_16","27061664","COMPLETED","0:0","pi_jss233","day","1","0","1305"
"27061644_17","27061665","COMPLETED","0:0","pi_jss233","day","1","0","1345"
"27061644_18","27061666","COMPLETED","0:0","pi_jss233","day","1","0","1587"
"27061644_19","27061667","COMPLETED","0:0","pi_jss233","day","1","0","1394"
"27061644_20","27061668","COMPLETED","0:0","pi_jss233","day","1","0","1465"
"27061644_21","27061669","COMPLETED","0:0","pi_jss233","day","1","0","624"
"27061644_22","27061670","COMPLETED","0:0","pi_jss233","day","1","0","892"
"27061644_23","27061671","COMPLETED","0:0","pi_jss233","day","1","0","485"
"27061644_24","27061672","COMPLETED","0:0","pi_jss233","day","1","0","851"
"27061644_25","27061673","COMPLETED","0:0","pi_jss233","day","1","0","685"
"27061644_26","27061674","COMPLETED","0:0","pi_jss233","day","1","0","775"
"27061644_27","27061675","COMPLETED","0:0","pi_jss233","day","1","0","865"
"27061644_28","27061676","COMPLETED","0:0","pi_jss233","day","1","0","586"
"27061644_29","27061677","COMPLETED","0:0","pi_jss233","day","1","0","708"
"27061644_30","27061678","COMPLETED","0:0","pi_jss233","day","1","0","561"
"27061644_31","27061679","COMPLETED","0:0","pi_jss233","day","1","0","612"
"27061644_32","27061680","COMPLETED","0:0","pi_jss233","day","1","0","546"
"27061644_33","27061681","COMPLETED","0:0","pi_jss233","day","1","0","600"
"27061644_34","27061682","COMPLETED","0:0","pi_jss233","day","1","0","758"
"27061644_35","27061683","COMPLETED","0:0","pi_jss233","day","1","0","512"
"27061644_36","27061684","COMPLETED","0:0","pi_jss233","day","1","0","841"
"27061644_37","27061685","COMPLETED","0:0","pi_jss233","day","1","0","372"
"27061644_38","27061686","COMPLETED","0:0","pi_jss233","day","1","0","501"
"27061644_39","27061687","COMPLETED","0:0","pi_jss233","day","1","0","515"
"27061644_40","27061688","COMPLETED","0:0","pi_jss233","day","1","0","574"
"27061644_41","27061689","COMPLETED","0:0","pi_jss233","day","1","0","594"
"27061644_42","27061690","COMPLETED","0:0","pi_jss233","day","1","0","660"
"27061644_43","27061691","COMPLETED","0:0","pi_jss233","day","1","0","585"
"27061644_44","27061692","COMPLETED","0:0","pi_jss233","day","1","0","808"
"27061644_45","27061693","COMPLETED","0:0","pi_jss233","day","1","0","510"
"27061644_46","27061694","COMPLETED","0:0","pi_jss233","day","1","0","327"
"27061644_47","27061695","COMPLETED","0:0","pi_jss233","day","1","0","318"
"27061644_48","27061696","COMPLETED","0:0","pi_jss233","day","1","0","368"
"27061644_49","27061697","COMPLETED","0:0","pi_jss233","day","1","0","324"
"27061644_50","27061698","COMPLETED","0:0","pi_jss233","day","1","0","314"
"27061644_51","27061699","COMPLETED","0:0","pi_jss233","day","1","0","372"
"27061644_52","27061700","COMPLETED","0:0","pi_jss233","day","1","0","324"
"27061644_53","27061701","COMPLETED","0:0","pi_jss233","day","1","0","378"
"27061644_54","27061702","COMPLETED","0:0","pi_jss233","day","1","0","1072"
"27061644_55","27061703","COMPLETED","0:0","pi_jss233","day","1","0","763"
"27061644_56","27061704","COMPLETED","0:0","pi_jss233","day","1","0","608"
"27061644_57","27061705","COMPLETED","0:0","pi_jss233","day","1","0","525"
"27061644_58","27061706","COMPLETED","0:0","pi_jss233","day","1","0","1117"
"27061644_59","27061707","COMPLETED","0:0","pi_jss233","day","1","0","1100"
"27061644_60","27061708","COMPLETED","0:0","pi_jss233","day","1","0","508"
"27061644_61","27061709","COMPLETED","0:0","pi_jss233","day","1","0","731"
"27061644_62","27061710","COMPLETED","0:0","pi_jss233","day","1","0","646"
"27061644_63","27061711","COMPLETED","0:0","pi_jss233","day","1","0","678"
"27061644_64","27062119","COMPLETED","0:0","pi_jss233","day","1","0","826"
"27061644_65","27062120","COMPLETED","0:0","pi_jss233","day","1","0","817"
"27061644_66","27062121","COMPLETED","0:0","pi_jss233","day","1","0","898"
"27061644_67","27062122","COMPLETED","0:0","pi_jss233","day","1","0","768"
"27061644_68","27062123","COMPLETED","0:0","pi_jss233","day","1","0","918"
"27061644_69","27062125","COMPLETED","0:0","pi_jss233","day","1","0","697"
"27061644_70","27062219","COMPLETED","0:0","pi_jss233","day","1","0","858"
"27061644_71","27062220","COMPLETED","0:0","pi_jss233","day","1","0","778"
"27061644_72","27062221","COMPLETED","0:0","pi_jss233","day","1","0","254"
"27061644_73","27062222","COMPLETED","0:0","pi_jss233","day","1","0","370"
"27061644_74","27062223","COMPLETED","0:0","pi_jss233","day","1","0","212"
"27061644_75","27062476","COMPLETED","0:0","pi_jss233","day","1","0","345"
"27061644_76","27062477","COMPLETED","0:0","pi_jss233","day","1","0","231"
"27061644_77","27062478","COMPLETED","0:0","pi_jss233","day","1","0","1056"
"27061644_78","27062479","COMPLETED","0:0","pi_jss233","day","1","0","348"
"27061644_79","27062480","COMPLETED","0:0","pi_jss233","day","1","0","1021"
"27061644_80","27062481","COMPLETED","0:0","pi_jss233","day","1","0","403"
"27061644_81","27062482","COMPLETED","0:0","pi_jss233","day","1","0","750"
"27061644_82","27062497","COMPLETED","0:0","pi_jss233","day","1","0","930"
"27061644_83","27062498","COMPLETED","0:0","pi_jss233","day","1","0","696"
"27061644_84","27062499","COMPLETED","0:0","pi_jss233","day","1","0","992"
"27061644_85","27062500","COMPLETED","0:0","pi_jss233","day","1","0","396"
"27061644_86","27062501","COMPLETED","0:0","pi_jss233","day","1","0","1295"
"27061644_87","27062502","COMPLETED","0:0","pi_jss233","day","1","0","417"
"27061644_88","27062503","COMPLETED","0:0","pi_jss233","day","1","0","487"
"27061644_89","27062504","COMPLETED","0:0","pi_jss233","day","1","0","334"
"27061644_90","27062807","COMPLETED","0:0","pi_jss233","day","1","0","950"
"27061644_91","27062808","COMPLETED","0:0","pi_jss233","day","1","0","611"
"27061644_92","27062809","COMPLETED","0:0","pi_jss233","day","1","0","1204"
"27061644_93","27062810","COMPLETED","0:0","pi_jss233","day","1","0","595"
"27061644_94","27062811","COMPLETED","0:0","pi_jss233","day","1","0","861"
"27061644_95","27062812","COMPLETED","0:0","pi_jss233","day","1","0","352"
"27061644_96","27062813","COMPLETED","0:0","pi_jss233","day","1","0","836"
"27061644_97","27062814","COMPLETED","0:0","pi_jss233","day","1","0","896"
"27061644_98","27063018","COMPLETED","0:0","pi_jss233","day","1","0","570"
"27061644_99","27063019","COMPLETED","0:0","pi_jss233","day","1","0","418"
"27061644_100","27063025","COMPLETED","0:0","pi_jss233","day","1","0","1055"
"27061644_101","27063026","COMPLETED","0:0","pi_jss233","day","1","0","693"
"27061644_102","27063032","COMPLETED","0:0","pi_jss233","day","1","0","723"
"27061644_103","27063037","COMPLETED","0:0","pi_jss233","day","1","0","707"
"27061644_104","27063040","COMPLETED","0:0","pi_jss233","day","1","0","903"
"27061644_105","27063042","COMPLETED","0:0","pi_jss233","day","1","0","555"
"27061644_106","27063043","COMPLETED","0:0","pi_jss233","day","1","0","744"
"27061644_107","27063044","COMPLETED","0:0","pi_jss233","day","1","0","586"
"27061644_108","27063047","COMPLETED","0:0","pi_jss233","day","1","0","237"
"27061644_109","27063050","COMPLETED","0:0","pi_jss233","day","1","0","690"
"27061644_110","27063052","COMPLETED","0:0","pi_jss233","day","1","0","271"
"27061644_111","27063053","COMPLETED","0:0","pi_jss233","day","1","0","1212"
"27061644_112","27063054","COMPLETED","0:0","pi_jss233","day","1","0","243"
"27061644_113","27063189","COMPLETED","0:0","pi_jss233","day","1","0","296"
"27061644_114","27063192","COMPLETED","0:0","pi_jss233","day","1","0","575"
"27061644_115","27063193","COMPLETED","0:0","pi_jss233","day","1","0","1108"
"27061644_116","27063214","COMPLETED","0:0","pi_jss233","day","1","0","246"
"27061644_117","27063220","COMPLETED","0:0","pi_jss233","day","1","0","981"
"27061644_118","27063321","COMPLETED","0:0","pi_jss233","day","1","0","416"
"27061644_119","27063328","COMPLETED","0:0","pi_jss233","day","1","0","562"
"27061644_120","27063354","COMPLETED","0:0","pi_jss233","day","1","0","965"
"27061644_121","27063524","COMPLETED","0:0","pi_jss233","day","1","0","731"
"27061644_122","27063525","COMPLETED","0:0","pi_jss233","day","1","0","416"
"27061644_123","27063533","COMPLETED","0:0","pi_jss233","day","1","0","329"
"27061644_124","27063534","COMPLETED","0:0","pi_jss233","day","1","0","371"
"27061644_125","27063535","COMPLETED","0:0","pi_jss233","day","1","0","469"
"27061644_126","27063536","COMPLETED","0:0","pi_jss233","day","1","0","687"
"27061644_127","27063537","COMPLETED","0:0","pi_jss233","day","1","0","1216"
"27061644_128","27063538","COMPLETED","0:0","pi_jss233","day","1","0","651"
"27061644_129","27063539","COMPLETED","0:0","pi_jss233","day","1","0","360"
"27061644_130","27063540","COMPLETED","0:0","pi_jss233","day","1","0","325"
"27061644_131","27063541","COMPLETED","0:0","pi_jss233","day","1","0","697"
"27061644_132","27063543","COMPLETED","0:0","pi_jss233","day","1","0","625"
"27061644_133","27063544","COMPLETED","0:0","pi_jss233","day","1","0","423"
"27061644_134","27063545","COMPLETED","0:0","pi_jss233","day","1","0","828"
"27061644_135","27064165","COMPLETED","0:0","pi_jss233","day","1","0","415"
"27061644_136","27064166","COMPLETED","0:0","pi_jss233","day","1","0","943"
"27061644_137","27064168","COMPLETED","0:0","pi_jss233","day","1","0","853"
"27061644_138","27064169","COMPLETED","0:0","pi_jss233","day","1","0","328"
"27061644_139","27064171","COMPLETED","0:0","pi_jss233","day","1","0","604"
"27061644_140","27064172","COMPLETED","0:0","pi_jss233","day","1","0","843"
"27061644_141","27064176","COMPLETED","0:0","pi_jss233","day","1","0","936"
"27061644_142","27064178","COMPLETED","0:0","pi_jss233","day","1","0","768"
"27061644_143","27064182","COMPLETED","0:0","pi_jss233","day","1","0","398"
"27061644_144","27064183","COMPLETED","0:0","pi_jss233","day","1","0","246"
"27061644_145","27064184","COMPLETED","0:0","pi_jss233","day","1","0","736"
"27061644_146","27064186","COMPLETED","0:0","pi_jss233","day","1","0","450"
"27061644_147","27064188","COMPLETED","0:0","pi_jss233","day","1","0","873"
"27061644_148","27064196","COMPLETED","0:0","pi_jss233","day","1","0","383"
"27061644_149","27064320","COMPLETED","0:0","pi_jss233","day","1","0","311"
"27061644_150","27064331","COMPLETED","0:0","pi_jss233","day","1","0","470"
"27061644_151","27064676","COMPLETED","0:0","pi_jss233","day","1","0","752"
"27061644_152","27064677","COMPLETED","0:0","pi_jss233","day","1","0","417"
"27061644_153","27064678","COMPLETED","0:0","pi_jss233","day","1","0","850"
"27061644_154","27064696","COMPLETED","0:0","pi_jss233","day","1","0","973"
"27061644_155","27064697","COMPLETED","0:0","pi_jss233","day","1","0","396"
"27061644_156","27064710","COMPLETED","0:0","pi_jss233","day","1","0","790"
"27061644_157","27064711","COMPLETED","0:0","pi_jss233","day","1","0","1112"
"27061644_158","27064712","COMPLETED","0:0","pi_jss233","day","1","0","963"
"27061644_159","27064713","COMPLETED","0:0","pi_jss233","day","1","0","425"
"27061644_160","27064721","COMPLETED","0:0","pi_jss233","day","1","0","635"
"27061644_161","27064722","COMPLETED","0:0","pi_jss233","day","1","0","1012"
"27061644_162","27064723","COMPLETED","0:0","pi_jss233","day","1","0","211"
"27061644_163","27064724","COMPLETED","0:0","pi_jss233","day","1","0","899"
"27061644_164","27064725","COMPLETED","0:0","pi_jss233","day","1","0","266"
"27061644_165","27064726","COMPLETED","0:0","pi_jss233","day","1","0","471"
"27061644_166","27064733","COMPLETED","0:0","pi_jss233","day","1","0","197"
"27061644_167","27064734","COMPLETED","0:0","pi_jss233","day","1","0","468"
"27061644_168","27064735","COMPLETED","0:0","pi_jss233","day","1","0","190"
"27061644_169","27064736","COMPLETED","0:0","pi_jss233","day","1","0","557"
"27061644_170","27064742","COMPLETED","0:0","pi_jss233","day","1","0","252"
"27061644_171","27064751","COMPLETED","0:0","pi_jss233","day","1","0","807"
"27061644_172","27064752","COMPLETED","0:0","pi_jss233","day","1","0","861"
"27061644_173","27064753","COMPLETED","0:0","pi_jss233","day","1","0","735"
"27061644_174","27064755","COMPLETED","0:0","pi_jss233","day","1","0","976"
"27061644_175","27064756","COMPLETED","0:0","pi_jss233","day","1","0","1074"
"27061644_176","27064758","COMPLETED","0:0","pi_jss233","day","1","0","824"
"27061644_177","27064761","COMPLETED","0:0","pi_jss233","day","1","0","995"
"27061644_178","27064893","COMPLETED","0:0","pi_jss233","day","1","0","576"
"27061644_179","27064894","COMPLETED","0:0","pi_jss233","day","1","0","1082"
"27061644_180","27065177","COMPLETED","0:0","pi_jss233","day","1","0","235"
"27061644_181","27065178","COMPLETED","0:0","pi_jss233","day","1","0","1085"
"27061644_182","27065179","COMPLETED","0:0","pi_jss233","day","1","0","269"
"27061644_183","27065180","COMPLETED","0:0","pi_jss233","day","1","0","719"
"27061644_184","27065181","COMPLETED","0:0","pi_jss233","day","1","0","269"
"27061644_185","27065182","COMPLETED","0:0","pi_jss233","day","1","0","861"
"27061644_186","27065186","COMPLETED","0:0","pi_jss233","day","1","0","202"
"27061644_187","27065189","COMPLETED","0:0","pi_jss233","day","1","0","634"
"27061644_188","27065190","COMPLETED","0:0","pi_jss233","day","1","0","251"
"27061644_189","27065191","COMPLETED","0:0","pi_jss233","day","1","0","656"
"27061644_190","27065193","COMPLETED","0:0","pi_jss233","day","1","0","1017"
"27061644_191","27065194","COMPLETED","0:0","pi_jss233","day","1","0","292"
"27061644_192","27065195","COMPLETED","0:0","pi_jss233","day","1","0","937"
"27061644_193","27065196","COMPLETED","0:0","pi_jss233","day","1","0","724"
"27061644_194","27065198","COMPLETED","0:0","pi_jss233","day","1","0","772"
"27061644_195","27065199","COMPLETED","0:0","pi_jss233","day","1","0","1185"
"27061644_196","27065200","COMPLETED","0:0","pi_jss233","day","1","0","301"
"27061644_197","27065202","COMPLETED","0:0","pi_jss233","day","1","0","1017"
"27061644_198","27065203","COMPLETED","0:0","pi_jss233","day","1","0","210"
"27061644_199","27065205","COMPLETED","0:0","pi_jss233","day","1","0","914"
"27061644_200","27065329","COMPLETED","0:0","pi_jss233","day","1","0","165"
"27061644_201","27065592","COMPLETED","0:0","pi_jss233","day","1","0","463"
"27061644_202","27065593","COMPLETED","0:0","pi_jss233","day","1","0","197"
"27061644_203","27065594","COMPLETED","0:0","pi_jss233","day","1","0","491"
"27061644_204","27065595","COMPLETED","0:0","pi_jss233","day","1","0","244"
"27061644_205","27065596","COMPLETED","0:0","pi_jss233","day","1","0","794"
"27061644_206","27065597","COMPLETED","0:0","pi_jss233","day","1","0","221"
"27061644_207","27065598","COMPLETED","0:0","pi_jss233","day","1","0","820"
"27061644_208","27065599","COMPLETED","0:0","pi_jss233","day","1","0","1105"
"27061644_209","27065600","COMPLETED","0:0","pi_jss233","day","1","0","728"
"27061644_210","27065601","COMPLETED","0:0","pi_jss233","day","1","0","1004"
"27061644_211","27065602","COMPLETED","0:0","pi_jss233","day","1","0","1059"
"27061644_212","27065603","COMPLETED","0:0","pi_jss233","day","1","0","1057"
"27061644_213","27065604","COMPLETED","0:0","pi_jss233","day","1","0","991"
"27061644_214","27065605","COMPLETED","0:0","pi_jss233","day","1","0","412"
"27061644_215","27065606","COMPLETED","0:0","pi_jss233","day","1","0","1170"
"27061644_216","27065607","COMPLETED","0:0","pi_jss233","day","1","0","282"
"27061644_217","27065608","COMPLETED","0:0","pi_jss233","day","1","0","1225"
"27061644_218","27065609","COMPLETED","0:0","pi_jss233","day","1","0","200"
"27061644_219","27065610","COMPLETED","0:0","pi_jss233","day","1","0","466"
"27061644_220","27065611","COMPLETED","0:0","pi_jss233","day","1","0","210"
"27061644_221","27065612","COMPLETED","0:0","pi_jss233","day","1","0","704"
"27061644_222","27065613","COMPLETED","0:0","pi_jss233","day","1","0","459"
"27061644_223","27065614","COMPLETED","0:0","pi_jss233","day","1","0","262"
"27061644_224","27065615","COMPLETED","0:0","pi_jss233","day","1","0","280"
"27061644_225","27065616","COMPLETED","0:0","pi_jss233","day","1","0","977"
"27061644_226","27065617","COMPLETED","0:0","pi_jss233","day","1","0","653"
"27061644_227","27065639","COMPLETED","0:0","pi_jss233","day","1","0","757"
"27061644_228","27065640","COMPLETED","0:0","pi_jss233","day","1","0","505"
"27061644_229","27065641","COMPLETED","0:0","pi_jss233","day","1","0","690"
"27061644_230","27065642","COMPLETED","0:0","pi_jss233","day","1","0","444"
"27061644_231","27065772","COMPLETED","0:0","pi_jss233","day","1","0","840"
"27061644_232","27066059","COMPLETED","0:0","pi_jss233","day","1","0","688"
"27061644_233","27066061","COMPLETED","0:0","pi_jss233","day","1","0","728"
"27061644_234","27066062","COMPLETED","0:0","pi_jss233","day","1","0","168"
"27061644_235","27066073","COMPLETED","0:0","pi_jss233","day","1","0","838"
"27061644_236","27066074","COMPLETED","0:0","pi_jss233","day","1","0","193"
"27061644_237","27066076","COMPLETED","0:0","pi_jss233","day","1","0","823"
"27061644_238","27066077","COMPLETED","0:0","pi_jss233","day","1","0","219"
"27061644_239","27066078","COMPLETED","0:0","pi_jss233","day","1","0","345"
"27061644_240","27066079","COMPLETED","0:0","pi_jss233","day","1","0","197"
"27061644_241","27066081","COMPLETED","0:0","pi_jss233","day","1","0","448"
"27061644_242","27066083","COMPLETED","0:0","pi_jss233","day","1","0","280"
"27061644_243","27066084","COMPLETED","0:0","pi_jss233","day","1","0","849"
"27061644_244","27066091","COMPLETED","0:0","pi_jss233","day","1","0","1180"
"27061644_245","27066207","COMPLETED","0:0","pi_jss233","day","1","0","296"
"27061644_246","27066214","COMPLETED","0:0","pi_jss233","day","1","0","338"
"27061644_247","27066219","COMPLETED","0:0","pi_jss233","day","1","0","823"
"27061644_248","27066220","COMPLETED","0:0","pi_jss233","day","1","0","296"
"27061644_249","27066221","COMPLETED","0:0","pi_jss233","day","1","0","328"
"27061644_250","27066223","COMPLETED","0:0","pi_jss233","day","1","0","1195"
"27061644_251","27066224","COMPLETED","0:0","pi_jss233","day","1","0","1131"
"27061644_252","27066225","COMPLETED","0:0","pi_jss233","day","1","0","747"
"27061644_253","27066226","COMPLETED","0:0","pi_jss233","day","1","0","1107"
"27061644_254","27066680","COMPLETED","0:0","pi_jss233","day","1","0","398"
"27061644_255","27066681","COMPLETED","0:0","pi_jss233","day","1","0","404"
"27061644_256","27066682","COMPLETED","0:0","pi_jss233","day","1","0","506"
"27061644_257","27066683","COMPLETED","0:0","pi_jss233","day","1","0","752"
"27061644_258","27066685","COMPLETED","0:0","pi_jss233","day","1","0","826"
"27061644_259","27066687","COMPLETED","0:0","pi_jss233","day","1","0","778"
"27061644_260","27066688","COMPLETED","0:0","pi_jss233","day","1","0","392"
"27061644_261","27066690","COMPLETED","0:0","pi_jss233","day","1","0","413"
"27061644_262","27066692","COMPLETED","0:0","pi_jss233","day","1","0","485"
"27061644_263","27066694","COMPLETED","0:0","pi_jss233","day","1","0","471"
"27061644_264","27066698","COMPLETED","0:0","pi_jss233","day","1","0","405"
"27061644_265","27066699","COMPLETED","0:0","pi_jss233","day","1","0","448"
"27061644_266","27066700","COMPLETED","0:0","pi_jss233","day","1","0","532"
"27061644_267","27066701","COMPLETED","0:0","pi_jss233","day","1","0","399"
"27061644_268","27066702","COMPLETED","0:0","pi_jss233","day","1","0","775"
"27061644_269","27066719","COMPLETED","0:0","pi_jss233","day","1","0","378"
"27061644_270","27066720","COMPLETED","0:0","pi_jss233","day","1","0","374"
"27061644_271","27066722","COMPLETED","0:0","pi_jss233","day","1","0","527"
"27061644_272","27066723","COMPLETED","0:0","pi_jss233","day","1","0","349"
"27061644_273","27066727","COMPLETED","0:0","pi_jss233","day","1","0","735"
"27061644_274","27066743","COMPLETED","0:0","pi_jss233","day","1","0","315"
"27061644_275","27066861","COMPLETED","0:0","pi_jss233","day","1","0","534"
"27061644_276","27066862","COMPLETED","0:0","pi_jss233","day","1","0","487"
"27061644_277","27066863","COMPLETED","0:0","pi_jss233","day","1","0","372"
"27061644_278","27066864","COMPLETED","0:0","pi_jss233","day","1","0","378"
"27061644_279","27066865","COMPLETED","0:0","pi_jss233","day","1","0","398"
"27061644_280","27066866","COMPLETED","0:0","pi_jss233","day","1","0","981"
"27061644_281","27066867","COMPLETED","0:0","pi_jss233","day","1","0","738"
"27061644_282","27066868","COMPLETED","0:0","pi_jss233","day","1","0","865"
"27061644_283","27066869","COMPLETED","0:0","pi_jss233","day","1","0","872"
"27061644_284","27067031","COMPLETED","0:0","pi_jss233","day","1","0","398"
"27061644_285","27067032","COMPLETED","0:0","pi_jss233","day","1","0","452"
"27061644_286","27067035","COMPLETED","0:0","pi_jss233","day","1","0","990"
"27061644_287","27067036","COMPLETED","0:0","pi_jss233","day","1","0","813"
"27061644_288","27067038","COMPLETED","0:0","pi_jss233","day","1","0","245"
"27061644_289","27067039","COMPLETED","0:0","pi_jss233","day","1","0","613"
"27061644_290","27067044","COMPLETED","0:0","pi_jss233","day","1","0","242"
"27061644_291","27067053","COMPLETED","0:0","pi_jss233","day","1","0","843"
"27061644_292","27067054","COMPLETED","0:0","pi_jss233","day","1","0","247"
"27061644_293","27067056","COMPLETED","0:0","pi_jss233","day","1","0","918"
"27061644_294","27067058","COMPLETED","0:0","pi_jss233","day","1","0","248"
"27061644_295","27067059","COMPLETED","0:0","pi_jss233","day","1","0","793"
"27061644_296","27067061","COMPLETED","0:0","pi_jss233","day","1","0","318"
"27061644_297","27067062","COMPLETED","0:0","pi_jss233","day","1","0","821"
"27061644_298","27067203","COMPLETED","0:0","pi_jss233","day","1","0","1003"
"27061644_299","27067204","COMPLETED","0:0","pi_jss233","day","1","0","917"
"27061644_300","27067218","COMPLETED","0:0","pi_jss233","day","1","0","702"
"27061644_301","27067219","COMPLETED","0:0","pi_jss233","day","1","0","961"
"27061644_302","27067222","COMPLETED","0:0","pi_jss233","day","1","0","325"
"27061644_303","27067223","COMPLETED","0:0","pi_jss233","day","1","0","328"
"27061644_304","27067224","COMPLETED","0:0","pi_jss233","day","1","0","624"
"27061644_305","27067226","COMPLETED","0:0","pi_jss233","day","1","0","928"
"27061644_306","27067230","COMPLETED","0:0","pi_jss233","day","1","0","499"
"27061644_307","27067231","COMPLETED","0:0","pi_jss233","day","1","0","344"
"27061644_308","27067232","COMPLETED","0:0","pi_jss233","day","1","0","469"
"27061644_309","27067234","COMPLETED","0:0","pi_jss233","day","1","0","529"
"27061644_310","27067730","COMPLETED","0:0","pi_jss233","day","1","0","764"
"27061644_311","27067743","COMPLETED","0:0","pi_jss233","day","1","0","404"
"27061644_312","27067745","COMPLETED","0:0","pi_jss233","day","1","0","610"
"27061644_313","27067746","COMPLETED","0:0","pi_jss233","day","1","0","717"
"27061644_314","27067747","COMPLETED","0:0","pi_jss233","day","1","0","579"
"27061644_315","27067751","COMPLETED","0:0","pi_jss233","day","1","0","305"
"27061644_316","27067753","COMPLETED","0:0","pi_jss233","day","1","0","574"
"27061644_317","27067756","COMPLETED","0:0","pi_jss233","day","1","0","876"
"27061644_318","27067757","COMPLETED","0:0","pi_jss233","day","1","0","711"
"27061644_319","27067758","COMPLETED","0:0","pi_jss233","day","1","0","499"
"27061644_320","27067759","COMPLETED","0:0","pi_jss233","day","1","0","818"
"27061644_321","27067761","COMPLETED","0:0","pi_jss233","day","1","0","853"
"27061644_322","27067763","COMPLETED","0:0","pi_jss233","day","1","0","662"
"27061644_323","27067764","COMPLETED","0:0","pi_jss233","day","1","0","796"
"27061644_324","27067765","COMPLETED","0:0","pi_jss233","day","1","0","947"
"27061644_325","27067767","COMPLETED","0:0","pi_jss233","day","1","0","833"
"27061644_326","27067768","COMPLETED","0:0","pi_jss233","day","1","0","704"
"27061644_327","27067770","COMPLETED","0:0","pi_jss233","day","1","0","776"
"27061644_328","27067771","COMPLETED","0:0","pi_jss233","day","1","0","802"
"27061644_329","27067901","COMPLETED","0:0","pi_jss233","day","1","0","1164"
"27061644_330","27067902","COMPLETED","0:0","pi_jss233","day","1","0","783"
"27061644_331","27067903","COMPLETED","0:0","pi_jss233","day","1","0","1017"
"27061644_332","27067904","COMPLETED","0:0","pi_jss233","day","1","0","772"
"27061644_333","27067905","COMPLETED","0:0","pi_jss233","day","1","0","654"
"27061644_334","27067906","COMPLETED","0:0","pi_jss233","day","1","0","774"
"27061644_335","27067907","COMPLETED","0:0","pi_jss233","day","1","0","1063"
"27061644_336","27067908","COMPLETED","0:0","pi_jss233","day","1","0","1069"
"27061644_337","27067909","COMPLETED","0:0","pi_jss233","day","1","0","1187"
"27061644_338","27067910","COMPLETED","0:0","pi_jss233","day","1","0","728"
"27061644_339","27068226","COMPLETED","0:0","pi_jss233","day","1","0","752"
"27061644_340","27068385","COMPLETED","0:0","pi_jss233","day","1","0","831"
"27061644_341","27068386","COMPLETED","0:0","pi_jss233","day","1","0","1130"
"27061644_342","27068387","COMPLETED","0:0","pi_jss233","day","1","0","1108"
"27061644_343","27068388","COMPLETED","0:0","pi_jss233","day","1","0","941"
"27061644_344","27068389","COMPLETED","0:0","pi_jss233","day","1","0","857"
"27061644_345","27068390","COMPLETED","0:0","pi_jss233","day","1","0","1326"
"27061644_346","27068391","COMPLETED","0:0","pi_jss233","day","1","0","1021"
"27061644_347","27068392","COMPLETED","0:0","pi_jss233","day","1","0","1099"
"27061644_348","27068393","COMPLETED","0:0","pi_jss233","day","1","0","1023"
"27061644_349","27068394","COMPLETED","0:0","pi_jss233","day","1","0","576"
"27061644_350","27068395","COMPLETED","0:0","pi_jss233","day","1","0","576"
"27061644_351","27068396","COMPLETED","0:0","pi_jss233","day","1","0","688"
"27061644_352","27068801","COMPLETED","0:0","pi_jss233","day","1","0","491"
"27061644_353","27068802","COMPLETED","0:0","pi_jss233","day","1","0","580"
"27061644_354","27068803","COMPLETED","0:0","pi_jss233","day","1","0","556"
"27061644_355","27068804","COMPLETED","0:0","pi_jss233","day","1","0","620"
"27061644_356","27068805","COMPLETED","0:0","pi_jss233","day","1","0","526"
"27061644_357","27068806","COMPLETED","0:0","pi_jss233","day","1","0","542"
"27061644_358","27068807","COMPLETED","0:0","pi_jss233","day","1","0","568"
"27061644_359","27068808","COMPLETED","0:0","pi_jss233","day","1","0","635"
"27061644_360","27068809","COMPLETED","0:0","pi_jss233","day","1","0","123"
"27061644_361","27068810","COMPLETED","0:0","pi_jss233","day","1","0","513"
"27061644_362","27068811","COMPLETED","0:0","pi_jss233","day","1","0","113"
"27061644_363","27068812","COMPLETED","0:0","pi_jss233","day","1","0","480"
"27061644_364","27068813","COMPLETED","0:0","pi_jss233","day","1","0","198"
"27061644_365","27068814","COMPLETED","0:0","pi_jss233","day","1","0","442"
"27061644_366","27068815","COMPLETED","0:0","pi_jss233","day","1","0","206"
"27061644_367","27068816","COMPLETED","0:0","pi_jss233","day","1","0","166"
"27061644_368","27068817","COMPLETED","0:0","pi_jss233","day","1","0","142"
"27061644_369","27068818","COMPLETED","0:0","pi_jss233","day","1","0","597"
"27061644_370","27068851","COMPLETED","0:0","pi_jss233","day","1","0","856"
"27061644_371","27068852","COMPLETED","0:0","pi_jss233","day","1","0","801"
"27061644_372","27068854","COMPLETED","0:0","pi_jss233","day","1","0","376"
"27061644_373","27068855","COMPLETED","0:0","pi_jss233","day","1","0","895"
"27061644_374","27069099","COMPLETED","0:0","pi_jss233","day","1","0","332"
"27061644_375","27069100","COMPLETED","0:0","pi_jss233","day","1","0","908"
"27061644_376","27069101","COMPLETED","0:0","pi_jss233","day","1","0","911"
"27061644_377","27069104","COMPLETED","0:0","pi_jss233","day","1","0","649"
"27061644_378","27069105","COMPLETED","0:0","pi_jss233","day","1","0","278"
"27061644_379","27069106","COMPLETED","0:0","pi_jss233","day","1","0","850"
"27061644_380","27069107","COMPLETED","0:0","pi_jss233","day","1","0","249"
"27061644_381","27069108","COMPLETED","0:0","pi_jss233","day","1","0","932"
"27061644_382","27069110","COMPLETED","0:0","pi_jss233","day","1","0","288"
"27061644_383","27069111","COMPLETED","0:0","pi_jss233","day","1","0","350"
"27061644_384","27069118","COMPLETED","0:0","pi_jss233","day","1","0","1599"
"27061644_385","27069119","COMPLETED","0:0","pi_jss233","day","1","0","399"
"27061644_386","27069120","COMPLETED","0:0","pi_jss233","day","1","0","1396"
"27061644_387","27069121","COMPLETED","0:0","pi_jss233","day","1","0","336"
"27061644_388","27069122","COMPLETED","0:0","pi_jss233","day","1","0","575"
"27061644_389","27069289","COMPLETED","0:0","pi_jss233","day","1","0","564"
"27061644_390","27069290","COMPLETED","0:0","pi_jss233","day","1","0","1137"
"27061644_391","27069291","COMPLETED","0:0","pi_jss233","day","1","0","741"
"27061644_392","27069292","COMPLETED","0:0","pi_jss233","day","1","0","1141"
"27061644_393","27069293","COMPLETED","0:0","pi_jss233","day","1","0","787"
"27061644_394","27069294","COMPLETED","0:0","pi_jss233","day","1","0","671"
"27061644_395","27069295","COMPLETED","0:0","pi_jss233","day","1","0","997"
"27061644_396","27069655","COMPLETED","0:0","pi_jss233","day","1","0","303"
"27061644_397","27069656","COMPLETED","0:0","pi_jss233","day","1","0","286"
"27061644_398","27069657","COMPLETED","0:0","pi_jss233","day","1","0","375"
"27061644_399","27069658","COMPLETED","0:0","pi_jss233","day","1","0","202"
"27061644_400","27069659","COMPLETED","0:0","pi_jss233","day","1","0","232"
"27061644_401","27069660","COMPLETED","0:0","pi_jss233","day","1","0","215"
"27061644_402","27069661","COMPLETED","0:0","pi_jss233","day","1","0","296"
"27061644_403","27069662","COMPLETED","0:0","pi_jss233","day","1","0","230"
"27061644_404","27069664","COMPLETED","0:0","pi_jss233","day","1","0","415"
"27061644_405","27069665","COMPLETED","0:0","pi_jss233","day","1","0","217"
"27061644_406","27069666","COMPLETED","0:0","pi_jss233","day","1","0","295"
"27061644_407","27069667","COMPLETED","0:0","pi_jss233","day","1","0","383"
"27061644_408","27069668","COMPLETED","0:0","pi_jss233","day","1","0","534"
"27061644_409","27069669","COMPLETED","0:0","pi_jss233","day","1","0","273"
"27061644_410","27069670","COMPLETED","0:0","pi_jss233","day","1","0","715"
"27061644_411","27069671","COMPLETED","0:0","pi_jss233","day","1","0","298"
"27061644_412","27069672","COMPLETED","0:0","pi_jss233","day","1","0","295"
"27061644_413","27069673","COMPLETED","0:0","pi_jss233","day","1","0","324"
"27061644_414","27069674","COMPLETED","0:0","pi_jss233","day","1","0","290"
"27061644_415","27069703","COMPLETED","0:0","pi_jss233","day","1","0","215"
"27061644_416","27069875","COMPLETED","0:0","pi_jss233","day","1","0","228"
"27061644_417","27069876","COMPLETED","0:0","pi_jss233","day","1","0","397"
"27061644_418","27069877","COMPLETED","0:0","pi_jss233","day","1","0","213"
"27061644_419","27069878","COMPLETED","0:0","pi_jss233","day","1","0","209"
"27061644_420","27069879","COMPLETED","0:0","pi_jss233","day","1","0","314"
"27061644_421","27069880","COMPLETED","0:0","pi_jss233","day","1","0","238"
"27061644_422","27069881","COMPLETED","0:0","pi_jss233","day","1","0","284"
"27061644_423","27069885","COMPLETED","0:0","pi_jss233","day","1","0","291"
"27061644_424","27069886","COMPLETED","0:0","pi_jss233","day","1","0","493"
"27061644_425","27069887","COMPLETED","0:0","pi_jss233","day","1","0","491"
"27061644_426","27069888","COMPLETED","0:0","pi_jss233","day","1","0","401"
"27061644_427","27069889","COMPLETED","0:0","pi_jss233","day","1","0","384"
"27061644_428","27069890","COMPLETED","0:0","pi_jss233","day","1","0","353"
"27061644_429","27069891","COMPLETED","0:0","pi_jss233","day","1","0","368"
"27061644_430","27069897","COMPLETED","0:0","pi_jss233","day","1","0","310"
"27061644_431","27069898","COMPLETED","0:0","pi_jss233","day","1","0","502"
"27061644_432","27069899","COMPLETED","0:0","pi_jss233","day","1","0","2937"
"27061644_433","27069902","COMPLETED","0:0","pi_jss233","day","1","0","2381"
"27061644_434","27069903","COMPLETED","0:0","pi_jss233","day","1","0","1750"
"27061644_435","27069904","COMPLETED","0:0","pi_jss233","day","1","0","2886"
"27061644_436","27069905","COMPLETED","0:0","pi_jss233","day","1","0","2539"
"27061644_437","27069906","COMPLETED","0:0","pi_jss233","day","1","0","2232"
"27061644_438","27069907","COMPLETED","0:0","pi_jss233","day","1","0","2285"
"27061644_439","27069908","COMPLETED","0:0","pi_jss233","day","1","0","1994"
"27061644_440","27069909","COMPLETED","0:0","pi_jss233","day","1","0","2384"
"27061644_441","27069912","COMPLETED","0:0","pi_jss233","day","1","0","2139"
"27061644_442","27069913","COMPLETED","0:0","pi_jss233","day","1","0","2840"
"27061644_443","27069914","COMPLETED","0:0","pi_jss233","day","1","0","1256"
"27061644_444","27069915","COMPLETED","0:0","pi_jss233","day","1","0","1599"
"27061644_445","27069916","COMPLETED","0:0","pi_jss233","day","1","0","1396"
"27061644_446","27069918","COMPLETED","0:0","pi_jss233","day","1","0","1138"
"27061644_447","27070304","COMPLETED","0:0","pi_jss233","day","1","0","1263"
"27061644_448","27070305","COMPLETED","0:0","pi_jss233","day","1","0","1540"
"27061644_449","27070306","COMPLETED","0:0","pi_jss233","day","1","0","1423"
"27061644_450","27070307","COMPLETED","0:0","pi_jss233","day","1","0","3162"
"27061644_451","27070308","COMPLETED","0:0","pi_jss233","day","1","0","2961"
"27061644_452","27070309","COMPLETED","0:0","pi_jss233","day","1","0","3465"
"27061644_453","27070310","COMPLETED","0:0","pi_jss233","day","1","0","2750"
"27061644_454","27070311","COMPLETED","0:0","pi_jss233","day","1","0","2684"
"27061644_455","27070312","COMPLETED","0:0","pi_jss233","day","1","0","1975"
"27061644_456","27070313","COMPLETED","0:0","pi_jss233","day","1","0","2961"
"27061644_457","27070314","COMPLETED","0:0","pi_jss233","day","1","0","2208"
"27061644_458","27070315","COMPLETED","0:0","pi_jss233","day","1","0","2459"
"27061644_459","27070316","COMPLETED","0:0","pi_jss233","day","1","0","4974"
"27061644_460","27070317","COMPLETED","0:0","pi_jss233","day","1","0","4581"
"27061644_461","27070318","COMPLETED","0:0","pi_jss233","day","1","0","2349"
"27061644_462","27070319","COMPLETED","0:0","pi_jss233","day","1","0","2893"
"27061644_463","27070320","COMPLETED","0:0","pi_jss233","day","1","0","3748"
"27061644_464","27070326","COMPLETED","0:0","pi_jss233","day","1","0","2593"
"27061644_465","27070327","COMPLETED","0:0","pi_jss233","day","1","0","2144"
"27061644_466","27070328","COMPLETED","0:0","pi_jss233","day","1","0","5771"
"27061644_467","27070329","COMPLETED","0:0","pi_jss233","day","1","0","2525"
"27061644_468","27070330","COMPLETED","0:0","pi_jss233","day","1","0","1977"
"27061644_469","27070331","COMPLETED","0:0","pi_jss233","day","1","0","1438"
"27061644_470","27070332","COMPLETED","0:0","pi_jss233","day","1","0","1625"
"27061644_471","27070333","COMPLETED","0:0","pi_jss233","day","1","0","2137"
"27061644_472","27070335","COMPLETED","0:0","pi_jss233","day","1","0","1453"
"27061644_473","27070336","COMPLETED","0:0","pi_jss233","day","1","0","2739"
"27061644_474","27070338","COMPLETED","0:0","pi_jss233","day","1","0","2343"
"27061644_475","27070339","COMPLETED","0:0","pi_jss233","day","1","0","1979"
"27061644_476","27070340","COMPLETED","0:0","pi_jss233","day","1","0","2852"
"27061644_477","27070341","COMPLETED","0:0","pi_jss233","day","1","0","1882"
"27061644_478","27070342","COMPLETED","0:0","pi_jss233","day","1","0","2573"
"27061644_479","27070343","COMPLETED","0:0","pi_jss233","day","1","0","2906"
"27061644_480","27070344","COMPLETED","0:0","pi_jss233","day","1","0","2840"
"27061644_481","27070512","COMPLETED","0:0","pi_jss233","day","1","0","2583"
"27061644_482","27070522","COMPLETED","0:0","pi_jss233","day","1","0","2828"
"27061644_483","27070524","COMPLETED","0:0","pi_jss233","day","1","0","3002"
"27061644_484","27070529","COMPLETED","0:0","pi_jss233","day","1","0","2513"
"27061644_485","27070538","COMPLETED","0:0","pi_jss233","day","1","0","2827"
"27061644_486","27070542","COMPLETED","0:0","pi_jss233","day","1","0","4527"
"27061644_487","27070709","COMPLETED","0:0","pi_jss233","day","1","0","4114"
"27061644_488","27070710","COMPLETED","0:0","pi_jss233","day","1","0","4181"
"27061644_489","27070711","COMPLETED","0:0","pi_jss233","day","1","0","3707"
"27061644_490","27070718","COMPLETED","0:0","pi_jss233","day","1","0","3884"
"27061644_491","27070864","COMPLETED","0:0","pi_jss233","day","1","0","3688"
"27061644_492","27071140","COMPLETED","0:0","pi_jss233","day","1","0","2974"
"27061644_493","27071141","COMPLETED","0:0","pi_jss233","day","1","0","4003"
"27061644_494","27071258","COMPLETED","0:0","pi_jss233","day","1","0","4119"
"27061644_495","27071322","COMPLETED","0:0","pi_jss233","day","1","0","3359"
"27061644_496","27071451","COMPLETED","0:0","pi_jss233","day","1","0","3878"
"27061644_497","27071452","COMPLETED","0:0","pi_jss233","day","1","0","4069"
"27061644_498","27071583","COMPLETED","0:0","pi_jss233","day","1","0","4649"
"27061644_499","27071584","COMPLETED","0:0","pi_jss233","day","1","0","5840"
"27061644_500","27071608","COMPLETED","0:0","pi_jss233","day","1","0","3265"
"27061644_501","27071609","COMPLETED","0:0","pi_jss233","day","1","0","4864"
"27061644_502","27071747","COMPLETED","0:0","pi_jss233","day","1","0","5667"
"27061644_503","27071748","COMPLETED","0:0","pi_jss233","day","1","0","4726"
"27061644_504","27071749","COMPLETED","0:0","pi_jss233","day","1","0","3505"
"27061644_505","27071750","COMPLETED","0:0","pi_jss233","day","1","0","4877"
"27061644_506","27071751","COMPLETED","0:0","pi_jss233","day","1","0","2719"
"27061644_507","27071960","COMPLETED","0:0","pi_jss233","day","1","0","5314"
"27061644_508","27072061","COMPLETED","0:0","pi_jss233","day","1","0","6662"
"27061644_509","27072064","COMPLETED","0:0","pi_jss233","day","1","0","5381"
"27061644_510","27072065","COMPLETED","0:0","pi_jss233","day","1","0","6156"
"27061644_511","27072066","COMPLETED","0:0","pi_jss233","day","1","0","4268"
"27061644_512","27072088","COMPLETED","0:0","pi_jss233","day","1","0","4544"
"27061644_513","27072091","COMPLETED","0:0","pi_jss233","day","1","0","5974"
"27061644_514","27072092","COMPLETED","0:0","pi_jss233","day","1","0","8422"
"27061644_515","27072096","COMPLETED","0:0","pi_jss233","day","1","0","6807"
"27061644_516","27072247","COMPLETED","0:0","pi_jss233","day","1","0","5060"
"27061644_517","27072248","COMPLETED","0:0","pi_jss233","day","1","0","8541"
"27061644_518","27072249","COMPLETED","0:0","pi_jss233","day","1","0","8489"
"27061644_519","27072250","COMPLETED","0:0","pi_jss233","day","1","0","8506"
"27061644_520","27072257","COMPLETED","0:0","pi_jss233","day","1","0","7360"
"27061644_521","27072258","COMPLETED","0:0","pi_jss233","day","1","0","10359"
"27061644_522","27072338","COMPLETED","0:0","pi_jss233","day","1","0","4013"
"27061644_523","27072339","COMPLETED","0:0","pi_jss233","day","1","0","7583"
"27061644_524","27072350","COMPLETED","0:0","pi_jss233","day","1","0","7949"
"27061644_525","27072351","COMPLETED","0:0","pi_jss233","day","1","0","7832"
"27061644_526","27072493","COMPLETED","0:0","pi_jss233","day","1","0","6518"
"27061644_527","27072494","COMPLETED","0:0","pi_jss233","day","1","0","4889"
"27061644_528","27072495","COMPLETED","0:0","pi_jss233","day","1","0","3624"
"27061644_529","27072500","COMPLETED","0:0","pi_jss233","day","1","0","5996"
"27061644_530","27072502","COMPLETED","0:0","pi_jss233","day","1","0","4227"
"27061644_531","27072508","COMPLETED","0:0","pi_jss233","day","1","0","7938"
"27061644_532","27072510","COMPLETED","0:0","pi_jss233","day","1","0","3630"
"27061644_533","27072535","COMPLETED","0:0","pi_jss233","day","1","0","3480"
"27061644_534","27072536","COMPLETED","0:0","pi_jss233","day","1","0","3429"
"27061644_535","27072612","COMPLETED","0:0","pi_jss233","day","1","0","3698"
"27061644_536","27072636","COMPLETED","0:0","pi_jss233","day","1","0","3732"
"27061644_537","27072637","COMPLETED","0:0","pi_jss233","day","1","0","3391"
"27061644_538","27072638","COMPLETED","0:0","pi_jss233","day","1","0","3120"
"27061644_539","27072639","COMPLETED","0:0","pi_jss233","day","1","0","4570"
"27061644_540","27072640","COMPLETED","0:0","pi_jss233","day","1","0","1279"
"27061644_541","27072641","COMPLETED","0:0","pi_jss233","day","1","0","1426"
"27061644_542","27072642","COMPLETED","0:0","pi_jss233","day","1","0","1542"
"27061644_543","27072816","COMPLETED","0:0","pi_jss233","day","1","0","1387"
"27061644_544","27072853","COMPLETED","0:0","pi_jss233","day","1","0","1349"
"27061644_545","27073133","COMPLETED","0:0","pi_jss233","day","1","0","1553"
"27061644_546","27073147","COMPLETED","0:0","pi_jss233","day","1","0","1335"
"27061644_547","27073272","COMPLETED","0:0","pi_jss233","day","1","0","1310"
"27061644_548","27073423","COMPLETED","0:0","pi_jss233","day","1","0","1764"
"27061644_549","27073718","COMPLETED","0:0","pi_jss233","day","1","0","1512"
"27061644_550","27073730","COMPLETED","0:0","pi_jss233","day","1","0","943"
"27061644_551","27074023","COMPLETED","0:0","pi_jss233","day","1","0","852"
"27061644_552","27074038","COMPLETED","0:0","pi_jss233","day","1","0","581"
"27061644_553","27074053","COMPLETED","0:0","pi_jss233","day","1","0","789"
"27061644_554","27074055","COMPLETED","0:0","pi_jss233","day","1","0","956"
"27061644_555","27074056","COMPLETED","0:0","pi_jss233","day","1","0","995"
"27061644_556","27074058","COMPLETED","0:0","pi_jss233","day","1","0","1022"
"27061644_557","27074434","COMPLETED","0:0","pi_jss233","day","1","0","1102"
"27061644_558","27074436","COMPLETED","0:0","pi_jss233","day","1","0","1550"
"27061644_559","27074437","COMPLETED","0:0","pi_jss233","day","1","0","1147"
"27061644_560","27074438","COMPLETED","0:0","pi_jss233","day","1","0","1120"
"27061644_561","27074480","COMPLETED","0:0","pi_jss233","day","1","0","1306"
"27061644_562","27074523","COMPLETED","0:0","pi_jss233","day","1","0","1434"
"27061644_563","27074527","COMPLETED","0:0","pi_jss233","day","1","0","1466"
"27061644_564","27074923","COMPLETED","0:0","pi_jss233","day","1","0","1569"
"27061644_565","27075242","COMPLETED","0:0","pi_jss233","day","1","0","1376"
"27061644_566","27075243","COMPLETED","0:0","pi_jss233","day","1","0","760"
"27061644_567","27075244","COMPLETED","0:0","pi_jss233","day","1","0","705"
"27061644_568","27075245","COMPLETED","0:0","pi_jss233","day","1","0","658"
"27061644_569","27075246","COMPLETED","0:0","pi_jss233","day","1","0","627"
"27061644_570","27075247","COMPLETED","0:0","pi_jss233","day","1","0","1202"
"27061644_571","27075269","COMPLETED","0:0","pi_jss233","day","1","0","1324"
"27061644_572","27075270","COMPLETED","0:0","pi_jss233","day","1","0","1269"
"27061644_573","27075271","COMPLETED","0:0","pi_jss233","day","1","0","1274"
"27061644_574","27075272","COMPLETED","0:0","pi_jss233","day","1","0","1264"
"27061644_575","27075275","COMPLETED","0:0","pi_jss233","day","1","0","1382"
"27061644_576","27075624","COMPLETED","0:0","pi_jss233","day","1","0","831"
"27061644_577","27075625","COMPLETED","0:0","pi_jss233","day","1","0","782"
"27061644_578","27076055","COMPLETED","0:0","pi_jss233","day","1","0","1358"
"27061644_579","27076098","COMPLETED","0:0","pi_jss233","day","1","0","1164"
"27061644_580","27076112","COMPLETED","0:0","pi_jss233","day","1","0","1450"
"27061644_581","27076113","COMPLETED","0:0","pi_jss233","day","1","0","1379"
"27061644_582","27076602","COMPLETED","0:0","pi_jss233","day","1","0","1477"
"27061644_583","27076603","COMPLETED","0:0","pi_jss233","day","1","0","1481"
"27061644_584","27076604","COMPLETED","0:0","pi_jss233","day","1","0","1377"
"27061644_585","27076605","COMPLETED","0:0","pi_jss233","day","1","0","1958"
"27061644_586","27076606","COMPLETED","0:0","pi_jss233","day","1","0","912"
"27061644_587","27076617","COMPLETED","0:0","pi_jss233","day","1","0","1575"
"27061644_588","27076618","COMPLETED","0:0","pi_jss233","day","1","0","1511"
"27061644_589","27077281","COMPLETED","0:0","pi_jss233","day","1","0","1344"
"27061644_590","27077321","COMPLETED","0:0","pi_jss233","day","1","0","1145"
"27061644_591","27077322","COMPLETED","0:0","pi_jss233","day","1","0","1221"
"27061644_592","27078152","COMPLETED","0:0","pi_jss233","day","1","0","1468"
"27061644_593","27078153","COMPLETED","0:0","pi_jss233","day","1","0","1423"
"27061644_594","27078155","COMPLETED","0:0","pi_jss233","day","1","0","443"
"27061644_595","27078156","COMPLETED","0:0","pi_jss233","day","1","0","943"
"27061644_596","27078157","COMPLETED","0:0","pi_jss233","day","1","0","778"
"27061644_597","27078167","COMPLETED","0:0","pi_jss233","day","1","0","457"
"27061644_598","27078960","COMPLETED","0:0","pi_jss233","day","1","0","323"
"27061644_599","27078961","COMPLETED","0:0","pi_jss233","day","1","0","270"
"27061644_600","27078962","COMPLETED","0:0","pi_jss233","day","1","0","358"
"27061644_601","27078963","COMPLETED","0:0","pi_jss233","day","1","0","388"
"27061644_602","27078964","COMPLETED","0:0","pi_jss233","day","1","0","340"
"27061644_603","27078966","COMPLETED","0:0","pi_jss233","day","1","0","821"
"27061644_604","27078970","COMPLETED","0:0","pi_jss233","day","1","0","1091"
"27061644_605","27078987","COMPLETED","0:0","pi_jss233","day","1","0","1239"
"27061644_606","27078988","COMPLETED","0:0","pi_jss233","day","1","0","904"
"27061644_607","27078989","COMPLETED","0:0","pi_jss233","day","1","0","1303"
"27061644_608","27078990","COMPLETED","0:0","pi_jss233","day","1","0","1025"
"27061644_609","27078996","COMPLETED","0:0","pi_jss233","day","1","0","1436"
"27061644_610","27078997","COMPLETED","0:0","pi_jss233","day","1","0","574"
"27061644_611","27078998","COMPLETED","0:0","pi_jss233","day","1","0","1512"
"27061644_612","27078999","COMPLETED","0:0","pi_jss233","day","1","0","588"
"27061644_613","27079539","COMPLETED","0:0","pi_jss233","day","1","0","834"
"27061644_614","27079540","COMPLETED","0:0","pi_jss233","day","1","0","1186"
"27061644_615","27079541","COMPLETED","0:0","pi_jss233","day","1","0","1226"
"27061644_616","27079542","COMPLETED","0:0","pi_jss233","day","1","0","1576"
"27061644_617","27079543","COMPLETED","0:0","pi_jss233","day","1","0","963"
"27061644_618","27079544","COMPLETED","0:0","pi_jss233","day","1","0","1368"
"27061644_619","27079545","COMPLETED","0:0","pi_jss233","day","1","0","1106"
"27061644_620","27079546","COMPLETED","0:0","pi_jss233","day","1","0","691"
"27061644_621","27079547","COMPLETED","0:0","pi_jss233","day","1","0","1100"
"27061644_622","27079548","COMPLETED","0:0","pi_jss233","day","1","0","1265"
"27061644_623","27079549","COMPLETED","0:0","pi_jss233","day","1","0","836"
"27061644_624","27079550","COMPLETED","0:0","pi_jss233","day","1","0","927"
"27061644_625","27079551","COMPLETED","0:0","pi_jss233","day","1","0","1128"
"27061644_626","27079706","COMPLETED","0:0","pi_jss233","day","1","0","1299"
"27061644_627","27079822","COMPLETED","0:0","pi_jss233","day","1","0","1033"
"27061644_628","27079823","COMPLETED","0:0","pi_jss233","day","1","0","459"
"27061644_629","27079824","COMPLETED","0:0","pi_jss233","day","1","0","647"
"27061644_630","27079899","COMPLETED","0:0","pi_jss233","day","1","0","596"
"27061644_631","27079900","COMPLETED","0:0","pi_jss233","day","1","0","1026"
"27061644_632","27079929","COMPLETED","0:0","pi_jss233","day","1","0","799"
"27061644_633","27079932","COMPLETED","0:0","pi_jss233","day","1","0","916"
"27061644_634","27079936","COMPLETED","0:0","pi_jss233","day","1","0","814"
"27061644_635","27079937","COMPLETED","0:0","pi_jss233","day","1","0","1081"
"27061644_636","27079939","COMPLETED","0:0","pi_jss233","day","1","0","1267"
"27061644_637","27079940","COMPLETED","0:0","pi_jss233","day","1","0","879"
"27061644_638","27079941","COMPLETED","0:0","pi_jss233","day","1","0","1498"
"27061644_639","27080140","COMPLETED","0:0","pi_jss233","day","1","0","1212"
"27061644_640","27080159","COMPLETED","0:0","pi_jss233","day","1","0","1196"
"27061644_641","27080162","COMPLETED","0:0","pi_jss233","day","1","0","1499"
"27061644_642","27080163","COMPLETED","0:0","pi_jss233","day","1","0","1496"
"27061644_643","27080164","COMPLETED","0:0","pi_jss233","day","1","0","1478"
"27061644_644","27080166","COMPLETED","0:0","pi_jss233","day","1","0","1472"
"27061644_645","27080167","COMPLETED","0:0","pi_jss233","day","1","0","1770"
"27061644_646","27080168","COMPLETED","0:0","pi_jss233","day","1","0","899"
"27061644_647","27080171","COMPLETED","0:0","pi_jss233","day","1","0","1376"
"27061644_648","27080172","COMPLETED","0:0","pi_jss233","day","1","0","1326"
"27061644_649","27080173","COMPLETED","0:0","pi_jss233","day","1","0","964"
"27061644_650","27080314","COMPLETED","0:0","pi_jss233","day","1","0","1067"
"27061644_651","27080316","COMPLETED","0:0","pi_jss233","day","1","0","1202"
"27061644_652","27080317","COMPLETED","0:0","pi_jss233","day","1","0","1347"
"27061644_653","27080322","COMPLETED","0:0","pi_jss233","day","1","0","1285"
"27061644_654","27080369","COMPLETED","0:0","pi_jss233","day","1","0","901"
"27061644_655","27080370","COMPLETED","0:0","pi_jss233","day","1","0","1358"
"27061644_656","27080371","COMPLETED","0:0","pi_jss233","day","1","0","1217"
"27061644_657","27080372","COMPLETED","0:0","pi_jss233","day","1","0","1609"
"27061644_658","27080373","COMPLETED","0:0","pi_jss233","day","1","0","1412"
"27061644_659","27080384","COMPLETED","0:0","pi_jss233","day","1","0","1108"
"27061644_660","27080385","COMPLETED","0:0","pi_jss233","day","1","0","1210"
"27061644_661","27080386","COMPLETED","0:0","pi_jss233","day","1","0","1031"
"27061644_662","27080388","COMPLETED","0:0","pi_jss233","day","1","0","1261"
"27061644_663","27080394","COMPLETED","0:0","pi_jss233","day","1","0","1138"
"27061644_664","27080433","COMPLETED","0:0","pi_jss233","day","1","0","1125"
"27061644_665","27080434","COMPLETED","0:0","pi_jss233","day","1","0","1112"
"27061644_666","27080435","COMPLETED","0:0","pi_jss233","day","1","0","1142"
"27061644_667","27080470","COMPLETED","0:0","pi_jss233","day","1","0","1039"
"27061644_668","27080471","COMPLETED","0:0","pi_jss233","day","1","0","1290"
"27061644_669","27080472","COMPLETED","0:0","pi_jss233","day","1","0","877"
"27061644_670","27080473","COMPLETED","0:0","pi_jss233","day","1","0","764"
"27061644_671","27080479","COMPLETED","0:0","pi_jss233","day","1","0","1579"
"27061644_672","27080493","COMPLETED","0:0","pi_jss233","day","1","0","1530"
"27061644_673","27080494","COMPLETED","0:0","pi_jss233","day","1","0","1827"
"27061644_674","27080495","COMPLETED","0:0","pi_jss233","day","1","0","709"
"27061644_675","27080496","COMPLETED","0:0","pi_jss233","day","1","0","1185"
"27061644_676","27080521","COMPLETED","0:0","pi_jss233","day","1","0","1293"
"27061644_677","27080522","COMPLETED","0:0","pi_jss233","day","1","0","1435"
"27061644_678","27080523","COMPLETED","0:0","pi_jss233","day","1","0","1899"
"27061644_679","27080555","COMPLETED","0:0","pi_jss233","day","1","0","1455"
"27061644_680","27080574","COMPLETED","0:0","pi_jss233","day","1","0","1070"
"27061644_681","27080576","COMPLETED","0:0","pi_jss233","day","1","0","1367"
"27061644_682","27080579","COMPLETED","0:0","pi_jss233","day","1","0","1465"
"27061644_683","27080582","COMPLETED","0:0","pi_jss233","day","1","0","1415"
"27061644_684","27080585","COMPLETED","0:0","pi_jss233","day","1","0","1105"
"27061644_685","27080646","COMPLETED","0:0","pi_jss233","day","1","0","514"
"27061644_686","27080647","COMPLETED","0:0","pi_jss233","day","1","0","724"
"27061644_687","27080663","COMPLETED","0:0","pi_jss233","day","1","0","723"
"27061644_688","27080666","COMPLETED","0:0","pi_jss233","day","1","0","754"
"27061644_689","27080734","COMPLETED","0:0","pi_jss233","day","1","0","772"
"27061644_690","27080735","COMPLETED","0:0","pi_jss233","day","1","0","1026"
"27061644_691","27080736","COMPLETED","0:0","pi_jss233","day","1","0","895"
"27061644_692","27080741","COMPLETED","0:0","pi_jss233","day","1","0","870"
"27061644_693","27080742","COMPLETED","0:0","pi_jss233","day","1","0","1486"
"27061644_694","27080848","COMPLETED","0:0","pi_jss233","day","1","0","660"
"27061644_695","27080849","COMPLETED","0:0","pi_jss233","day","1","0","811"
"27061644_696","27080850","COMPLETED","0:0","pi_jss233","day","1","0","830"
"27061644_697","27080851","COMPLETED","0:0","pi_jss233","day","1","0","839"
"27061644_698","27080852","COMPLETED","0:0","pi_jss233","day","1","0","858"
"27061644_699","27080853","COMPLETED","0:0","pi_jss233","day","1","0","838"
"27061644_700","27080854","COMPLETED","0:0","pi_jss233","day","1","0","840"
"27061644_701","27080855","COMPLETED","0:0","pi_jss233","day","1","0","838"
"27061644_702","27080856","COMPLETED","0:0","pi_jss233","day","1","0","673"
"27061644_703","27080857","COMPLETED","0:0","pi_jss233","day","1","0","472"
"27061644_704","27080858","COMPLETED","0:0","pi_jss233","day","1","0","1049"
"27061644_705","27080859","COMPLETED","0:0","pi_jss233","day","1","0","656"
"27061644_706","27080861","COMPLETED","0:0","pi_jss233","day","1","0","659"
"27061644_707","27080862","COMPLETED","0:0","pi_jss233","day","1","0","1215"
"27061644_708","27080863","COMPLETED","0:0","pi_jss233","day","1","0","911"
"27061644_709","27080864","COMPLETED","0:0","pi_jss233","day","1","0","1739"
"27061644_710","27080870","COMPLETED","0:0","pi_jss233","day","1","0","1133"
"27061644_711","27080871","COMPLETED","0:0","pi_jss233","day","1","0","1543"
"27061644_712","27080872","COMPLETED","0:0","pi_jss233","day","1","0","1407"
"27061644_713","27080969","COMPLETED","0:0","pi_jss233","day","1","0","1434"
"27061644_714","27080970","COMPLETED","0:0","pi_jss233","day","1","0","1323"
"27061644_715","27080971","COMPLETED","0:0","pi_jss233","day","1","0","1399"
"27061644_716","27081009","COMPLETED","0:0","pi_jss233","day","1","0","1318"
"27061644_717","27081010","COMPLETED","0:0","pi_jss233","day","1","0","1423"
"27061644_718","27081011","COMPLETED","0:0","pi_jss233","day","1","0","1340"
"27061644_719","27081012","COMPLETED","0:0","pi_jss233","day","1","0","1988"
"27061644_720","27081013","COMPLETED","0:0","pi_jss233","day","1","0","1593"
"27061644_721","27081014","COMPLETED","0:0","pi_jss233","day","1","0","1228"
"27061644_722","27081015","COMPLETED","0:0","pi_jss233","day","1","0","878"
"27061644_723","27081054","COMPLETED","0:0","pi_jss233","day","1","0","1361"
"27061644_724","27081056","COMPLETED","0:0","pi_jss233","day","1","0","1349"
"27061644_725","27081086","COMPLETED","0:0","pi_jss233","day","1","0","1577"
"27061644_726","27081087","COMPLETED","0:0","pi_jss233","day","1","0","1057"
"27061644_727","27081088","COMPLETED","0:0","pi_jss233","day","1","0","976"
"27061644_728","27081090","COMPLETED","0:0","pi_jss233","day","1","0","1175"
"27061644_729","27081092","COMPLETED","0:0","pi_jss233","day","1","0","1477"
"27061644_730","27081106","COMPLETED","0:0","pi_jss233","day","1","0","1667"
"27061644_731","27081107","COMPLETED","0:0","pi_jss233","day","1","0","1490"
"27061644_732","27081108","COMPLETED","0:0","pi_jss233","day","1","0","1482"
"27061644_733","27081173","COMPLETED","0:0","pi_jss233","day","1","0","1385"
"27061644_734","27081176","COMPLETED","0:0","pi_jss233","day","1","0","1608"
"27061644_735","27081186","COMPLETED","0:0","pi_jss233","day","1","0","1525"
"27061644_736","27081190","COMPLETED","0:0","pi_jss233","day","1","0","1537"
"27061644_737","27081193","COMPLETED","0:0","pi_jss233","day","1","0","1525"
"27061644_738","27081194","COMPLETED","0:0","pi_jss233","day","1","0","1342"
"27061644_739","27081195","COMPLETED","0:0","pi_jss233","day","1","0","1013"
"27061644_740","27081196","COMPLETED","0:0","pi_jss233","day","1","0","649"
"27061644_741","27081197","COMPLETED","0:0","pi_jss233","day","1","0","891"
"27061644_742","27081266","COMPLETED","0:0","pi_jss233","day","1","0","1263"
"27061644_743","27081278","COMPLETED","0:0","pi_jss233","day","1","0","1988"
"27061644_744","27081279","COMPLETED","0:0","pi_jss233","day","1","0","1338"
"27061644_745","27081280","COMPLETED","0:0","pi_jss233","day","1","0","1806"
"27061644_746","27081321","COMPLETED","0:0","pi_jss233","day","1","0","768"
"27061644_747","27081322","COMPLETED","0:0","pi_jss233","day","1","0","1156"
"27061644_748","27081323","COMPLETED","0:0","pi_jss233","day","1","0","1386"
"27061644_749","27081324","COMPLETED","0:0","pi_jss233","day","1","0","1974"
"27061644_750","27081325","COMPLETED","0:0","pi_jss233","day","1","0","1423"
"27061644_751","27081326","COMPLETED","0:0","pi_jss233","day","1","0","1477"
"27061644_752","27081327","COMPLETED","0:0","pi_jss233","day","1","0","1491"
"27061644_753","27081328","COMPLETED","0:0","pi_jss233","day","1","0","1430"
"27061644_754","27081329","COMPLETED","0:0","pi_jss233","day","1","0","1292"
"27061644_755","27081330","COMPLETED","0:0","pi_jss233","day","1","0","1372"
"27061644_756","27081331","COMPLETED","0:0","pi_jss233","day","1","0","841"
"27061644_757","27081354","COMPLETED","0:0","pi_jss233","day","1","0","572"
"27061644_758","27081355","COMPLETED","0:0","pi_jss233","day","1","0","572"
"27061644_759","27081356","COMPLETED","0:0","pi_jss233","day","1","0","854"
"27061644_760","27081357","COMPLETED","0:0","pi_jss233","day","1","0","1556"
"27061644_761","27081559","COMPLETED","0:0","pi_jss233","day","1","0","1091"
"27061644_762","27081571","COMPLETED","0:0","pi_jss233","day","1","0","941"
"27061644_763","27081572","COMPLETED","0:0","pi_jss233","day","1","0","557"
"27061644_764","27081582","COMPLETED","0:0","pi_jss233","day","1","0","882"
"27061644_765","27081584","COMPLETED","0:0","pi_jss233","day","1","0","687"
"27061644_766","27081585","COMPLETED","0:0","pi_jss233","day","1","0","1582"
"27061644_767","27081630","COMPLETED","0:0","pi_jss233","day","1","0","1305"
"27061644_768","27081641","COMPLETED","0:0","pi_jss233","day","1","0","1447"
"27061644_769","27081648","COMPLETED","0:0","pi_jss233","day","1","0","690"
"27061644_770","27081665","COMPLETED","0:0","pi_jss233","day","1","0","1570"
"27061644_771","27081666","COMPLETED","0:0","pi_jss233","day","1","0","1842"
"27061644_772","27081709","COMPLETED","0:0","pi_jss233","day","1","0","1412"
"27061644_773","27081716","COMPLETED","0:0","pi_jss233","day","1","0","1649"
"27061644_774","27081717","COMPLETED","0:0","pi_jss233","day","1","0","870"
"27061644_775","27081718","COMPLETED","0:0","pi_jss233","day","1","0","922"
"27061644_776","27081721","COMPLETED","0:0","pi_jss233","day","1","0","816"
"27061644_777","27081722","COMPLETED","0:0","pi_jss233","day","1","0","1018"
"27061644_778","27081725","COMPLETED","0:0","pi_jss233","day","1","0","1265"
"27061644_779","27081726","COMPLETED","0:0","pi_jss233","day","1","0","1277"
"27061644_780","27081727","COMPLETED","0:0","pi_jss233","day","1","0","1436"
"27061644_781","27081728","COMPLETED","0:0","pi_jss233","day","1","0","1391"
"27061644_782","27081732","COMPLETED","0:0","pi_jss233","day","1","0","782"
"27061644_783","27081733","COMPLETED","0:0","pi_jss233","day","1","0","1135"
"27061644_784","27081737","COMPLETED","0:0","pi_jss233","day","1","0","783"
"27061644_785","27081782","COMPLETED","0:0","pi_jss233","day","1","0","872"
"27061644_786","27081783","COMPLETED","0:0","pi_jss233","day","1","0","902"
"27061644_787","27081784","COMPLETED","0:0","pi_jss233","day","1","0","1195"
"27061644_788","27081831","COMPLETED","0:0","pi_jss233","day","1","0","914"
"27061644_789","27081832","COMPLETED","0:0","pi_jss233","day","1","0","773"
"27061644_790","27081833","COMPLETED","0:0","pi_jss233","day","1","0","757"
"27061644_791","27081834","COMPLETED","0:0","pi_jss233","day","1","0","812"
"27061644_792","27081835","COMPLETED","0:0","pi_jss233","day","1","0","991"
"27061644_793","27081848","COMPLETED","0:0","pi_jss233","day","1","0","836"
"27061644_794","27081849","COMPLETED","0:0","pi_jss233","day","1","0","1151"
"27061644_795","27081901","COMPLETED","0:0","pi_jss233","day","1","0","1110"
"27061644_796","27081902","COMPLETED","0:0","pi_jss233","day","1","0","1481"
"27061644_797","27081903","COMPLETED","0:0","pi_jss233","day","1","0","1431"
"27061644_798","27081919","COMPLETED","0:0","pi_jss233","day","1","0","1523"
"27061644_799","27081920","COMPLETED","0:0","pi_jss233","day","1","0","1232"
"27061644_800","27081921","COMPLETED","0:0","pi_jss233","day","1","0","1130"
"27061644_801","27081925","COMPLETED","0:0","pi_jss233","day","1","0","1272"
"27061644_802","27081961","COMPLETED","0:0","pi_jss233","day","1","0","1654"
"27061644_803","27081962","COMPLETED","0:0","pi_jss233","day","1","0","1380"
"27061644_804","27081963","COMPLETED","0:0","pi_jss233","day","1","0","1247"
"27061644_805","27081964","COMPLETED","0:0","pi_jss233","day","1","0","1247"
"27061644_806","27081965","COMPLETED","0:0","pi_jss233","day","1","0","1581"
"27061644_807","27081966","COMPLETED","0:0","pi_jss233","day","1","0","1592"
"27061644_808","27081967","COMPLETED","0:0","pi_jss233","day","1","0","1228"
"27061644_809","27082019","COMPLETED","0:0","pi_jss233","day","1","0","1228"
"27061644_810","27082020","COMPLETED","0:0","pi_jss233","day","1","0","1266"
"27061644_811","27082021","COMPLETED","0:0","pi_jss233","day","1","0","743"
"27061644_812","27082022","COMPLETED","0:0","pi_jss233","day","1","0","575"
"27061644_813","27082023","COMPLETED","0:0","pi_jss233","day","1","0","971"
"27061644_814","27082073","COMPLETED","0:0","pi_jss233","day","1","0","744"
"27061644_815","27082074","COMPLETED","0:0","pi_jss233","day","1","0","567"
"27061644_816","27082075","COMPLETED","0:0","pi_jss233","day","1","0","653"
"27061644_817","27082076","COMPLETED","0:0","pi_jss233","day","1","0","636"
"27061644_818","27082078","COMPLETED","0:0","pi_jss233","day","1","0","962"
"27061644_819","27082079","COMPLETED","0:0","pi_jss233","day","1","0","1283"
"27061644_820","27082080","COMPLETED","0:0","pi_jss233","day","1","0","1254"
"27061644_821","27082081","COMPLETED","0:0","pi_jss233","day","1","0","1513"
"27061644_822","27082137","COMPLETED","0:0","pi_jss233","day","1","0","1457"
"27061644_823","27082138","COMPLETED","0:0","pi_jss233","day","1","0","1252"
"27061644_824","27082139","COMPLETED","0:0","pi_jss233","day","1","0","1324"
"27061644_825","27082140","COMPLETED","0:0","pi_jss233","day","1","0","1478"
"27061644_826","27082141","COMPLETED","0:0","pi_jss233","day","1","0","1721"
"27061644_827","27082142","COMPLETED","0:0","pi_jss233","day","1","0","1138"
"27061644_828","27082143","COMPLETED","0:0","pi_jss233","day","1","0","999"
"27061644_829","27082144","COMPLETED","0:0","pi_jss233","day","1","0","927"
"27061644_830","27082167","COMPLETED","0:0","pi_jss233","day","1","0","559"
"27061644_831","27082229","COMPLETED","0:0","pi_jss233","day","1","0","810"
"27061644_832","27082230","COMPLETED","0:0","pi_jss233","day","1","0","784"
"27061644_833","27082232","COMPLETED","0:0","pi_jss233","day","1","0","1255"
"27061644_834","27082233","COMPLETED","0:0","pi_jss233","day","1","0","857"
"27061644_835","27082234","COMPLETED","0:0","pi_jss233","day","1","0","813"
"27061644_836","27082236","COMPLETED","0:0","pi_jss233","day","1","0","1444"
"27061644_837","27082237","COMPLETED","0:0","pi_jss233","day","1","0","1505"
"27061644_838","27082238","COMPLETED","0:0","pi_jss233","day","1","0","1570"
"27061644_839","27082239","COMPLETED","0:0","pi_jss233","day","1","0","1590"
"27061644_840","27082327","COMPLETED","0:0","pi_jss233","day","1","0","1324"
"27061644_841","27082337","COMPLETED","0:0","pi_jss233","day","1","0","1248"
"27061644_842","27082339","COMPLETED","0:0","pi_jss233","day","1","0","1203"
"27061644_843","27082340","COMPLETED","0:0","pi_jss233","day","1","0","1406"
"27061644_844","27082345","COMPLETED","0:0","pi_jss233","day","1","0","1662"
"27061644_845","27082346","COMPLETED","0:0","pi_jss233","day","1","0","1281"
"27061644_846","27082347","COMPLETED","0:0","pi_jss233","day","1","0","1411"
"27061644_847","27082348","COMPLETED","0:0","pi_jss233","day","1","0","586"
"27061644_848","27082349","COMPLETED","0:0","pi_jss233","day","1","0","1369"
"27061644_849","27082350","COMPLETED","0:0","pi_jss233","day","1","0","1777"
"27061644_850","27082351","COMPLETED","0:0","pi_jss233","day","1","0","1783"
"27061644_851","27082352","COMPLETED","0:0","pi_jss233","day","1","0","1727"
"27061644_852","27082353","COMPLETED","0:0","pi_jss233","day","1","0","1423"
"27061644_853","27082354","COMPLETED","0:0","pi_jss233","day","1","0","1223"
"27061644_854","27082414","COMPLETED","0:0","pi_jss233","day","1","0","1411"
"27061644_855","27082416","COMPLETED","0:0","pi_jss233","day","1","0","1518"
"27061644_856","27082428","COMPLETED","0:0","pi_jss233","day","1","0","1736"
"27061644_857","27082429","COMPLETED","0:0","pi_jss233","day","1","0","1533"
"27061644_858","27082430","COMPLETED","0:0","pi_jss233","day","1","0","1683"
"27061644_859","27082432","COMPLETED","0:0","pi_jss233","day","1","0","1470"
"27061644_860","27082433","COMPLETED","0:0","pi_jss233","day","1","0","1682"
"27061644_861","27082434","COMPLETED","0:0","pi_jss233","day","1","0","1472"
"27061644_862","27082436","COMPLETED","0:0","pi_jss233","day","1","0","1595"
"27061644_863","27082437","COMPLETED","0:0","pi_jss233","day","1","0","1814"
"27061644_864","27082487","COMPLETED","0:0","pi_jss233","day","1","0","914"
"27061644_865","27082488","COMPLETED","0:0","pi_jss233","day","1","0","1303"
"27061644_866","27082506","COMPLETED","0:0","pi_jss233","day","1","0","1638"
"27061644_867","27082507","COMPLETED","0:0","pi_jss233","day","1","0","1261"
"27061644_868","27082510","COMPLETED","0:0","pi_jss233","day","1","0","842"
"27061644_869","27082511","COMPLETED","0:0","pi_jss233","day","1","0","1240"
"27061644_870","27082661","COMPLETED","0:0","pi_jss233","day","1","0","1166"
"27061644_871","27082751","COMPLETED","0:0","pi_jss233","day","1","0","1287"
"27061644_872","27082752","COMPLETED","0:0","pi_jss233","day","1","0","1305"
"27061644_873","27082753","COMPLETED","0:0","pi_jss233","day","1","0","885"
"27061644_874","27082754","COMPLETED","0:0","pi_jss233","day","1","0","679"
"27061644_875","27082755","COMPLETED","0:0","pi_jss233","day","1","0","792"
"27061644_876","27082756","COMPLETED","0:0","pi_jss233","day","1","0","728"
"27061644_877","27082757","COMPLETED","0:0","pi_jss233","day","1","0","883"
"27061644_878","27082758","COMPLETED","0:0","pi_jss233","day","1","0","677"
"27061644_879","27082759","COMPLETED","0:0","pi_jss233","day","1","0","987"
"27061644_880","27082760","COMPLETED","0:0","pi_jss233","day","1","0","696"
"27061644_881","27082761","COMPLETED","0:0","pi_jss233","day","1","0","822"
"27061644_882","27082769","COMPLETED","0:0","pi_jss233","day","1","0","567"
"27061644_883","27082771","COMPLETED","0:0","pi_jss233","day","1","0","463"
"27061644_884","27082772","COMPLETED","0:0","pi_jss233","day","1","0","1090"
"27061644_885","27082773","COMPLETED","0:0","pi_jss233","day","1","0","543"
"27061644_886","27082775","COMPLETED","0:0","pi_jss233","day","1","0","1008"
"27061644_887","27082968","COMPLETED","0:0","pi_jss233","day","1","0","1186"
"27061644_888","27082969","COMPLETED","0:0","pi_jss233","day","1","0","372"
"27061644_889","27082970","COMPLETED","0:0","pi_jss233","day","1","0","950"
"27061644_890","27082971","COMPLETED","0:0","pi_jss233","day","1","0","998"
"27061644_891","27083050","COMPLETED","0:0","pi_jss233","day","1","0","1607"
"27061644_892","27083051","COMPLETED","0:0","pi_jss233","day","1","0","882"
"27061644_893","27083052","COMPLETED","0:0","pi_jss233","day","1","0","1418"
"27061644_894","27083053","COMPLETED","0:0","pi_jss233","day","1","0","1112"
"27061644_895","27083054","COMPLETED","0:0","pi_jss233","day","1","0","1269"
"27061644_896","27083055","COMPLETED","0:0","pi_jss233","day","1","0","1597"
"27061644_897","27083197","COMPLETED","0:0","pi_jss233","day","1","0","1072"
"27061644_898","27083198","COMPLETED","0:0","pi_jss233","day","1","0","1096"
"27061644_899","27061644","COMPLETED","0:0","pi_jss233","day","1","0","1108"
