"stratum","opponent","map","pairs","disabledW","disabledD","disabledL","v2W","v2D","v2L","disabledScore","v2Score","pairedScore","pairedWin","disabledStatuses","v2Statuses"
"pinned_supalosa__hfo-bvb","pinned_supalosa","hfo-bvb","36","15","3","18","13","4","19","0.4583333333333333","0.4166666666666667","-0.041666666666666664","-0.05555555555555555","{""baseline_win"":18,""candidate_win"":15,""tick_cap_draw"":3}","{""baseline_win"":19,""candidate_win"":13,""tick_cap_draw"":4}"
"pinned_supalosa__hfo-corners","pinned_supalosa","hfo-corners","36","14","10","12","5","19","12","0.5277777777777778","0.4027777777777778","-0.125","-0.25","{""baseline_win"":12,""candidate_win"":14,""tick_cap_draw"":10}","{""baseline_win"":12,""candidate_win"":5,""tick_cap_draw"":19}"
"pinned_supalosa__hfo-corners-b","pinned_supalosa","hfo-corners-b","36","12","11","13","7","18","11","0.4861111111111111","0.4444444444444444","-0.041666666666666664","-0.1388888888888889","{""baseline_win"":13,""candidate_win"":12,""tick_cap_draw"":11}","{""baseline_win"":11,""candidate_win"":7,""tick_cap_draw"":18}"
"pinned_supalosa__hfo-corners-b-golden","pinned_supalosa","hfo-corners-b-golden","36","16","6","14","5","13","18","0.5277777777777778","0.3194444444444444","-0.20833333333333334","-0.3055555555555556","{""baseline_win"":14,""candidate_win"":16,""tick_cap_draw"":6}","{""baseline_win"":18,""candidate_win"":5,""tick_cap_draw"":13}"
"pinned_supalosa__hfo-golden","pinned_supalosa","hfo-golden","36","17","11","8","10","16","10","0.625","0.5","-0.125","-0.19444444444444445","{""baseline_win"":8,""candidate_win"":17,""tick_cap_draw"":11}","{""baseline_win"":10,""candidate_win"":10,""tick_cap_draw"":16}"
"pinned_supalosa__hfo-le","pinned_supalosa","hfo-le","36","12","14","10","3","27","6","0.5277777777777778","0.4583333333333333","-0.06944444444444445","-0.25","{""baseline_win"":10,""candidate_win"":12,""tick_cap_draw"":14}","{""baseline_win"":6,""candidate_win"":3,""tick_cap_draw"":27}"
"pinned_supalosa__hfo-lvl","pinned_supalosa","hfo-lvl","36","20","9","7","12","11","13","0.6805555555555556","0.4861111111111111","-0.19444444444444445","-0.2222222222222222","{""baseline_win"":7,""candidate_win"":20,""tick_cap_draw"":9}","{""baseline_win"":13,""candidate_win"":12,""tick_cap_draw"":11}"
"pinned_supalosa__hfo-original","pinned_supalosa","hfo-original","36","17","8","11","12","15","9","0.5833333333333334","0.5416666666666666","-0.041666666666666664","-0.1388888888888889","{""baseline_win"":11,""candidate_win"":17,""tick_cap_draw"":8}","{""baseline_win"":9,""candidate_win"":12,""tick_cap_draw"":15}"
"pinned_supalosa__hfo-rvr","pinned_supalosa","hfo-rvr","36","15","19","2","8","26","2","0.6805555555555556","0.5833333333333334","-0.09722222222222222","-0.19444444444444445","{""baseline_win"":2,""candidate_win"":15,""tick_cap_draw"":19}","{""baseline_win"":2,""candidate_win"":8,""tick_cap_draw"":26}"
"pinned_supalosa__hfo-tvt","pinned_supalosa","hfo-tvt","36","8","18","10","12","15","9","0.4722222222222222","0.5416666666666666","0.06944444444444445","0.1111111111111111","{""baseline_win"":10,""candidate_win"":8,""tick_cap_draw"":18}","{""baseline_win"":9,""candidate_win"":12,""tick_cap_draw"":15}"
"pinned_supalosa__pacific-heights","pinned_supalosa","pacific-heights","36","23","11","2","21","10","5","0.7916666666666666","0.7222222222222222","-0.06944444444444445","-0.05555555555555555","{""baseline_win"":2,""candidate_win"":23,""tick_cap_draw"":11}","{""baseline_win"":5,""candidate_win"":21,""tick_cap_draw"":10}"
"pinned_supalosa__peak","pinned_supalosa","peak","36","25","7","4","22","9","5","0.7916666666666666","0.7361111111111112","-0.05555555555555555","-0.08333333333333333","{""baseline_win"":4,""candidate_win"":25,""tick_cap_draw"":7}","{""baseline_win"":5,""candidate_win"":22,""tick_cap_draw"":9}"
"pinned_supalosa__south-pacific","pinned_supalosa","south-pacific","36","0","28","8","0","27","9","0.3888888888888889","0.375","-0.013888888888888888","0","{""baseline_win"":8,""engine_nonliteral_termination_draw"":7,""tick_cap_draw"":21}","{""baseline_win"":9,""engine_nonliteral_termination_draw"":5,""tick_cap_draw"":22}"
"pinned_supalosa__south-pacific-2","pinned_supalosa","south-pacific-2","36","3","29","4","1","29","6","0.4861111111111111","0.4305555555555556","-0.05555555555555555","-0.05555555555555555","{""baseline_win"":4,""candidate_win"":3,""tick_cap_draw"":29}","{""baseline_win"":6,""candidate_win"":1,""engine_nonliteral_termination_draw"":2,""tick_cap_draw"":27}"
"pinned_supalosa__tour-of-egypt","pinned_supalosa","tour-of-egypt","36","4","0","32","9","0","27","0.1111111111111111","0.25","0.1388888888888889","0.1388888888888889","{""baseline_win"":32,""candidate_win"":4}","{""baseline_win"":27,""candidate_win"":9}"
"ra2web_advanced__hfo-bvb","ra2web_advanced","hfo-bvb","36","16","17","3","4","24","8","0.6805555555555556","0.4444444444444444","-0.2361111111111111","-0.3333333333333333","{""baseline_win"":3,""candidate_win"":16,""tick_cap_draw"":17}","{""baseline_win"":8,""candidate_win"":4,""tick_cap_draw"":24}"
"ra2web_advanced__hfo-corners","ra2web_advanced","hfo-corners","36","9","25","2","5","25","6","0.5972222222222222","0.4861111111111111","-0.1111111111111111","-0.1111111111111111","{""baseline_win"":2,""candidate_win"":9,""tick_cap_draw"":25}","{""baseline_win"":6,""candidate_win"":5,""tick_cap_draw"":25}"
"ra2web_advanced__hfo-corners-b","ra2web_advanced","hfo-corners-b","36","7","27","2","12","24","0","0.5694444444444444","0.6666666666666666","0.09722222222222222","0.1388888888888889","{""baseline_win"":2,""candidate_win"":7,""tick_cap_draw"":27}","{""candidate_win"":12,""tick_cap_draw"":24}"
"ra2web_advanced__hfo-corners-b-golden","ra2web_advanced","hfo-corners-b-golden","36","9","25","2","4","29","3","0.5972222222222222","0.5138888888888888","-0.08333333333333333","-0.1388888888888889","{""baseline_win"":2,""candidate_win"":9,""tick_cap_draw"":25}","{""baseline_win"":3,""candidate_win"":4,""tick_cap_draw"":29}"
"ra2web_advanced__hfo-golden","ra2web_advanced","hfo-golden","36","14","17","5","8","16","12","0.625","0.4444444444444444","-0.18055555555555555","-0.16666666666666666","{""baseline_win"":5,""candidate_win"":14,""tick_cap_draw"":17}","{""baseline_win"":12,""candidate_win"":8,""tick_cap_draw"":16}"
"ra2web_advanced__hfo-le","ra2web_advanced","hfo-le","36","8","23","5","9","23","4","0.5416666666666666","0.5694444444444444","0.027777777777777776","0.027777777777777776","{""baseline_win"":5,""candidate_win"":8,""tick_cap_draw"":23}","{""baseline_win"":4,""candidate_win"":9,""tick_cap_draw"":23}"
"ra2web_advanced__hfo-lvl","ra2web_advanced","hfo-lvl","36","5","24","7","6","25","5","0.4722222222222222","0.5138888888888888","0.041666666666666664","0.027777777777777776","{""baseline_win"":7,""candidate_win"":5,""tick_cap_draw"":24}","{""baseline_win"":5,""candidate_win"":6,""tick_cap_draw"":25}"
"ra2web_advanced__hfo-original","ra2web_advanced","hfo-original","36","13","21","2","10","18","8","0.6527777777777778","0.5277777777777778","-0.125","-0.08333333333333333","{""baseline_win"":2,""candidate_win"":13,""tick_cap_draw"":21}","{""baseline_win"":8,""candidate_win"":10,""tick_cap_draw"":18}"
"ra2web_advanced__hfo-rvr","ra2web_advanced","hfo-rvr","36","7","27","2","6","28","2","0.5694444444444444","0.5555555555555556","-0.013888888888888888","-0.027777777777777776","{""baseline_win"":2,""candidate_win"":7,""tick_cap_draw"":27}","{""baseline_win"":2,""candidate_win"":6,""tick_cap_draw"":28}"
"ra2web_advanced__hfo-tvt","ra2web_advanced","hfo-tvt","36","19","14","3","12","20","4","0.7222222222222222","0.6111111111111112","-0.1111111111111111","-0.19444444444444445","{""baseline_win"":3,""candidate_win"":19,""tick_cap_draw"":14}","{""baseline_win"":4,""candidate_win"":12,""tick_cap_draw"":20}"
